file,label
D:\major project\dataset\face only\FF_Face_only_data\819.mp4,REAL
D:\major project\dataset\face only\FF_Face_only_data\821.mp4,REAL
D:\major project\dataset\face only\FF_Face_only_data\821_812.mp4,FAKE
D:\major project\dataset\face only\FF_Face_only_data\823_584.mp4,FAKE
D:\major project\dataset\face only\FF_Face_only_data\824.mp4,REAL
D:\major project\dataset\face only\FF_Face_only_data\824_419.mp4,FAKE
D:\major project\dataset\face only\FF_Face_only_data\825.mp4,REAL
D:\major project\dataset\face only\FF_Face_only_data\825_074.mp4,FAKE
D:\major project\dataset\face only\FF_Face_only_data\826.mp4,REAL
D:\major project\dataset\face only\FF_Face_only_data\826_833.mp4,FAKE
D:\major project\dataset\face only\FF_Face_only_data\827.mp4,REAL
D:\major project\dataset\face only\FF_Face_only_data\827_817.mp4,FAKE
D:\major project\dataset\face only\FF_Face_only_data\830.mp4,REAL
D:\major project\dataset\face only\FF_Face_only_data\830_828.mp4,FAKE
D:\major project\dataset\face only\FF_Face_only_data\831.mp4,REAL
D:\major project\dataset\face only\FF_Face_only_data\831_508.mp4,FAKE
D:\major project\dataset\face only\FF_Face_only_data\832.mp4,REAL
D:\major project\dataset\face only\FF_Face_only_data\832_762.mp4,FAKE
D:\major project\dataset\face only\FF_Face_only_data\833.mp4,REAL
D:\major project\dataset\face only\FF_Face_only_data\833_826.mp4,FAKE
D:\major project\dataset\face only\FF_Face_only_data\834_852.mp4,FAKE
D:\major project\dataset\face only\FF_Face_only_data\835.mp4,REAL
D:\major project\dataset\face only\FF_Face_only_data\835_651.mp4,FAKE
D:\major project\dataset\face only\FF_Face_only_data\836.mp4,REAL
D:\major project\dataset\face only\FF_Face_only_data\836_950.mp4,FAKE
D:\major project\dataset\face only\FF_Face_only_data\837.mp4,REAL
D:\major project\dataset\face only\FF_Face_only_data\837_890.mp4,FAKE
D:\major project\dataset\face only\FF_Face_only_data\838.mp4,REAL
D:\major project\dataset\face only\FF_Face_only_data\838_810.mp4,FAKE
D:\major project\dataset\face only\FF_Face_only_data\839.mp4,REAL
D:\major project\dataset\face only\FF_Face_only_data\839_864.mp4,FAKE
D:\major project\dataset\face only\FF_Face_only_data\840.mp4,REAL
D:\major project\dataset\face only\FF_Face_only_data\841_639.mp4,FAKE
D:\major project\dataset\face only\FF_Face_only_data\842.mp4,REAL
D:\major project\dataset\face only\FF_Face_only_data\842_714.mp4,FAKE
D:\major project\dataset\face only\FF_Face_only_data\843.mp4,REAL
D:\major project\dataset\face only\FF_Face_only_data\843_859.mp4,FAKE
D:\major project\dataset\face only\FF_Face_only_data\844.mp4,REAL
D:\major project\dataset\face only\FF_Face_only_data\844_797.mp4,FAKE
D:\major project\dataset\face only\FF_Face_only_data\845.mp4,REAL
D:\major project\dataset\face only\FF_Face_only_data\845_846.mp4,FAKE
D:\major project\dataset\face only\FF_Face_only_data\846.mp4,REAL
D:\major project\dataset\face only\FF_Face_only_data\846_845.mp4,FAKE
D:\major project\dataset\face only\FF_Face_only_data\847.mp4,REAL
D:\major project\dataset\face only\FF_Face_only_data\847_906.mp4,FAKE
D:\major project\dataset\face only\FF_Face_only_data\848.mp4,REAL
D:\major project\dataset\face only\FF_Face_only_data\848_894.mp4,FAKE
D:\major project\dataset\face only\FF_Face_only_data\849_771.mp4,FAKE
D:\major project\dataset\face only\FF_Face_only_data\850.mp4,REAL
D:\major project\dataset\face only\FF_Face_only_data\850_764.mp4,FAKE
D:\major project\dataset\face only\FF_Face_only_data\851.mp4,REAL
D:\major project\dataset\face only\FF_Face_only_data\851_552.mp4,FAKE
D:\major project\dataset\face only\FF_Face_only_data\852.mp4,REAL
D:\major project\dataset\face only\FF_Face_only_data\852_834.mp4,FAKE
D:\major project\dataset\face only\FF_Face_only_data\853.mp4,REAL
D:\major project\dataset\face only\FF_Face_only_data\853_863.mp4,FAKE
D:\major project\dataset\face only\FF_Face_only_data\854.mp4,REAL
D:\major project\dataset\face only\FF_Face_only_data\854_747.mp4,FAKE
D:\major project\dataset\face only\FF_Face_only_data\855.mp4,REAL
D:\major project\dataset\face only\FF_Face_only_data\855_801.mp4,FAKE
D:\major project\dataset\face only\FF_Face_only_data\856.mp4,REAL
D:\major project\dataset\face only\FF_Face_only_data\856_881.mp4,FAKE
D:\major project\dataset\face only\FF_Face_only_data\857.mp4,REAL
D:\major project\dataset\face only\FF_Face_only_data\857_909.mp4,FAKE
D:\major project\dataset\face only\FF_Face_only_data\858.mp4,REAL
D:\major project\dataset\face only\FF_Face_only_data\858_861.mp4,FAKE
D:\major project\dataset\face only\FF_Face_only_data\859.mp4,REAL
D:\major project\dataset\face only\FF_Face_only_data\859_843.mp4,FAKE
D:\major project\dataset\face only\FF_Face_only_data\860.mp4,REAL
D:\major project\dataset\face only\FF_Face_only_data\860_905.mp4,FAKE
D:\major project\dataset\face only\FF_Face_only_data\861.mp4,REAL
D:\major project\dataset\face only\FF_Face_only_data\861_858.mp4,FAKE
D:\major project\dataset\face only\FF_Face_only_data\862.mp4,REAL
D:\major project\dataset\face only\FF_Face_only_data\862_047.mp4,FAKE
D:\major project\dataset\face only\FF_Face_only_data\863.mp4,REAL
D:\major project\dataset\face only\FF_Face_only_data\863_853.mp4,FAKE
D:\major project\dataset\face only\FF_Face_only_data\864.mp4,REAL
D:\major project\dataset\face only\FF_Face_only_data\864_839.mp4,FAKE
D:\major project\dataset\face only\FF_Face_only_data\865.mp4,REAL
D:\major project\dataset\face only\FF_Face_only_data\865_739.mp4,FAKE
D:\major project\dataset\face only\FF_Face_only_data\866.mp4,REAL
D:\major project\dataset\face only\FF_Face_only_data\866_878.mp4,FAKE
D:\major project\dataset\face only\FF_Face_only_data\867.mp4,REAL
D:\major project\dataset\face only\FF_Face_only_data\867_765.mp4,FAKE
D:\major project\dataset\face only\FF_Face_only_data\868.mp4,REAL
D:\major project\dataset\face only\FF_Face_only_data\868_949.mp4,FAKE
D:\major project\dataset\face only\FF_Face_only_data\869.mp4,REAL
D:\major project\dataset\face only\FF_Face_only_data\869_780.mp4,FAKE
D:\major project\dataset\face only\FF_Face_only_data\870.mp4,REAL
D:\major project\dataset\face only\FF_Face_only_data\870_001.mp4,FAKE
D:\major project\dataset\face only\FF_Face_only_data\871.mp4,REAL
D:\major project\dataset\face only\FF_Face_only_data\871_814.mp4,FAKE
D:\major project\dataset\face only\FF_Face_only_data\872.mp4,REAL
D:\major project\dataset\face only\FF_Face_only_data\872_873.mp4,FAKE
D:\major project\dataset\face only\FF_Face_only_data\873.mp4,REAL
D:\major project\dataset\face only\FF_Face_only_data\873_872.mp4,FAKE
D:\major project\dataset\face only\FF_Face_only_data\874.mp4,REAL
D:\major project\dataset\face only\FF_Face_only_data\874_291.mp4,FAKE
D:\major project\dataset\face only\FF_Face_only_data\875.mp4,REAL
D:\major project\dataset\face only\FF_Face_only_data\875_979.mp4,FAKE
D:\major project\dataset\face only\FF_Face_only_data\876.mp4,REAL
D:\major project\dataset\face only\FF_Face_only_data\876_891.mp4,FAKE
D:\major project\dataset\face only\FF_Face_only_data\877.mp4,REAL
D:\major project\dataset\face only\FF_Face_only_data\877_886.mp4,FAKE
D:\major project\dataset\face only\FF_Face_only_data\878.mp4,REAL
D:\major project\dataset\face only\FF_Face_only_data\878_866.mp4,FAKE
D:\major project\dataset\face only\FF_Face_only_data\879.mp4,REAL
D:\major project\dataset\face only\FF_Face_only_data\879_963.mp4,FAKE
D:\major project\dataset\face only\FF_Face_only_data\880.mp4,REAL
D:\major project\dataset\face only\FF_Face_only_data\880_135.mp4,FAKE
D:\major project\dataset\face only\FF_Face_only_data\881.mp4,REAL
D:\major project\dataset\face only\FF_Face_only_data\881_856.mp4,FAKE
D:\major project\dataset\face only\FF_Face_only_data\882.mp4,REAL
D:\major project\dataset\face only\FF_Face_only_data\882_952.mp4,FAKE
D:\major project\dataset\face only\FF_Face_only_data\883.mp4,REAL
D:\major project\dataset\face only\FF_Face_only_data\883_013.mp4,FAKE
D:\major project\dataset\face only\FF_Face_only_data\884.mp4,REAL
D:\major project\dataset\face only\FF_Face_only_data\884_968.mp4,FAKE
D:\major project\dataset\face only\FF_Face_only_data\885.mp4,REAL
D:\major project\dataset\face only\FF_Face_only_data\885_802.mp4,FAKE
D:\major project\dataset\face only\FF_Face_only_data\886.mp4,REAL
D:\major project\dataset\face only\FF_Face_only_data\886_877.mp4,FAKE
D:\major project\dataset\face only\FF_Face_only_data\887.mp4,REAL
D:\major project\dataset\face only\FF_Face_only_data\887_275.mp4,FAKE
D:\major project\dataset\face only\FF_Face_only_data\888.mp4,REAL
D:\major project\dataset\face only\FF_Face_only_data\888_937.mp4,FAKE
D:\major project\dataset\face only\FF_Face_only_data\889.mp4,REAL
D:\major project\dataset\face only\FF_Face_only_data\889_045.mp4,FAKE
D:\major project\dataset\face only\FF_Face_only_data\890.mp4,REAL
D:\major project\dataset\face only\FF_Face_only_data\890_837.mp4,FAKE
D:\major project\dataset\face only\FF_Face_only_data\891.mp4,REAL
D:\major project\dataset\face only\FF_Face_only_data\891_876.mp4,FAKE
D:\major project\dataset\face only\FF_Face_only_data\892.mp4,REAL
D:\major project\dataset\face only\FF_Face_only_data\892_112.mp4,FAKE
D:\major project\dataset\face only\FF_Face_only_data\893.mp4,REAL
D:\major project\dataset\face only\FF_Face_only_data\893_913.mp4,FAKE
D:\major project\dataset\face only\FF_Face_only_data\894.mp4,REAL
D:\major project\dataset\face only\FF_Face_only_data\894_848.mp4,FAKE
D:\major project\dataset\face only\FF_Face_only_data\895.mp4,REAL
D:\major project\dataset\face only\FF_Face_only_data\895_915.mp4,FAKE
D:\major project\dataset\face only\FF_Face_only_data\896.mp4,REAL
D:\major project\dataset\face only\FF_Face_only_data\896_128.mp4,FAKE
D:\major project\dataset\face only\FF_Face_only_data\897.mp4,REAL
D:\major project\dataset\face only\FF_Face_only_data\897_969.mp4,FAKE
D:\major project\dataset\face only\FF_Face_only_data\898.mp4,REAL
D:\major project\dataset\face only\FF_Face_only_data\898_922.mp4,FAKE
D:\major project\dataset\face only\FF_Face_only_data\899.mp4,REAL
D:\major project\dataset\face only\FF_Face_only_data\899_914.mp4,FAKE
D:\major project\dataset\face only\FF_Face_only_data\900.mp4,REAL
D:\major project\dataset\face only\FF_Face_only_data\900_926.mp4,FAKE
D:\major project\dataset\face only\FF_Face_only_data\901.mp4,REAL
D:\major project\dataset\face only\FF_Face_only_data\901_902.mp4,FAKE
D:\major project\dataset\face only\FF_Face_only_data\902.mp4,REAL
D:\major project\dataset\face only\FF_Face_only_data\902_901.mp4,FAKE
D:\major project\dataset\face only\FF_Face_only_data\903.mp4,REAL
D:\major project\dataset\face only\FF_Face_only_data\903_792.mp4,FAKE
D:\major project\dataset\face only\FF_Face_only_data\904.mp4,REAL
D:\major project\dataset\face only\FF_Face_only_data\904_046.mp4,FAKE
D:\major project\dataset\face only\FF_Face_only_data\905.mp4,REAL
D:\major project\dataset\face only\FF_Face_only_data\905_860.mp4,FAKE
D:\major project\dataset\face only\FF_Face_only_data\906.mp4,REAL
D:\major project\dataset\face only\FF_Face_only_data\906_847.mp4,FAKE
D:\major project\dataset\face only\FF_Face_only_data\907.mp4,REAL
D:\major project\dataset\face only\FF_Face_only_data\907_795.mp4,FAKE
D:\major project\dataset\face only\FF_Face_only_data\908.mp4,REAL
D:\major project\dataset\face only\FF_Face_only_data\908_207.mp4,FAKE
D:\major project\dataset\face only\FF_Face_only_data\909.mp4,REAL
D:\major project\dataset\face only\FF_Face_only_data\909_857.mp4,FAKE
D:\major project\dataset\face only\FF_Face_only_data\910.mp4,REAL
D:\major project\dataset\face only\FF_Face_only_data\910_911.mp4,FAKE
D:\major project\dataset\face only\FF_Face_only_data\911.mp4,REAL
D:\major project\dataset\face only\FF_Face_only_data\911_910.mp4,FAKE
D:\major project\dataset\face only\FF_Face_only_data\912.mp4,REAL
D:\major project\dataset\face only\FF_Face_only_data\912_927.mp4,FAKE
D:\major project\dataset\face only\FF_Face_only_data\913.mp4,REAL
D:\major project\dataset\face only\FF_Face_only_data\913_893.mp4,FAKE
D:\major project\dataset\face only\FF_Face_only_data\914.mp4,REAL
D:\major project\dataset\face only\FF_Face_only_data\914_899.mp4,FAKE
D:\major project\dataset\face only\FF_Face_only_data\915.mp4,REAL
D:\major project\dataset\face only\FF_Face_only_data\915_895.mp4,FAKE
D:\major project\dataset\face only\FF_Face_only_data\916.mp4,REAL
D:\major project\dataset\face only\FF_Face_only_data\916_783.mp4,FAKE
D:\major project\dataset\face only\FF_Face_only_data\917.mp4,REAL
D:\major project\dataset\face only\FF_Face_only_data\917_924.mp4,FAKE
D:\major project\dataset\face only\FF_Face_only_data\918.mp4,REAL
D:\major project\dataset\face only\FF_Face_only_data\918_934.mp4,FAKE
D:\major project\dataset\face only\FF_Face_only_data\919.mp4,REAL
D:\major project\dataset\face only\FF_Face_only_data\919_015.mp4,FAKE
D:\major project\dataset\face only\FF_Face_only_data\920.mp4,REAL
D:\major project\dataset\face only\FF_Face_only_data\920_811.mp4,FAKE
D:\major project\dataset\face only\FF_Face_only_data\921.mp4,REAL
D:\major project\dataset\face only\FF_Face_only_data\921_569.mp4,FAKE
D:\major project\dataset\face only\FF_Face_only_data\922.mp4,REAL
D:\major project\dataset\face only\FF_Face_only_data\922_898.mp4,FAKE
D:\major project\dataset\face only\FF_Face_only_data\923.mp4,REAL
D:\major project\dataset\face only\FF_Face_only_data\923_023.mp4,FAKE
D:\major project\dataset\face only\FF_Face_only_data\924.mp4,REAL
D:\major project\dataset\face only\FF_Face_only_data\924_917.mp4,FAKE
D:\major project\dataset\face only\FF_Face_only_data\925.mp4,REAL
D:\major project\dataset\face only\FF_Face_only_data\925_933.mp4,FAKE
D:\major project\dataset\face only\FF_Face_only_data\926.mp4,REAL
D:\major project\dataset\face only\FF_Face_only_data\926_900.mp4,FAKE
D:\major project\dataset\face only\FF_Face_only_data\927.mp4,REAL
D:\major project\dataset\face only\FF_Face_only_data\927_912.mp4,FAKE
D:\major project\dataset\face only\FF_Face_only_data\928.mp4,REAL
D:\major project\dataset\face only\FF_Face_only_data\928_160.mp4,FAKE
D:\major project\dataset\face only\FF_Face_only_data\929.mp4,REAL
D:\major project\dataset\face only\FF_Face_only_data\929_962.mp4,FAKE
D:\major project\dataset\face only\FF_Face_only_data\930.mp4,REAL
D:\major project\dataset\face only\FF_Face_only_data\930_763.mp4,FAKE
D:\major project\dataset\face only\FF_Face_only_data\931.mp4,REAL
D:\major project\dataset\face only\FF_Face_only_data\931_936.mp4,FAKE
D:\major project\dataset\face only\FF_Face_only_data\932.mp4,REAL
D:\major project\dataset\face only\FF_Face_only_data\932_384.mp4,FAKE
D:\major project\dataset\face only\FF_Face_only_data\933.mp4,REAL
D:\major project\dataset\face only\FF_Face_only_data\933_925.mp4,FAKE
D:\major project\dataset\face only\FF_Face_only_data\934.mp4,REAL
D:\major project\dataset\face only\FF_Face_only_data\934_918.mp4,FAKE
D:\major project\dataset\face only\FF_Face_only_data\935.mp4,REAL
D:\major project\dataset\face only\FF_Face_only_data\935_733.mp4,FAKE
D:\major project\dataset\face only\FF_Face_only_data\936.mp4,REAL
D:\major project\dataset\face only\FF_Face_only_data\936_931.mp4,FAKE
D:\major project\dataset\face only\FF_Face_only_data\937.mp4,REAL
D:\major project\dataset\face only\FF_Face_only_data\937_888.mp4,FAKE
D:\major project\dataset\face only\FF_Face_only_data\938.mp4,REAL
D:\major project\dataset\face only\FF_Face_only_data\938_987.mp4,FAKE
D:\major project\dataset\face only\FF_Face_only_data\939.mp4,REAL
D:\major project\dataset\face only\FF_Face_only_data\939_115.mp4,FAKE
D:\major project\dataset\face only\FF_Face_only_data\940.mp4,REAL
D:\major project\dataset\face only\FF_Face_only_data\940_941.mp4,FAKE
D:\major project\dataset\face only\FF_Face_only_data\941.mp4,REAL
D:\major project\dataset\face only\FF_Face_only_data\941_940.mp4,FAKE
D:\major project\dataset\face only\FF_Face_only_data\942.mp4,REAL
D:\major project\dataset\face only\FF_Face_only_data\942_943.mp4,FAKE
D:\major project\dataset\face only\FF_Face_only_data\943.mp4,REAL
D:\major project\dataset\face only\FF_Face_only_data\943_942.mp4,FAKE
D:\major project\dataset\face only\FF_Face_only_data\944.mp4,REAL
D:\major project\dataset\face only\FF_Face_only_data\944_032.mp4,FAKE
D:\major project\dataset\face only\FF_Face_only_data\945.mp4,REAL
D:\major project\dataset\face only\FF_Face_only_data\945_044.mp4,FAKE
D:\major project\dataset\face only\FF_Face_only_data\946.mp4,REAL
D:\major project\dataset\face only\FF_Face_only_data\946_049.mp4,FAKE
D:\major project\dataset\face only\FF_Face_only_data\947.mp4,REAL
D:\major project\dataset\face only\FF_Face_only_data\947_951.mp4,FAKE
D:\major project\dataset\face only\FF_Face_only_data\948.mp4,REAL
D:\major project\dataset\face only\FF_Face_only_data\948_965.mp4,FAKE
D:\major project\dataset\face only\FF_Face_only_data\949.mp4,REAL
D:\major project\dataset\face only\FF_Face_only_data\949_868.mp4,FAKE
D:\major project\dataset\face only\FF_Face_only_data\950.mp4,REAL
D:\major project\dataset\face only\FF_Face_only_data\950_836.mp4,FAKE
D:\major project\dataset\face only\FF_Face_only_data\951.mp4,REAL
D:\major project\dataset\face only\FF_Face_only_data\951_947.mp4,FAKE
D:\major project\dataset\face only\FF_Face_only_data\952.mp4,REAL
D:\major project\dataset\face only\FF_Face_only_data\952_882.mp4,FAKE
D:\major project\dataset\face only\FF_Face_only_data\953.mp4,REAL
D:\major project\dataset\face only\FF_Face_only_data\953_974.mp4,FAKE
D:\major project\dataset\face only\FF_Face_only_data\954.mp4,REAL
D:\major project\dataset\face only\FF_Face_only_data\954_976.mp4,FAKE
D:\major project\dataset\face only\FF_Face_only_data\955.mp4,REAL
D:\major project\dataset\face only\FF_Face_only_data\955_078.mp4,FAKE
D:\major project\dataset\face only\FF_Face_only_data\956.mp4,REAL
D:\major project\dataset\face only\FF_Face_only_data\956_958.mp4,FAKE
D:\major project\dataset\face only\FF_Face_only_data\957.mp4,REAL
D:\major project\dataset\face only\FF_Face_only_data\957_959.mp4,FAKE
D:\major project\dataset\face only\FF_Face_only_data\958.mp4,REAL
D:\major project\dataset\face only\FF_Face_only_data\958_956.mp4,FAKE
D:\major project\dataset\face only\FF_Face_only_data\959.mp4,REAL
D:\major project\dataset\face only\FF_Face_only_data\959_957.mp4,FAKE
D:\major project\dataset\face only\FF_Face_only_data\960.mp4,REAL
D:\major project\dataset\face only\FF_Face_only_data\960_999.mp4,FAKE
D:\major project\dataset\face only\FF_Face_only_data\961.mp4,REAL
D:\major project\dataset\face only\FF_Face_only_data\961_069.mp4,FAKE
D:\major project\dataset\face only\FF_Face_only_data\962.mp4,REAL
D:\major project\dataset\face only\FF_Face_only_data\962_929.mp4,FAKE
D:\major project\dataset\face only\FF_Face_only_data\963.mp4,REAL
D:\major project\dataset\face only\FF_Face_only_data\963_879.mp4,FAKE
D:\major project\dataset\face only\FF_Face_only_data\964.mp4,REAL
D:\major project\dataset\face only\FF_Face_only_data\964_174.mp4,FAKE
D:\major project\dataset\face only\FF_Face_only_data\965_948.mp4,FAKE
D:\major project\dataset\face only\FF_Face_only_data\966.mp4,REAL
D:\major project\dataset\face only\FF_Face_only_data\966_988.mp4,FAKE
D:\major project\dataset\face only\FF_Face_only_data\967.mp4,REAL
D:\major project\dataset\face only\FF_Face_only_data\967_984.mp4,FAKE
D:\major project\dataset\face only\FF_Face_only_data\968.mp4,REAL
D:\major project\dataset\face only\FF_Face_only_data\968_884.mp4,FAKE
D:\major project\dataset\face only\FF_Face_only_data\969.mp4,REAL
D:\major project\dataset\face only\FF_Face_only_data\969_897.mp4,FAKE
D:\major project\dataset\face only\FF_Face_only_data\970.mp4,REAL
D:\major project\dataset\face only\FF_Face_only_data\970_973.mp4,FAKE
D:\major project\dataset\face only\FF_Face_only_data\971.mp4,REAL
D:\major project\dataset\face only\FF_Face_only_data\971_564.mp4,FAKE
D:\major project\dataset\face only\FF_Face_only_data\972.mp4,REAL
D:\major project\dataset\face only\FF_Face_only_data\972_718.mp4,FAKE
D:\major project\dataset\face only\FF_Face_only_data\973.mp4,REAL
D:\major project\dataset\face only\FF_Face_only_data\973_970.mp4,FAKE
D:\major project\dataset\face only\FF_Face_only_data\974.mp4,REAL
D:\major project\dataset\face only\FF_Face_only_data\974_953.mp4,FAKE
D:\major project\dataset\face only\FF_Face_only_data\975.mp4,REAL
D:\major project\dataset\face only\FF_Face_only_data\975_978.mp4,FAKE
D:\major project\dataset\face only\FF_Face_only_data\976.mp4,REAL
D:\major project\dataset\face only\FF_Face_only_data\976_954.mp4,FAKE
D:\major project\dataset\face only\FF_Face_only_data\977.mp4,REAL
D:\major project\dataset\face only\FF_Face_only_data\977_075.mp4,FAKE
D:\major project\dataset\face only\FF_Face_only_data\978.mp4,REAL
D:\major project\dataset\face only\FF_Face_only_data\978_975.mp4,FAKE
D:\major project\dataset\face only\FF_Face_only_data\979.mp4,REAL
D:\major project\dataset\face only\FF_Face_only_data\979_875.mp4,FAKE
D:\major project\dataset\face only\FF_Face_only_data\980.mp4,REAL
D:\major project\dataset\face only\FF_Face_only_data\980_992.mp4,FAKE
D:\major project\dataset\face only\FF_Face_only_data\981.mp4,REAL
D:\major project\dataset\face only\FF_Face_only_data\981_985.mp4,FAKE
D:\major project\dataset\face only\FF_Face_only_data\982.mp4,REAL
D:\major project\dataset\face only\FF_Face_only_data\982_004.mp4,FAKE
D:\major project\dataset\face only\FF_Face_only_data\983.mp4,REAL
D:\major project\dataset\face only\FF_Face_only_data\983_113.mp4,FAKE
D:\major project\dataset\face only\FF_Face_only_data\984.mp4,REAL
D:\major project\dataset\face only\FF_Face_only_data\984_967.mp4,FAKE
D:\major project\dataset\face only\FF_Face_only_data\985.mp4,REAL
D:\major project\dataset\face only\FF_Face_only_data\985_981.mp4,FAKE
D:\major project\dataset\face only\FF_Face_only_data\986.mp4,REAL
D:\major project\dataset\face only\FF_Face_only_data\986_994.mp4,FAKE
D:\major project\dataset\face only\FF_Face_only_data\987.mp4,REAL
D:\major project\dataset\face only\FF_Face_only_data\987_938.mp4,FAKE
D:\major project\dataset\face only\FF_Face_only_data\988.mp4,REAL
D:\major project\dataset\face only\FF_Face_only_data\988_966.mp4,FAKE
D:\major project\dataset\face only\FF_Face_only_data\989.mp4,REAL
D:\major project\dataset\face only\FF_Face_only_data\989_993.mp4,FAKE
D:\major project\dataset\face only\FF_Face_only_data\990.mp4,REAL
D:\major project\dataset\face only\FF_Face_only_data\990_008.mp4,FAKE
D:\major project\dataset\face only\FF_Face_only_data\991.mp4,REAL
D:\major project\dataset\face only\FF_Face_only_data\991_064.mp4,FAKE
D:\major project\dataset\face only\FF_Face_only_data\992.mp4,REAL
D:\major project\dataset\face only\FF_Face_only_data\992_980.mp4,FAKE
D:\major project\dataset\face only\FF_Face_only_data\993.mp4,REAL
D:\major project\dataset\face only\FF_Face_only_data\993_989.mp4,FAKE
D:\major project\dataset\face only\FF_Face_only_data\994.mp4,REAL
D:\major project\dataset\face only\FF_Face_only_data\994_986.mp4,FAKE
D:\major project\dataset\face only\FF_Face_only_data\995.mp4,REAL
D:\major project\dataset\face only\FF_Face_only_data\995_233.mp4,FAKE
D:\major project\dataset\face only\FF_Face_only_data\996.mp4,REAL
D:\major project\dataset\face only\FF_Face_only_data\996_056.mp4,FAKE
D:\major project\dataset\face only\FF_Face_only_data\997.mp4,REAL
D:\major project\dataset\face only\FF_Face_only_data\997_040.mp4,FAKE
D:\major project\dataset\face only\FF_Face_only_data\998.mp4,REAL
D:\major project\dataset\face only\FF_Face_only_data\998_561.mp4,FAKE
D:\major project\dataset\face only\FF_Face_only_data\999.mp4,REAL
D:\major project\dataset\face only\FF_Face_only_data\999_960.mp4,FAKE
D:\major project\dataset\face only\DFDC_REAL_Face_only_data\bcbqxhziqz.mp4,REAL
D:\major project\dataset\face only\DFDC_FAKE_Face_only_data\atrmrdhzrk.mp4,FAKE
D:\major project\dataset\face only\DFDC_REAL_Face_only_data\rmhsahyvta.mp4,REAL
D:\major project\dataset\face only\DFDC_FAKE_Face_only_data\bvekwhumry.mp4,FAKE
D:\major project\dataset\face only\DFDC_REAL_Face_only_data\bnuwxhfahw.mp4,REAL
D:\major project\dataset\face only\DFDC_FAKE_Face_only_data\bdpwzkrofr.mp4,FAKE
D:\major project\dataset\face only\DFDC_REAL_Face_only_data\mkzaekkvej.mp4,REAL
D:\major project\dataset\face only\DFDC_FAKE_Face_only_data\byrzacjmjl.mp4,FAKE
D:\major project\dataset\face only\DFDC_REAL_Face_only_data\ptkcmwnfjv.mp4,REAL
D:\major project\dataset\face only\DFDC_REAL_Face_only_data\opsgvfjlgh.mp4,REAL
D:\major project\dataset\face only\DFDC_FAKE_Face_only_data\assnxglavo.mp4,FAKE
D:\major project\dataset\face only\DFDC_FAKE_Face_only_data\cloymwmsgb.mp4,FAKE
D:\major project\dataset\face only\DFDC_REAL_Face_only_data\zwswwwrefl.mp4,REAL
D:\major project\dataset\face only\DFDC_REAL_Face_only_data\hbufmvbium.mp4,REAL
D:\major project\dataset\face only\DFDC_FAKE_Face_only_data\anmzhupzpa.mp4,FAKE
D:\major project\dataset\face only\DFDC_FAKE_Face_only_data\aelsfznuqw.mp4,FAKE
D:\major project\dataset\face only\DFDC_REAL_Face_only_data\fyyyoslpgo.mp4,REAL
D:\major project\dataset\face only\DFDC_REAL_Face_only_data\oznyyhvzxk.mp4,REAL
D:\major project\dataset\face only\DFDC_FAKE_Face_only_data\cgkorxrqlv.mp4,FAKE
D:\major project\dataset\face only\DFDC_REAL_Face_only_data\xjzmkuxskq.mp4,REAL
D:\major project\dataset\face only\DFDC_REAL_Face_only_data\jpvkoxrueh.mp4,REAL
D:\major project\dataset\face only\DFDC_FAKE_Face_only_data\avlmlshqjh.mp4,FAKE
D:\major project\dataset\face only\DFDC_FAKE_Face_only_data\cgzehrnpvv.mp4,FAKE
D:\major project\dataset\face only\DFDC_REAL_Face_only_data\wapflpdhyi.mp4,REAL
D:\major project\dataset\face only\DFDC_REAL_Face_only_data\vizerpsvbz.mp4,REAL
D:\major project\dataset\face only\DFDC_REAL_Face_only_data\cqxxumarvp.mp4,REAL
D:\major project\dataset\face only\DFDC_FAKE_Face_only_data\bpcimjvhlu.mp4,FAKE
D:\major project\dataset\face only\DFDC_FAKE_Face_only_data\bcunmpqmwf.mp4,FAKE
D:\major project\dataset\face only\DFDC_FAKE_Face_only_data\cnvpcernca.mp4,FAKE
D:\major project\dataset\face only\DFDC_FAKE_Face_only_data\cdxwmzxudd.mp4,FAKE
D:\major project\dataset\face only\DFDC_REAL_Face_only_data\iyrafvzjnf.mp4,REAL
D:\major project\dataset\face only\DFDC_REAL_Face_only_data\jgdrcvviil.mp4,REAL
D:\major project\dataset\face only\DFDC_FAKE_Face_only_data\cnbxddelwb.mp4,FAKE
D:\major project\dataset\face only\DFDC_FAKE_Face_only_data\bwkddsdoqj.mp4,FAKE
D:\major project\dataset\face only\DFDC_REAL_Face_only_data\dvtpwatuja.mp4,REAL
D:\major project\dataset\face only\DFDC_REAL_Face_only_data\nswtvttxre.mp4,REAL
D:\major project\dataset\face only\DFDC_REAL_Face_only_data\dzrrklwrgn.mp4,REAL
D:\major project\dataset\face only\DFDC_REAL_Face_only_data\ocnqcaojtf.mp4,REAL
D:\major project\dataset\face only\DFDC_REAL_Face_only_data\junllgghcq.mp4,REAL
D:\major project\dataset\face only\DFDC_REAL_Face_only_data\ouaowjmigq.mp4,REAL
D:\major project\dataset\face only\DFDC_REAL_Face_only_data\cosghhimnd.mp4,REAL
D:\major project\dataset\face only\DFDC_REAL_Face_only_data\zlxfqidduw.mp4,REAL
D:\major project\dataset\face only\DFDC_REAL_Face_only_data\fqnvpbvfmf.mp4,REAL
D:\major project\dataset\face only\DFDC_FAKE_Face_only_data\aqdbtqggew.mp4,FAKE
D:\major project\dataset\face only\DFDC_REAL_Face_only_data\frqfsucgao.mp4,REAL
D:\major project\dataset\face only\DFDC_FAKE_Face_only_data\ckeuvnxric.mp4,FAKE
D:\major project\dataset\face only\DFDC_FAKE_Face_only_data\awfddrmdst.mp4,FAKE
D:\major project\dataset\face only\DFDC_FAKE_Face_only_data\bittxslmgp.mp4,FAKE
D:\major project\dataset\face only\DFDC_REAL_Face_only_data\papagllumt.mp4,REAL
D:\major project\dataset\face only\DFDC_FAKE_Face_only_data\asweglrfni.mp4,FAKE
D:\major project\dataset\face only\DFDC_REAL_Face_only_data\dvwpvqdflx.mp4,REAL
D:\major project\dataset\face only\DFDC_FAKE_Face_only_data\bdshuoldwx.mp4,FAKE
D:\major project\dataset\face only\DFDC_FAKE_Face_only_data\cmdfrlzaou.mp4,FAKE
D:\major project\dataset\face only\DFDC_FAKE_Face_only_data\bciuzbjoxq.mp4,FAKE
D:\major project\dataset\face only\DFDC_FAKE_Face_only_data\awjywmwplp.mp4,FAKE
D:\major project\dataset\face only\DFDC_FAKE_Face_only_data\amwjdtnprx.mp4,FAKE
D:\major project\dataset\face only\DFDC_FAKE_Face_only_data\cogxmahduk.mp4,FAKE
D:\major project\dataset\face only\DFDC_FAKE_Face_only_data\btqmbxcpsc.mp4,FAKE
D:\major project\dataset\face only\DFDC_FAKE_Face_only_data\cmsgfgmofg.mp4,FAKE
D:\major project\dataset\face only\DFDC_REAL_Face_only_data\vssmlqoiti.mp4,REAL
D:\major project\dataset\face only\DFDC_FAKE_Face_only_data\bbhkszzsei.mp4,FAKE
D:\major project\dataset\face only\DFDC_REAL_Face_only_data\nlbeldnhpa.mp4,REAL
D:\major project\dataset\face only\DFDC_REAL_Face_only_data\ekelfsnqof.mp4,REAL
D:\major project\dataset\face only\DFDC_REAL_Face_only_data\ztyuiqrhdk.mp4,REAL
D:\major project\dataset\face only\DFDC_FAKE_Face_only_data\bateuibxti.mp4,FAKE
D:\major project\dataset\face only\DFDC_REAL_Face_only_data\znvdxgaoay.mp4,REAL
D:\major project\dataset\face only\DFDC_REAL_Face_only_data\peysyddtmp.mp4,REAL
D:\major project\dataset\face only\DFDC_REAL_Face_only_data\rmpbqeawlq.mp4,REAL
D:\major project\dataset\face only\DFDC_FAKE_Face_only_data\btfsgaxvym.mp4,FAKE
D:\major project\dataset\face only\DFDC_REAL_Face_only_data\cnpanmywno.mp4,REAL
D:\major project\dataset\face only\DFDC_FAKE_Face_only_data\bbwbopxbrv.mp4,FAKE
D:\major project\dataset\face only\DFDC_FAKE_Face_only_data\alfidaevix.mp4,FAKE
D:\major project\dataset\face only\DFDC_REAL_Face_only_data\tyojwenpaf.mp4,REAL
D:\major project\dataset\face only\DFDC_REAL_Face_only_data\obozirvzxd.mp4,REAL
D:\major project\dataset\face only\DFDC_REAL_Face_only_data\kpnakfmmlh.mp4,REAL
D:\major project\dataset\face only\DFDC_FAKE_Face_only_data\avfhsplmya.mp4,FAKE
D:\major project\dataset\face only\DFDC_FAKE_Face_only_data\axjbcvrvje.mp4,FAKE
D:\major project\dataset\face only\DFDC_FAKE_Face_only_data\bfmvjimrqn.mp4,FAKE
D:\major project\dataset\face only\DFDC_FAKE_Face_only_data\bwspwiymvk.mp4,FAKE
D:\major project\dataset\face only\DFDC_FAKE_Face_only_data\beoobdybbw.mp4,FAKE
D:\major project\dataset\face only\DFDC_REAL_Face_only_data\gahgyuwzbu.mp4,REAL
D:\major project\dataset\face only\DFDC_REAL_Face_only_data\hhhvnhhqsc.mp4,REAL
D:\major project\dataset\face only\DFDC_FAKE_Face_only_data\bdvqwpqmag.mp4,FAKE
D:\major project\dataset\face only\DFDC_FAKE_Face_only_data\bydtnhfnyp.mp4,FAKE
D:\major project\dataset\face only\DFDC_REAL_Face_only_data\bkuzquigyt.mp4,REAL
D:\major project\dataset\face only\DFDC_REAL_Face_only_data\xxzefxwyku.mp4,REAL
D:\major project\dataset\face only\DFDC_REAL_Face_only_data\okjhfifjkr.mp4,REAL
D:\major project\dataset\face only\DFDC_FAKE_Face_only_data\alqiqhnrza.mp4,FAKE
D:\major project\dataset\face only\DFDC_REAL_Face_only_data\ijhhztmidr.mp4,REAL
D:\major project\dataset\face only\DFDC_REAL_Face_only_data\cxsvvnxpyz.mp4,REAL
D:\major project\dataset\face only\DFDC_REAL_Face_only_data\extbidooov.mp4,REAL
D:\major project\dataset\face only\DFDC_FAKE_Face_only_data\bgtgxubqmy.mp4,FAKE
D:\major project\dataset\face only\DFDC_FAKE_Face_only_data\bmffrysoii.mp4,FAKE
D:\major project\dataset\face only\DFDC_FAKE_Face_only_data\brftztqwxi.mp4,FAKE
D:\major project\dataset\face only\DFDC_REAL_Face_only_data\yietrwuncf.mp4,REAL
D:\major project\dataset\face only\DFDC_FAKE_Face_only_data\btodwmstfj.mp4,FAKE
D:\major project\dataset\face only\DFDC_FAKE_Face_only_data\ciaxcxtxix.mp4,FAKE
D:\major project\dataset\face only\DFDC_REAL_Face_only_data\zilqucorio.mp4,REAL
D:\major project\dataset\face only\DFDC_FAKE_Face_only_data\ajqmtwoocc.mp4,FAKE
D:\major project\dataset\face only\DFDC_FAKE_Face_only_data\clrdxzhlzn.mp4,FAKE
D:\major project\dataset\face only\DFDC_FAKE_Face_only_data\ajmuljcfkb.mp4,FAKE
D:\major project\dataset\face only\DFDC_REAL_Face_only_data\mwwploizlj.mp4,REAL
D:\major project\dataset\face only\DFDC_REAL_Face_only_data\hmxihwteht.mp4,REAL
D:\major project\dataset\face only\DFDC_FAKE_Face_only_data\bnjpqypcmg.mp4,FAKE
D:\major project\dataset\face only\DFDC_FAKE_Face_only_data\abxtkdjyru.mp4,FAKE
D:\major project\dataset\face only\DFDC_FAKE_Face_only_data\aqrsylrzgi.mp4,FAKE
D:\major project\dataset\face only\DFDC_FAKE_Face_only_data\ckwdmymgfn.mp4,FAKE
D:\major project\dataset\face only\DFDC_REAL_Face_only_data\kvsndnymhm.mp4,REAL
D:\major project\dataset\face only\DFDC_REAL_Face_only_data\lyukjvgwoa.mp4,REAL
D:\major project\dataset\face only\DFDC_REAL_Face_only_data\tcsddvsewk.mp4,REAL
D:\major project\dataset\face only\DFDC_FAKE_Face_only_data\bsbyvsgodg.mp4,FAKE
D:\major project\dataset\face only\DFDC_REAL_Face_only_data\gzbagbdubm.mp4,REAL
D:\major project\dataset\face only\DFDC_REAL_Face_only_data\bvpeerislp.mp4,REAL
D:\major project\dataset\face only\DFDC_FAKE_Face_only_data\awnhnhbbxm.mp4,FAKE
D:\major project\dataset\face only\DFDC_FAKE_Face_only_data\bgyaqospgo.mp4,FAKE
D:\major project\dataset\face only\DFDC_FAKE_Face_only_data\avhnnjtuqw.mp4,FAKE
D:\major project\dataset\face only\DFDC_FAKE_Face_only_data\bkwqojntbf.mp4,FAKE
D:\major project\dataset\face only\DFDC_FAKE_Face_only_data\anklylpjpm.mp4,FAKE
D:\major project\dataset\face only\DFDC_REAL_Face_only_data\nzbgohmaja.mp4,REAL
D:\major project\dataset\face only\DFDC_FAKE_Face_only_data\bhfxttitcb.mp4,FAKE
D:\major project\dataset\face only\DFDC_FAKE_Face_only_data\cnbgfhcdkl.mp4,FAKE
D:\major project\dataset\face only\DFDC_FAKE_Face_only_data\bewbohouqa.mp4,FAKE
D:\major project\dataset\face only\DFDC_REAL_Face_only_data\ywauoonmlr.mp4,REAL
D:\major project\dataset\face only\DFDC_FAKE_Face_only_data\ccaequtltd.mp4,FAKE
D:\major project\dataset\face only\DFDC_REAL_Face_only_data\sfsayjgzrh.mp4,REAL
D:\major project\dataset\face only\DFDC_REAL_Face_only_data\igpvrfjdzc.mp4,REAL
D:\major project\dataset\face only\DFDC_FAKE_Face_only_data\aunqfjmfqp.mp4,FAKE
D:\major project\dataset\face only\DFDC_REAL_Face_only_data\scqcdvqiyq.mp4,REAL
D:\major project\dataset\face only\DFDC_FAKE_Face_only_data\bpqrwvichd.mp4,FAKE
D:\major project\dataset\face only\DFDC_REAL_Face_only_data\qzpwniycty.mp4,REAL
D:\major project\dataset\face only\DFDC_FAKE_Face_only_data\aassnaulhq.mp4,FAKE
D:\major project\dataset\face only\DFDC_REAL_Face_only_data\vvfszaosiv.mp4,REAL
D:\major project\dataset\face only\DFDC_REAL_Face_only_data\eynxajczkd.mp4,REAL
D:\major project\dataset\face only\DFDC_FAKE_Face_only_data\aomqqjipcp.mp4,FAKE
D:\major project\dataset\face only\DFDC_REAL_Face_only_data\iedsgxqfuz.mp4,REAL
D:\major project\dataset\face only\DFDC_FAKE_Face_only_data\beclytxiol.mp4,FAKE
D:\major project\dataset\face only\DFDC_REAL_Face_only_data\blszgmxkvu.mp4,REAL
D:\major project\dataset\face only\DFDC_REAL_Face_only_data\fwykevubzy.mp4,REAL
D:\major project\dataset\face only\DFDC_FAKE_Face_only_data\cixupjraoc.mp4,FAKE
D:\major project\dataset\face only\DFDC_FAKE_Face_only_data\bugiwrwsfe.mp4,FAKE
D:\major project\dataset\face only\DFDC_FAKE_Face_only_data\axgkbpxjvr.mp4,FAKE
D:\major project\dataset\face only\DFDC_REAL_Face_only_data\gylcfcozce.mp4,REAL
D:\major project\dataset\face only\DFDC_FAKE_Face_only_data\bvaffyvyjy.mp4,FAKE
D:\major project\dataset\face only\DFDC_FAKE_Face_only_data\anbswjhddl.mp4,FAKE
D:\major project\dataset\face only\DFDC_FAKE_Face_only_data\alrtntfxtd.mp4,FAKE
D:\major project\dataset\face only\DFDC_FAKE_Face_only_data\blncrpznaa.mp4,FAKE
D:\major project\dataset\face only\DFDC_FAKE_Face_only_data\aeudhfvcvk.mp4,FAKE
D:\major project\dataset\face only\DFDC_FAKE_Face_only_data\bcavrprfct.mp4,FAKE
D:\major project\dataset\face only\DFDC_REAL_Face_only_data\wqdsarmger.mp4,REAL
D:\major project\dataset\face only\DFDC_FAKE_Face_only_data\bpwudenryg.mp4,FAKE
D:\major project\dataset\face only\DFDC_FAKE_Face_only_data\abebnhqyzv.mp4,FAKE
D:\major project\dataset\face only\DFDC_FAKE_Face_only_data\bpartnwakp.mp4,FAKE
D:\major project\dataset\face only\DFDC_REAL_Face_only_data\ypbtpunjvm.mp4,REAL
D:\major project\dataset\face only\DFDC_REAL_Face_only_data\xrhqtmxlvx.mp4,REAL
D:\major project\dataset\face only\DFDC_FAKE_Face_only_data\aheocfkxjx.mp4,FAKE
D:\major project\dataset\face only\DFDC_FAKE_Face_only_data\cjoykobwyh.mp4,FAKE
D:\major project\dataset\face only\DFDC_FAKE_Face_only_data\arkwqyuthh.mp4,FAKE
D:\major project\dataset\face only\DFDC_REAL_Face_only_data\viteugozpv.mp4,REAL
D:\major project\dataset\face only\DFDC_FAKE_Face_only_data\aijlttdlrj.mp4,FAKE
D:\major project\dataset\face only\DFDC_REAL_Face_only_data\dmupfdcvca.mp4,REAL
D:\major project\dataset\face only\DFDC_REAL_Face_only_data\pdufsewrec.mp4,REAL
D:\major project\dataset\face only\DFDC_REAL_Face_only_data\nbdixxfjph.mp4,REAL
D:\major project\dataset\face only\DFDC_FAKE_Face_only_data\cohkwaxnvw.mp4,FAKE
D:\major project\dataset\face only\DFDC_REAL_Face_only_data\fpevfidstw.mp4,REAL
D:\major project\dataset\face only\DFDC_FAKE_Face_only_data\axefxbvfyn.mp4,FAKE
D:\major project\dataset\face only\DFDC_FAKE_Face_only_data\aosnzkbllm.mp4,FAKE
D:\major project\dataset\face only\DFDC_FAKE_Face_only_data\cktulounod.mp4,FAKE
D:\major project\dataset\face only\DFDC_REAL_Face_only_data\qjqxfcgsyd.mp4,REAL
D:\major project\dataset\face only\DFDC_REAL_Face_only_data\wixbuuzygv.mp4,REAL
D:\major project\dataset\face only\DFDC_REAL_Face_only_data\nqvkiylfiy.mp4,REAL
D:\major project\dataset\face only\DFDC_REAL_Face_only_data\jiavqbrkyk.mp4,REAL
D:\major project\dataset\face only\DFDC_REAL_Face_only_data\keioymnobc.mp4,REAL
D:\major project\dataset\face only\DFDC_REAL_Face_only_data\nymodlmxni.mp4,REAL
D:\major project\dataset\face only\DFDC_FAKE_Face_only_data\bkzrsfcrcr.mp4,FAKE
D:\major project\dataset\face only\DFDC_FAKE_Face_only_data\bwdmzwhdnw.mp4,FAKE
D:\major project\dataset\face only\DFDC_REAL_Face_only_data\zfobicuigx.mp4,REAL
D:\major project\dataset\face only\DFDC_REAL_Face_only_data\hjhdhumvod.mp4,REAL
D:\major project\dataset\face only\DFDC_REAL_Face_only_data\eyguqfmgzh.mp4,REAL
D:\major project\dataset\face only\DFDC_REAL_Face_only_data\qjdtgggqym.mp4,REAL
D:\major project\dataset\face only\DFDC_REAL_Face_only_data\jzmzdispyo.mp4,REAL
D:\major project\dataset\face only\DFDC_FAKE_Face_only_data\bfeewgzrbr.mp4,FAKE
D:\major project\dataset\face only\DFDC_FAKE_Face_only_data\bbuebaojot.mp4,FAKE
D:\major project\dataset\face only\DFDC_REAL_Face_only_data\uazbhwyysx.mp4,REAL
D:\major project\dataset\face only\DFDC_FAKE_Face_only_data\bkvujfissu.mp4,FAKE
D:\major project\dataset\face only\DFDC_REAL_Face_only_data\fanibwbmoq.mp4,REAL
D:\major project\dataset\face only\DFDC_FAKE_Face_only_data\aqtvsxelrj.mp4,FAKE
D:\major project\dataset\face only\DFDC_FAKE_Face_only_data\botswdcyee.mp4,FAKE
D:\major project\dataset\face only\DFDC_REAL_Face_only_data\yiykshcbaz.mp4,REAL
D:\major project\dataset\face only\DFDC_REAL_Face_only_data\evysmtpnrf.mp4,REAL
D:\major project\dataset\face only\DFDC_FAKE_Face_only_data\cgigqncgru.mp4,FAKE
D:\major project\dataset\face only\DFDC_FAKE_Face_only_data\akjvglpobj.mp4,FAKE
D:\major project\dataset\face only\DFDC_FAKE_Face_only_data\aabdnomlru.mp4,FAKE
D:\major project\dataset\face only\DFDC_FAKE_Face_only_data\dktpniyvec.mp4,FAKE
D:\major project\dataset\face only\DFDC_FAKE_Face_only_data\doeeuppytb.mp4,FAKE
D:\major project\dataset\face only\DFDC_REAL_Face_only_data\ztyvglkcsf.mp4,REAL
D:\major project\dataset\face only\DFDC_FAKE_Face_only_data\agziimvuqi.mp4,FAKE
D:\major project\dataset\face only\DFDC_FAKE_Face_only_data\anuzdiqqnq.mp4,FAKE
D:\major project\dataset\face only\DFDC_FAKE_Face_only_data\condbpyazo.mp4,FAKE
D:\major project\dataset\face only\DFDC_FAKE_Face_only_data\ctwqyniuuk.mp4,FAKE
D:\major project\dataset\face only\DFDC_REAL_Face_only_data\fglewmddcn.mp4,REAL
D:\major project\dataset\face only\DFDC_FAKE_Face_only_data\aavyetamvt.mp4,FAKE
D:\major project\dataset\face only\DFDC_FAKE_Face_only_data\bmrogzgbqw.mp4,FAKE
D:\major project\dataset\face only\DFDC_REAL_Face_only_data\loxagpgfei.mp4,REAL
D:\major project\dataset\face only\DFDC_REAL_Face_only_data\torjqecxjw.mp4,REAL
D:\major project\dataset\face only\DFDC_REAL_Face_only_data\auoervelwm.mp4,REAL
D:\major project\dataset\face only\DFDC_FAKE_Face_only_data\cnxccbjlct.mp4,FAKE
D:\major project\dataset\face only\DFDC_FAKE_Face_only_data\bbyosyhxzo.mp4,FAKE
D:\major project\dataset\face only\DFDC_REAL_Face_only_data\iksxzpqxzi.mp4,REAL
D:\major project\dataset\face only\DFDC_FAKE_Face_only_data\dfrkufxfpc.mp4,FAKE
D:\major project\dataset\face only\DFDC_FAKE_Face_only_data\anlpfbokfn.mp4,FAKE
D:\major project\dataset\face only\DFDC_FAKE_Face_only_data\bdqshjkpxd.mp4,FAKE
D:\major project\dataset\face only\DFDC_FAKE_Face_only_data\dtsdluvgmg.mp4,FAKE
D:\major project\dataset\face only\DFDC_REAL_Face_only_data\waucvvmtkq.mp4,REAL
D:\major project\dataset\face only\DFDC_REAL_Face_only_data\cekarydqba.mp4,REAL
D:\major project\dataset\face only\DFDC_FAKE_Face_only_data\atcfypvdpu.mp4,FAKE
D:\major project\dataset\face only\DFDC_FAKE_Face_only_data\atlndbikhv.mp4,FAKE
D:\major project\dataset\face only\DFDC_FAKE_Face_only_data\afovojcvgh.mp4,FAKE
D:\major project\dataset\face only\DFDC_FAKE_Face_only_data\dmpmeqiafv.mp4,FAKE
D:\major project\dataset\face only\DFDC_FAKE_Face_only_data\bwressutay.mp4,FAKE
D:\major project\dataset\face only\DFDC_REAL_Face_only_data\lxfrifiujz.mp4,REAL
D:\major project\dataset\face only\DFDC_FAKE_Face_only_data\bznkogdxxi.mp4,FAKE
D:\major project\dataset\face only\DFDC_FAKE_Face_only_data\axdvnynpjj.mp4,FAKE
D:\major project\dataset\face only\DFDC_REAL_Face_only_data\ejhhokmvpe.mp4,REAL
D:\major project\dataset\face only\DFDC_FAKE_Face_only_data\bcxgxzusit.mp4,FAKE
D:\major project\dataset\face only\DFDC_REAL_Face_only_data\nthpnwylxo.mp4,REAL
D:\major project\dataset\face only\DFDC_FAKE_Face_only_data\cmgybxlatl.mp4,FAKE
D:\major project\dataset\face only\DFDC_REAL_Face_only_data\aayfryxljh.mp4,REAL
D:\major project\dataset\face only\DFDC_REAL_Face_only_data\tejfudfgpq.mp4,REAL
D:\major project\dataset\face only\DFDC_FAKE_Face_only_data\cdvwcmkcdz.mp4,FAKE
D:\major project\dataset\face only\DFDC_REAL_Face_only_data\hevcclcklc.mp4,REAL
D:\major project\dataset\face only\DFDC_REAL_Face_only_data\tzgoroiixc.mp4,REAL
D:\major project\dataset\face only\DFDC_FAKE_Face_only_data\cmvncstbkx.mp4,FAKE
D:\major project\dataset\face only\DFDC_FAKE_Face_only_data\aljaxpxbld.mp4,FAKE
D:\major project\dataset\face only\DFDC_FAKE_Face_only_data\beyrhsvlrt.mp4,FAKE
D:\major project\dataset\face only\DFDC_FAKE_Face_only_data\bpogbhuwvd.mp4,FAKE
D:\major project\dataset\face only\DFDC_FAKE_Face_only_data\bkmtxhrlsl.mp4,FAKE
D:\major project\dataset\face only\DFDC_FAKE_Face_only_data\bfibrgtvjc.mp4,FAKE
D:\major project\dataset\face only\DFDC_FAKE_Face_only_data\ahjnxtiamx.mp4,FAKE
D:\major project\dataset\face only\DFDC_FAKE_Face_only_data\bsghddlheb.mp4,FAKE
D:\major project\dataset\face only\DFDC_FAKE_Face_only_data\eexwytsgqy.mp4,FAKE
D:\major project\dataset\face only\DFDC_REAL_Face_only_data\wmoqzxddkb.mp4,REAL
D:\major project\dataset\face only\DFDC_FAKE_Face_only_data\djutslakvn.mp4,FAKE
D:\major project\dataset\face only\DFDC_REAL_Face_only_data\wixujncvee.mp4,REAL
D:\major project\dataset\face only\DFDC_REAL_Face_only_data\btdxnajogv.mp4,REAL
D:\major project\dataset\face only\DFDC_REAL_Face_only_data\hszwwswewp.mp4,REAL
D:\major project\dataset\face only\DFDC_FAKE_Face_only_data\cwosvnnasn.mp4,FAKE
D:\major project\dataset\face only\DFDC_FAKE_Face_only_data\dbsldpxnfg.mp4,FAKE
D:\major project\dataset\face only\DFDC_FAKE_Face_only_data\bhxvkeygvv.mp4,FAKE
D:\major project\dataset\face only\DFDC_REAL_Face_only_data\uvrzaczrbx.mp4,REAL
D:\major project\dataset\face only\DFDC_REAL_Face_only_data\ocgdbrgmtq.mp4,REAL
D:\major project\dataset\face only\DFDC_FAKE_Face_only_data\blvpaewknn.mp4,FAKE
D:\major project\dataset\face only\DFDC_REAL_Face_only_data\eerhmzaebh.mp4,REAL
D:\major project\dataset\face only\DFDC_FAKE_Face_only_data\dgmsyauuvv.mp4,FAKE
D:\major project\dataset\face only\DFDC_REAL_Face_only_data\hzlfdbtbau.mp4,REAL
D:\major project\dataset\face only\DFDC_REAL_Face_only_data\dnmowthjcj.mp4,REAL
D:\major project\dataset\face only\DFDC_REAL_Face_only_data\xzkikmghps.mp4,REAL
D:\major project\dataset\face only\DFDC_FAKE_Face_only_data\bithritjse.mp4,FAKE
D:\major project\dataset\face only\DFDC_FAKE_Face_only_data\crawadrnaa.mp4,FAKE
D:\major project\dataset\face only\DFDC_FAKE_Face_only_data\dnvystgwyo.mp4,FAKE
D:\major project\dataset\face only\DFDC_FAKE_Face_only_data\dvduupuoqx.mp4,FAKE
D:\major project\dataset\face only\DFDC_REAL_Face_only_data\qclpbcbgeq.mp4,REAL
D:\major project\dataset\face only\DFDC_REAL_Face_only_data\ayipraspbn.mp4,REAL
D:\major project\dataset\face only\DFDC_REAL_Face_only_data\mnzabbkpmt.mp4,REAL
D:\major project\dataset\face only\DFDC_FAKE_Face_only_data\bjcesbmllx.mp4,FAKE
D:\major project\dataset\face only\DFDC_REAL_Face_only_data\ojbnddjuzy.mp4,REAL
D:\major project\dataset\face only\DFDC_FAKE_Face_only_data\cpwjaveeeq.mp4,FAKE
D:\major project\dataset\face only\DFDC_FAKE_Face_only_data\dkbhjjbmxj.mp4,FAKE
D:\major project\dataset\face only\DFDC_FAKE_Face_only_data\eaquarsawu.mp4,FAKE
D:\major project\dataset\face only\DFDC_REAL_Face_only_data\tsswxgwnta.mp4,REAL
D:\major project\dataset\face only\DFDC_FAKE_Face_only_data\cxqucbhale.mp4,FAKE
D:\major project\dataset\face only\DFDC_REAL_Face_only_data\rayekvigxv.mp4,REAL
D:\major project\dataset\face only\DFDC_FAKE_Face_only_data\dbrzclhznh.mp4,FAKE
D:\major project\dataset\face only\DFDC_FAKE_Face_only_data\ecjjzukqpy.mp4,FAKE
D:\major project\dataset\face only\DFDC_FAKE_Face_only_data\cmmoeaeftx.mp4,FAKE
D:\major project\dataset\face only\DFDC_FAKE_Face_only_data\bnndjmrpuk.mp4,FAKE
D:\major project\dataset\face only\DFDC_FAKE_Face_only_data\dweqqukuhk.mp4,FAKE
D:\major project\dataset\face only\DFDC_FAKE_Face_only_data\amkqhexhou.mp4,FAKE
D:\major project\dataset\face only\DFDC_FAKE_Face_only_data\aaujbbfhqu.mp4,FAKE
D:\major project\dataset\face only\DFDC_FAKE_Face_only_data\dkszwvfwxb.mp4,FAKE
D:\major project\dataset\face only\DFDC_FAKE_Face_only_data\crejnrpfwu.mp4,FAKE
D:\major project\dataset\face only\DFDC_REAL_Face_only_data\kgdvgipvae.mp4,REAL
D:\major project\dataset\face only\DFDC_REAL_Face_only_data\htzbnroagi.mp4,REAL
D:\major project\dataset\face only\DFDC_FAKE_Face_only_data\bknjyvqoec.mp4,FAKE
D:\major project\dataset\face only\DFDC_FAKE_Face_only_data\afvdmlwwyr.mp4,FAKE
D:\major project\dataset\face only\DFDC_REAL_Face_only_data\fnkdkfajak.mp4,REAL
D:\major project\dataset\face only\DFDC_FAKE_Face_only_data\dswaxbhfgs.mp4,FAKE
D:\major project\dataset\face only\DFDC_REAL_Face_only_data\nwvsbmyndn.mp4,REAL
D:\major project\dataset\face only\DFDC_FAKE_Face_only_data\bmjwoqldhv.mp4,FAKE
D:\major project\dataset\face only\DFDC_REAL_Face_only_data\mttjelpgma.mp4,REAL
D:\major project\dataset\face only\DFDC_REAL_Face_only_data\vhsbatxysm.mp4,REAL
D:\major project\dataset\face only\DFDC_FAKE_Face_only_data\cpoyanxkdb.mp4,FAKE
D:\major project\dataset\face only\DFDC_FAKE_Face_only_data\cevktnkdup.mp4,FAKE
D:\major project\dataset\face only\DFDC_REAL_Face_only_data\jjycletzyl.mp4,REAL
D:\major project\dataset\face only\DFDC_FAKE_Face_only_data\dtrpvcrbyk.mp4,FAKE
D:\major project\dataset\face only\DFDC_FAKE_Face_only_data\csrymqydbk.mp4,FAKE
D:\major project\dataset\face only\DFDC_FAKE_Face_only_data\bptuspvmzq.mp4,FAKE
D:\major project\dataset\face only\DFDC_REAL_Face_only_data\bixvunsrsj.mp4,REAL
D:\major project\dataset\face only\DFDC_REAL_Face_only_data\novarhxpbj.mp4,REAL
D:\major project\dataset\face only\DFDC_REAL_Face_only_data\gxqzavbulk.mp4,REAL
D:\major project\dataset\face only\DFDC_FAKE_Face_only_data\dpjfwtafke.mp4,FAKE
D:\major project\dataset\face only\DFDC_FAKE_Face_only_data\egwyvhmynr.mp4,FAKE
D:\major project\dataset\face only\DFDC_REAL_Face_only_data\eykkthrnoy.mp4,REAL
D:\major project\dataset\face only\DFDC_REAL_Face_only_data\pxcfrszlgi.mp4,REAL
D:\major project\dataset\face only\DFDC_REAL_Face_only_data\omphqltjdd.mp4,REAL
D:\major project\dataset\face only\DFDC_REAL_Face_only_data\wbuajbdcfs.mp4,REAL
D:\major project\dataset\face only\DFDC_FAKE_Face_only_data\aspxnmdiku.mp4,FAKE
D:\major project\dataset\face only\DFDC_REAL_Face_only_data\mohiqoogpb.mp4,REAL
D:\major project\dataset\face only\DFDC_FAKE_Face_only_data\dljbvhseze.mp4,FAKE
D:\major project\dataset\face only\DFDC_REAL_Face_only_data\ukezkomunq.mp4,REAL
D:\major project\dataset\face only\DFDC_REAL_Face_only_data\nawtezpgnm.mp4,REAL
D:\major project\dataset\face only\DFDC_FAKE_Face_only_data\azrnasfxsw.mp4,FAKE
D:\major project\dataset\face only\DFDC_FAKE_Face_only_data\chhjdmutms.mp4,FAKE
D:\major project\dataset\face only\DFDC_FAKE_Face_only_data\csnkohqxdv.mp4,FAKE
D:\major project\dataset\face only\DFDC_FAKE_Face_only_data\bdhbzwfiov.mp4,FAKE
D:\major project\dataset\face only\DFDC_FAKE_Face_only_data\bjjnvcgjml.mp4,FAKE
D:\major project\dataset\face only\DFDC_REAL_Face_only_data\bcjteassyd.mp4,REAL
D:\major project\dataset\face only\DFDC_FAKE_Face_only_data\bnwlsejuna.mp4,FAKE
D:\major project\dataset\face only\DFDC_REAL_Face_only_data\mueekicuyv.mp4,REAL
D:\major project\dataset\face only\DFDC_FAKE_Face_only_data\ccbfcnkwxa.mp4,FAKE
D:\major project\dataset\face only\DFDC_FAKE_Face_only_data\cwjtawpefj.mp4,FAKE
D:\major project\dataset\face only\DFDC_FAKE_Face_only_data\cmliuimutv.mp4,FAKE
D:\major project\dataset\face only\DFDC_FAKE_Face_only_data\ehbujerrtd.mp4,FAKE
D:\major project\dataset\face only\DFDC_FAKE_Face_only_data\aqvowsdlld.mp4,FAKE
D:\major project\dataset\face only\DFDC_FAKE_Face_only_data\bofqrylfpr.mp4,FAKE
D:\major project\dataset\face only\DFDC_REAL_Face_only_data\wqysrieiqu.mp4,REAL
D:\major project\dataset\face only\DFDC_REAL_Face_only_data\oobeaklccb.mp4,REAL
D:\major project\dataset\face only\DFDC_FAKE_Face_only_data\egscoezvho.mp4,FAKE
D:\major project\dataset\face only\DFDC_FAKE_Face_only_data\ayfjanopir.mp4,FAKE
D:\major project\dataset\face only\DFDC_FAKE_Face_only_data\eazkicaoye.mp4,FAKE
D:\major project\dataset\face only\DFDC_REAL_Face_only_data\sznkemeqro.mp4,REAL
D:\major project\dataset\face only\DFDC_REAL_Face_only_data\ylxwcwhjjd.mp4,REAL
D:\major project\dataset\face only\DFDC_FAKE_Face_only_data\arcviozhqq.mp4,FAKE
D:\major project\dataset\face only\DFDC_FAKE_Face_only_data\bjhlloopdo.mp4,FAKE
D:\major project\dataset\face only\DFDC_FAKE_Face_only_data\atidvosipb.mp4,FAKE
D:\major project\dataset\face only\DFDC_FAKE_Face_only_data\dkphahwdrr.mp4,FAKE
D:\major project\dataset\face only\DFDC_FAKE_Face_only_data\csflwluoeb.mp4,FAKE
D:\major project\dataset\face only\DFDC_FAKE_Face_only_data\bmdrytwxjp.mp4,FAKE
D:\major project\dataset\face only\DFDC_FAKE_Face_only_data\bktkwbcawi.mp4,FAKE
D:\major project\dataset\face only\DFDC_REAL_Face_only_data\rbhecseopz.mp4,REAL
D:\major project\dataset\face only\DFDC_REAL_Face_only_data\qjeovxqskj.mp4,REAL
D:\major project\dataset\face only\DFDC_REAL_Face_only_data\jhmliugwqq.mp4,REAL
D:\major project\dataset\face only\DFDC_FAKE_Face_only_data\ctsoiluvvz.mp4,FAKE
D:\major project\dataset\face only\DFDC_FAKE_Face_only_data\bjaejffikm.mp4,FAKE
D:\major project\dataset\face only\DFDC_FAKE_Face_only_data\aurcpsxlqm.mp4,FAKE
D:\major project\dataset\face only\DFDC_FAKE_Face_only_data\bqrqgidhyk.mp4,FAKE
D:\major project\dataset\face only\DFDC_FAKE_Face_only_data\dorgwfxgrc.mp4,FAKE
D:\major project\dataset\face only\DFDC_REAL_Face_only_data\rrwdacnzcd.mp4,REAL
D:\major project\dataset\face only\DFDC_FAKE_Face_only_data\dxhacwtgxn.mp4,FAKE
D:\major project\dataset\face only\DFDC_REAL_Face_only_data\kkbznuwipg.mp4,REAL
D:\major project\dataset\face only\DFDC_FAKE_Face_only_data\awgnijixvk.mp4,FAKE
D:\major project\dataset\face only\DFDC_REAL_Face_only_data\yrxljghbmn.mp4,REAL
D:\major project\dataset\face only\DFDC_FAKE_Face_only_data\atmpbrgsmp.mp4,FAKE
D:\major project\dataset\face only\DFDC_REAL_Face_only_data\ezbvvongzk.mp4,REAL
D:\major project\dataset\face only\DFDC_FAKE_Face_only_data\cxsqjzyauw.mp4,FAKE
D:\major project\dataset\face only\DFDC_FAKE_Face_only_data\cgjgaddbbw.mp4,FAKE
D:\major project\dataset\face only\DFDC_FAKE_Face_only_data\bkkxuqeifu.mp4,FAKE
D:\major project\dataset\face only\DFDC_FAKE_Face_only_data\bbhwlztebz.mp4,FAKE
D:\major project\dataset\face only\DFDC_FAKE_Face_only_data\edvsrpoqyg.mp4,FAKE
D:\major project\dataset\face only\DFDC_REAL_Face_only_data\iuatfdhkya.mp4,REAL
D:\major project\dataset\face only\DFDC_REAL_Face_only_data\grzszchajr.mp4,REAL
D:\major project\dataset\face only\DFDC_FAKE_Face_only_data\dzwleiudsk.mp4,FAKE
D:\major project\dataset\face only\DFDC_FAKE_Face_only_data\cracusggal.mp4,FAKE
D:\major project\dataset\face only\DFDC_REAL_Face_only_data\sodvtfqbpf.mp4,REAL
D:\major project\dataset\face only\DFDC_REAL_Face_only_data\qiyzfjrloz.mp4,REAL
D:\major project\dataset\face only\DFDC_FAKE_Face_only_data\cgnhytdbnt.mp4,FAKE
D:\major project\dataset\face only\DFDC_REAL_Face_only_data\zfrrixsimm.mp4,REAL
D:\major project\dataset\face only\DFDC_FAKE_Face_only_data\agqzyglsup.mp4,FAKE
D:\major project\dataset\face only\DFDC_FAKE_Face_only_data\dkqwmjuvky.mp4,FAKE
D:\major project\dataset\face only\DFDC_REAL_Face_only_data\gochxzemmq.mp4,REAL
D:\major project\dataset\face only\DFDC_REAL_Face_only_data\dzkyxbbqkr.mp4,REAL
D:\major project\dataset\face only\DFDC_REAL_Face_only_data\phjvutxpoi.mp4,REAL
D:\major project\dataset\face only\DFDC_REAL_Face_only_data\kezwvsxxzj.mp4,REAL
D:\major project\dataset\face only\DFDC_REAL_Face_only_data\hkrhoronxv.mp4,REAL
D:\major project\dataset\face only\DFDC_FAKE_Face_only_data\dvslrgviss.mp4,FAKE
D:\major project\dataset\face only\DFDC_FAKE_Face_only_data\befkxqjbox.mp4,FAKE
D:\major project\dataset\face only\DFDC_FAKE_Face_only_data\ahcbiribgn.mp4,FAKE
D:\major project\dataset\face only\DFDC_REAL_Face_only_data\wilyayimlj.mp4,REAL
D:\major project\dataset\face only\DFDC_REAL_Face_only_data\rnxzqumvvl.mp4,REAL
D:\major project\dataset\face only\DFDC_REAL_Face_only_data\bfjsthfhbd.mp4,REAL
D:\major project\dataset\face only\DFDC_FAKE_Face_only_data\cugqzibkas.mp4,FAKE
D:\major project\dataset\face only\DFDC_FAKE_Face_only_data\ajovkrmjye.mp4,FAKE
D:\major project\dataset\face only\DFDC_REAL_Face_only_data\zmxeiipnqb.mp4,REAL
D:\major project\dataset\face only\DFDC_FAKE_Face_only_data\accuranbpc.mp4,FAKE
D:\major project\dataset\face only\DFDC_FAKE_Face_only_data\bofrwgeyjo.mp4,FAKE
D:\major project\dataset\face only\DFDC_FAKE_Face_only_data\dywxefvgfi.mp4,FAKE
D:\major project\dataset\face only\DFDC_FAKE_Face_only_data\dzjswiqnmm.mp4,FAKE
D:\major project\dataset\face only\DFDC_FAKE_Face_only_data\atsvznzksa.mp4,FAKE
D:\major project\dataset\face only\DFDC_FAKE_Face_only_data\byloqytsws.mp4,FAKE
D:\major project\dataset\face only\DFDC_REAL_Face_only_data\gpsxfxrjrr.mp4,REAL
D:\major project\dataset\face only\DFDC_FAKE_Face_only_data\bftztxnheg.mp4,FAKE
D:\major project\dataset\face only\DFDC_FAKE_Face_only_data\cvqlmslhdv.mp4,FAKE
D:\major project\dataset\face only\DFDC_FAKE_Face_only_data\azvpvieiaj.mp4,FAKE
D:\major project\dataset\face only\DFDC_FAKE_Face_only_data\aentwuqfmv.mp4,FAKE
D:\major project\dataset\face only\DFDC_FAKE_Face_only_data\anzylmbqgi.mp4,FAKE
D:\major project\dataset\face only\DFDC_FAKE_Face_only_data\aqcqygyoae.mp4,FAKE
D:\major project\dataset\face only\DFDC_FAKE_Face_only_data\azloskdmkl.mp4,FAKE
D:\major project\dataset\face only\DFDC_FAKE_Face_only_data\cfmapbvctw.mp4,FAKE
D:\major project\dataset\face only\DFDC_REAL_Face_only_data\lpgxwdgnio.mp4,REAL
D:\major project\dataset\face only\DFDC_FAKE_Face_only_data\blklnegyki.mp4,FAKE
D:\major project\dataset\face only\DFDC_FAKE_Face_only_data\cktnvixgub.mp4,FAKE
D:\major project\dataset\face only\DFDC_FAKE_Face_only_data\clgpmpxpxa.mp4,FAKE
D:\major project\dataset\face only\DFDC_FAKE_Face_only_data\dxzscteuyd.mp4,FAKE
D:\major project\dataset\face only\DFDC_REAL_Face_only_data\zfnbkyefuh.mp4,REAL
D:\major project\dataset\face only\DFDC_REAL_Face_only_data\uxuvkrjhws.mp4,REAL
D:\major project\dataset\face only\DFDC_REAL_Face_only_data\oojxonbgow.mp4,REAL
D:\major project\dataset\face only\DFDC_REAL_Face_only_data\bkcyglmfci.mp4,REAL
D:\major project\dataset\face only\DFDC_FAKE_Face_only_data\binribybof.mp4,FAKE
D:\major project\dataset\face only\DFDC_FAKE_Face_only_data\cjbejshqep.mp4,FAKE
D:\major project\dataset\face only\DFDC_REAL_Face_only_data\zzmgnglanj.mp4,REAL
D:\major project\dataset\face only\DFDC_REAL_Face_only_data\ilqwcbprqa.mp4,REAL
D:\major project\dataset\face only\DFDC_REAL_Face_only_data\sfqwnoixtm.mp4,REAL
D:\major project\dataset\face only\DFDC_REAL_Face_only_data\knmrhhsnqw.mp4,REAL
D:\major project\dataset\face only\DFDC_REAL_Face_only_data\prwsfljdjo.mp4,REAL
D:\major project\dataset\face only\DFDC_REAL_Face_only_data\kbulxcnrhd.mp4,REAL
D:\major project\dataset\face only\DFDC_REAL_Face_only_data\bhbdbhcqlh.mp4,REAL
D:\major project\dataset\face only\DFDC_REAL_Face_only_data\irqzdokcws.mp4,REAL
D:\major project\dataset\face only\DFDC_FAKE_Face_only_data\bppvyenwri.mp4,FAKE
D:\major project\dataset\face only\DFDC_FAKE_Face_only_data\axyczuqmyl.mp4,FAKE
D:\major project\dataset\face only\DFDC_REAL_Face_only_data\akrubjfzzc.mp4,REAL
D:\major project\dataset\face only\DFDC_FAKE_Face_only_data\ddtgcdxlfj.mp4,FAKE
D:\major project\dataset\face only\DFDC_REAL_Face_only_data\nzqtvipnoc.mp4,REAL
D:\major project\dataset\face only\DFDC_FAKE_Face_only_data\bdeouczrwb.mp4,FAKE
D:\major project\dataset\face only\DFDC_REAL_Face_only_data\ebqceovwpd.mp4,REAL
D:\major project\dataset\face only\DFDC_REAL_Face_only_data\bfdopzvxbi.mp4,REAL
D:\major project\dataset\face only\DFDC_REAL_Face_only_data\rxdoimqble.mp4,REAL
D:\major project\dataset\face only\DFDC_REAL_Face_only_data\rmlzgerevr.mp4,REAL
D:\major project\dataset\face only\DFDC_REAL_Face_only_data\orkccpsdba.mp4,REAL
D:\major project\dataset\face only\DFDC_REAL_Face_only_data\qooxnxqqjb.mp4,REAL
D:\major project\dataset\face only\DFDC_REAL_Face_only_data\wbjtrlyjsm.mp4,REAL
D:\major project\dataset\face only\DFDC_REAL_Face_only_data\rzljiqidhj.mp4,REAL
D:\major project\dataset\face only\DFDC_REAL_Face_only_data\qhkzlnzruj.mp4,REAL
D:\major project\dataset\face only\DFDC_FAKE_Face_only_data\cebcmahlap.mp4,FAKE
D:\major project\dataset\face only\DFDC_REAL_Face_only_data\tyjpjpglgx.mp4,REAL
D:\major project\dataset\face only\DFDC_REAL_Face_only_data\mdgbfnyoys.mp4,REAL
D:\major project\dataset\face only\DFDC_REAL_Face_only_data\ihglzxzroo.mp4,REAL
D:\major project\dataset\face only\DFDC_REAL_Face_only_data\whurggewea.mp4,REAL
D:\major project\dataset\face only\DFDC_FAKE_Face_only_data\bjorshdgjo.mp4,FAKE
D:\major project\dataset\face only\DFDC_REAL_Face_only_data\sxryoeigag.mp4,REAL
D:\major project\dataset\face only\DFDC_REAL_Face_only_data\pdswwyyntw.mp4,REAL
D:\major project\dataset\face only\DFDC_REAL_Face_only_data\ijvprklcmz.mp4,REAL
D:\major project\dataset\face only\DFDC_REAL_Face_only_data\xemhvuvgrn.mp4,REAL
D:\major project\dataset\face only\DFDC_REAL_Face_only_data\vajkicalux.mp4,REAL
D:\major project\dataset\face only\DFDC_FAKE_Face_only_data\dsbrnbihpn.mp4,FAKE
D:\major project\dataset\face only\DFDC_REAL_Face_only_data\ekvwecwltj.mp4,REAL
D:\major project\dataset\face only\DFDC_REAL_Face_only_data\rrsczkvqso.mp4,REAL
D:\major project\dataset\face only\DFDC_REAL_Face_only_data\jyoxdvxpza.mp4,REAL
D:\major project\dataset\face only\DFDC_REAL_Face_only_data\yhjlnisfel.mp4,REAL
D:\major project\dataset\face only\DFDC_REAL_Face_only_data\jtafajtmpv.mp4,REAL
D:\major project\dataset\face only\DFDC_REAL_Face_only_data\ggzjfrirjh.mp4,REAL
D:\major project\dataset\face only\DFDC_REAL_Face_only_data\zxacihctqp.mp4,REAL
D:\major project\dataset\face only\DFDC_REAL_Face_only_data\mwocdprfiu.mp4,REAL
D:\major project\dataset\face only\DFDC_REAL_Face_only_data\rcqcattfsu.mp4,REAL
D:\major project\dataset\face only\DFDC_FAKE_Face_only_data\aahsnkchkz.mp4,FAKE
D:\major project\dataset\face only\DFDC_REAL_Face_only_data\dmmvuaikkv.mp4,REAL
D:\major project\dataset\face only\DFDC_REAL_Face_only_data\uufozqkfkf.mp4,REAL
D:\major project\dataset\face only\DFDC_REAL_Face_only_data\auiyaoncks.mp4,REAL
D:\major project\dataset\face only\DFDC_REAL_Face_only_data\blnmxntbey.mp4,REAL
D:\major project\dataset\face only\DFDC_REAL_Face_only_data\fjxovgmwnm.mp4,REAL
D:\major project\dataset\face only\DFDC_FAKE_Face_only_data\aoayayeqji.mp4,FAKE
D:\major project\dataset\face only\DFDC_REAL_Face_only_data\wjhpisoeaj.mp4,REAL
D:\major project\dataset\face only\DFDC_REAL_Face_only_data\ndxodmkaia.mp4,REAL
D:\major project\dataset\face only\DFDC_REAL_Face_only_data\qcsfyfuibd.mp4,REAL
D:\major project\dataset\face only\DFDC_REAL_Face_only_data\gqauayeamb.mp4,REAL
D:\major project\dataset\face only\DFDC_FAKE_Face_only_data\ctjewcqxee.mp4,FAKE
D:\major project\dataset\face only\DFDC_REAL_Face_only_data\jfvhokkzmq.mp4,REAL
D:\major project\dataset\face only\DFDC_REAL_Face_only_data\xezkldtvhk.mp4,REAL
D:\major project\dataset\face only\DFDC_REAL_Face_only_data\rlqbowounu.mp4,REAL
D:\major project\dataset\face only\DFDC_REAL_Face_only_data\vnlzxqwthl.mp4,REAL
D:\major project\dataset\face only\DFDC_REAL_Face_only_data\crvepxiplb.mp4,REAL
D:\major project\dataset\face only\DFDC_REAL_Face_only_data\dzojiwfvba.mp4,REAL
D:\major project\dataset\face only\DFDC_REAL_Face_only_data\uulabkvfns.mp4,REAL
D:\major project\dataset\face only\DFDC_REAL_Face_only_data\pxjkzvqomp.mp4,REAL
D:\major project\dataset\face only\DFDC_REAL_Face_only_data\gvwkwkosow.mp4,REAL
D:\major project\dataset\face only\DFDC_REAL_Face_only_data\sekwncgkzc.mp4,REAL
D:\major project\dataset\face only\DFDC_FAKE_Face_only_data\bstbbiefie.mp4,FAKE
D:\major project\dataset\face only\DFDC_REAL_Face_only_data\nyyrcevhrc.mp4,REAL
D:\major project\dataset\face only\DFDC_REAL_Face_only_data\ncmpqwmnzb.mp4,REAL
D:\major project\dataset\face only\DFDC_REAL_Face_only_data\uhrqlmlclw.mp4,REAL
D:\major project\dataset\face only\DFDC_REAL_Face_only_data\tomunwedej.mp4,REAL
D:\major project\dataset\face only\DFDC_REAL_Face_only_data\zbgssotnjm.mp4,REAL
D:\major project\dataset\face only\DFDC_REAL_Face_only_data\lbigytrrtr.mp4,REAL
D:\major project\dataset\face only\DFDC_REAL_Face_only_data\mxlipjhmqk.mp4,REAL
D:\major project\dataset\face only\DFDC_REAL_Face_only_data\txnmkabufs.mp4,REAL
D:\major project\dataset\face only\DFDC_REAL_Face_only_data\tgawasvbbr.mp4,REAL
D:\major project\dataset\face only\DFDC_REAL_Face_only_data\gfgcwxkbjd.mp4,REAL
D:\major project\dataset\face only\DFDC_FAKE_Face_only_data\dbyfoksnlh.mp4,FAKE
D:\major project\dataset\face only\DFDC_REAL_Face_only_data\dsnxgrfdmd.mp4,REAL
D:\major project\dataset\face only\DFDC_REAL_Face_only_data\yrdrzkpxgz.mp4,REAL
D:\major project\dataset\face only\DFDC_REAL_Face_only_data\pnwjdpjlup.mp4,REAL
D:\major project\dataset\face only\DFDC_REAL_Face_only_data\adohdulfwb.mp4,REAL
D:\major project\dataset\face only\DFDC_REAL_Face_only_data\ruhtnngrqv.mp4,REAL
D:\major project\dataset\face only\DFDC_FAKE_Face_only_data\czifmcopho.mp4,FAKE
D:\major project\dataset\face only\DFDC_FAKE_Face_only_data\bcvheslzrq.mp4,FAKE
D:\major project\dataset\face only\DFDC_FAKE_Face_only_data\cshlbvfpzi.mp4,FAKE
D:\major project\dataset\face only\DFDC_REAL_Face_only_data\rfukeoxpqu.mp4,REAL
D:\major project\dataset\face only\DFDC_REAL_Face_only_data\mwnibuujwz.mp4,REAL
D:\major project\dataset\face only\DFDC_REAL_Face_only_data\oocincvedt.mp4,REAL
D:\major project\dataset\face only\DFDC_REAL_Face_only_data\abmjszfycr.mp4,REAL
D:\major project\dataset\face only\DFDC_FAKE_Face_only_data\ammowfdpae.mp4,FAKE
D:\major project\dataset\face only\DFDC_FAKE_Face_only_data\bbaeewtqei.mp4,FAKE
D:\major project\dataset\face only\DFDC_REAL_Face_only_data\jkonwkrhqp.mp4,REAL
D:\major project\dataset\face only\DFDC_REAL_Face_only_data\onanqtsdjk.mp4,REAL
D:\major project\dataset\face only\DFDC_REAL_Face_only_data\iweugtdrpv.mp4,REAL
D:\major project\dataset\face only\DFDC_REAL_Face_only_data\ljauauuyka.mp4,REAL
D:\major project\dataset\face only\DFDC_REAL_Face_only_data\rukyxomwcx.mp4,REAL
D:\major project\dataset\face only\DFDC_REAL_Face_only_data\wqsveixiyo.mp4,REAL
D:\major project\dataset\face only\DFDC_REAL_Face_only_data\mwxecbuidu.mp4,REAL
D:\major project\dataset\face only\DFDC_REAL_Face_only_data\iorbtaarte.mp4,REAL
D:\major project\dataset\face only\DFDC_REAL_Face_only_data\uuqrzdhjuh.mp4,REAL
D:\major project\dataset\face only\DFDC_FAKE_Face_only_data\djzyraaict.mp4,FAKE
D:\major project\dataset\face only\DFDC_REAL_Face_only_data\caaackoecr.mp4,REAL
D:\major project\dataset\face only\DFDC_REAL_Face_only_data\nsrbvbkpfr.mp4,REAL
D:\major project\dataset\face only\DFDC_REAL_Face_only_data\ogghhskfdr.mp4,REAL
D:\major project\dataset\face only\DFDC_REAL_Face_only_data\czfqlbcfpa.mp4,REAL
D:\major project\dataset\face only\DFDC_FAKE_Face_only_data\cbtcwfzudb.mp4,FAKE
D:\major project\dataset\face only\DFDC_REAL_Face_only_data\ixzkhxrmka.mp4,REAL
D:\major project\dataset\face only\DFDC_REAL_Face_only_data\hjiixnernu.mp4,REAL
D:\major project\dataset\face only\DFDC_REAL_Face_only_data\vdwxhqsypv.mp4,REAL
D:\major project\dataset\face only\DFDC_REAL_Face_only_data\ywxpquomgt.mp4,REAL
D:\major project\dataset\face only\DFDC_FAKE_Face_only_data\ehkjdctavq.mp4,FAKE
D:\major project\dataset\face only\DFDC_REAL_Face_only_data\oaguiggjyv.mp4,REAL
D:\major project\dataset\face only\DFDC_REAL_Face_only_data\vbfjlcuswe.mp4,REAL
D:\major project\dataset\face only\DFDC_REAL_Face_only_data\fqvaalcdae.mp4,REAL
D:\major project\dataset\face only\DFDC_REAL_Face_only_data\mdlwompdxe.mp4,REAL
D:\major project\dataset\face only\DFDC_REAL_Face_only_data\nycmyuzpml.mp4,REAL
D:\major project\dataset\face only\DFDC_REAL_Face_only_data\jiswxuqzyz.mp4,REAL
D:\major project\dataset\face only\DFDC_REAL_Face_only_data\bfajruognp.mp4,REAL
D:\major project\dataset\face only\DFDC_REAL_Face_only_data\bckjuzbabv.mp4,REAL
D:\major project\dataset\face only\DFDC_REAL_Face_only_data\elackxuccp.mp4,REAL
D:\major project\dataset\face only\DFDC_REAL_Face_only_data\qsuinwnjjb.mp4,REAL
D:\major project\dataset\face only\DFDC_REAL_Face_only_data\nxnmkytwze.mp4,REAL
D:\major project\dataset\face only\DFDC_REAL_Face_only_data\uqguyibemu.mp4,REAL
D:\major project\dataset\face only\DFDC_FAKE_Face_only_data\dqqwmmwlbg.mp4,FAKE
D:\major project\dataset\face only\DFDC_REAL_Face_only_data\tzmithsdcj.mp4,REAL
D:\major project\dataset\face only\DFDC_REAL_Face_only_data\mkmgcxaztt.mp4,REAL
D:\major project\dataset\face only\DFDC_REAL_Face_only_data\hvyevrpeyc.mp4,REAL
D:\major project\dataset\face only\DFDC_REAL_Face_only_data\vcwxdwngnq.mp4,REAL
D:\major project\dataset\face only\DFDC_REAL_Face_only_data\hierggamuo.mp4,REAL
D:\major project\dataset\face only\DFDC_FAKE_Face_only_data\cwhoszpfek.mp4,FAKE
D:\major project\dataset\face only\DFDC_REAL_Face_only_data\jyfvaequfg.mp4,REAL
D:\major project\dataset\face only\DFDC_REAL_Face_only_data\ystdtnetgj.mp4,REAL
D:\major project\dataset\face only\DFDC_REAL_Face_only_data\gxbkcxyfjm.mp4,REAL
D:\major project\dataset\face only\DFDC_REAL_Face_only_data\zuwwbbusgl.mp4,REAL
D:\major project\dataset\face only\DFDC_REAL_Face_only_data\ugrlhuxwkw.mp4,REAL
D:\major project\dataset\face only\DFDC_REAL_Face_only_data\oefukgnvel.mp4,REAL
D:\major project\dataset\face only\DFDC_FAKE_Face_only_data\dohidzgzqj.mp4,FAKE
D:\major project\dataset\face only\DFDC_REAL_Face_only_data\dajebuxaez.mp4,REAL
D:\major project\dataset\face only\DFDC_REAL_Face_only_data\dtozwcapoa.mp4,REAL
D:\major project\dataset\face only\DFDC_REAL_Face_only_data\uayzvvmhjr.mp4,REAL
D:\major project\dataset\face only\DFDC_REAL_Face_only_data\yronlutbgm.mp4,REAL
D:\major project\dataset\face only\DFDC_REAL_Face_only_data\qknnpddobj.mp4,REAL
D:\major project\dataset\face only\DFDC_REAL_Face_only_data\qqnlrngaft.mp4,REAL
D:\major project\dataset\face only\DFDC_REAL_Face_only_data\psesikjaxx.mp4,REAL
D:\major project\dataset\face only\DFDC_REAL_Face_only_data\dpmgoiwhuf.mp4,REAL
D:\major project\dataset\face only\DFDC_REAL_Face_only_data\siebfpwuhu.mp4,REAL
D:\major project\dataset\face only\DFDC_REAL_Face_only_data\pzdsiytket.mp4,REAL
D:\major project\dataset\face only\DFDC_REAL_Face_only_data\ljouzjaqqe.mp4,REAL
D:\major project\dataset\face only\DFDC_FAKE_Face_only_data\bhidtfximd.mp4,FAKE
D:\major project\dataset\face only\DFDC_REAL_Face_only_data\dxgnpnowgk.mp4,REAL
D:\major project\dataset\face only\DFDC_REAL_Face_only_data\wadvzjhwtw.mp4,REAL
D:\major project\dataset\face only\DFDC_REAL_Face_only_data\phvzvwsxtx.mp4,REAL
D:\major project\dataset\face only\DFDC_FAKE_Face_only_data\egxdgjsilw.mp4,FAKE
D:\major project\dataset\face only\DFDC_REAL_Face_only_data\oovzfmploa.mp4,REAL
D:\major project\dataset\face only\DFDC_FAKE_Face_only_data\dnrpknwija.mp4,FAKE
D:\major project\dataset\face only\DFDC_REAL_Face_only_data\cxwcpgspni.mp4,REAL
D:\major project\dataset\face only\DFDC_FAKE_Face_only_data\amexfpxjzt.mp4,FAKE
D:\major project\dataset\face only\DFDC_FAKE_Face_only_data\bxctteujhv.mp4,FAKE
D:\major project\dataset\face only\DFDC_FAKE_Face_only_data\bwrtykzswp.mp4,FAKE
D:\major project\dataset\face only\DFDC_FAKE_Face_only_data\eldndygyuj.mp4,FAKE
D:\major project\dataset\face only\DFDC_FAKE_Face_only_data\cvwbvedicl.mp4,FAKE
D:\major project\dataset\face only\DFDC_FAKE_Face_only_data\dnugrjawlu.mp4,FAKE
D:\major project\dataset\face only\DFDC_FAKE_Face_only_data\dzbtmzyupz.mp4,FAKE
D:\major project\dataset\face only\DFDC_FAKE_Face_only_data\afnxnrrqsj.mp4,FAKE
D:\major project\dataset\face only\DFDC_FAKE_Face_only_data\dwdsqjvuch.mp4,FAKE
D:\major project\dataset\face only\DFDC_REAL_Face_only_data\aqzbhxohjk.mp4,REAL
D:\major project\dataset\face only\DFDC_FAKE_Face_only_data\cchevvfwpu.mp4,FAKE
D:\major project\dataset\face only\DFDC_REAL_Face_only_data\bvsnqubtjc.mp4,REAL
D:\major project\dataset\face only\DFDC_FAKE_Face_only_data\aglalfjfer.mp4,FAKE
D:\major project\dataset\face only\DFDC_FAKE_Face_only_data\etndujkuoe.mp4,FAKE
D:\major project\dataset\face only\DFDC_FAKE_Face_only_data\dnhdqryijq.mp4,FAKE
D:\major project\dataset\face only\DFDC_REAL_Face_only_data\qlzfgzyuly.mp4,REAL
D:\major project\dataset\face only\DFDC_FAKE_Face_only_data\cxwfakmhui.mp4,FAKE
D:\major project\dataset\face only\DFDC_REAL_Face_only_data\kxppqyujvj.mp4,REAL
D:\major project\dataset\face only\DFDC_FAKE_Face_only_data\dmspiciqdb.mp4,FAKE
D:\major project\dataset\face only\DFDC_FAKE_Face_only_data\cehhbxagyt.mp4,FAKE
D:\major project\dataset\face only\DFDC_REAL_Face_only_data\iumybqkbzt.mp4,REAL
D:\major project\dataset\face only\DFDC_REAL_Face_only_data\shmkfwlhwr.mp4,REAL
D:\major project\dataset\face only\DFDC_FAKE_Face_only_data\cpxlfotfyz.mp4,FAKE
D:\major project\dataset\face only\DFDC_FAKE_Face_only_data\eqklxbzhmu.mp4,FAKE
D:\major project\dataset\face only\DFDC_FAKE_Face_only_data\edmrdlwfbp.mp4,FAKE
D:\major project\dataset\face only\DFDC_REAL_Face_only_data\wqbzbxjndx.mp4,REAL
D:\major project\dataset\face only\DFDC_FAKE_Face_only_data\clkgvdosxe.mp4,FAKE
D:\major project\dataset\face only\DFDC_FAKE_Face_only_data\ddghapcesx.mp4,FAKE
D:\major project\dataset\face only\DFDC_REAL_Face_only_data\gjasrapdle.mp4,REAL
D:\major project\dataset\face only\DFDC_FAKE_Face_only_data\betxlrlfsv.mp4,FAKE
D:\major project\dataset\face only\DFDC_REAL_Face_only_data\mrgmchwvfk.mp4,REAL
D:\major project\dataset\face only\DFDC_FAKE_Face_only_data\enipqkwzqx.mp4,FAKE
D:\major project\dataset\face only\DFDC_FAKE_Face_only_data\chprhivkyt.mp4,FAKE
D:\major project\dataset\face only\DFDC_REAL_Face_only_data\xzhlniwqng.mp4,REAL
D:\major project\dataset\face only\DFDC_REAL_Face_only_data\eyscmmobpw.mp4,REAL
D:\major project\dataset\face only\DFDC_FAKE_Face_only_data\dbsfikupsn.mp4,FAKE
D:\major project\dataset\face only\DFDC_FAKE_Face_only_data\campcpgvlt.mp4,FAKE
D:\major project\dataset\face only\DFDC_FAKE_Face_only_data\cntwvadfii.mp4,FAKE
D:\major project\dataset\face only\DFDC_REAL_Face_only_data\drywmgvslp.mp4,REAL
D:\major project\dataset\face only\DFDC_FAKE_Face_only_data\awlmfcjhxf.mp4,FAKE
D:\major project\dataset\face only\DFDC_REAL_Face_only_data\xlzhzudnny.mp4,REAL
D:\major project\dataset\face only\DFDC_FAKE_Face_only_data\eggcbcoedw.mp4,FAKE
D:\major project\dataset\face only\DFDC_REAL_Face_only_data\pczqsicacb.mp4,REAL
D:\major project\dataset\face only\DFDC_FAKE_Face_only_data\crcrqrsyik.mp4,FAKE
D:\major project\dataset\face only\DFDC_FAKE_Face_only_data\ablzpwqhcc.mp4,FAKE
D:\major project\dataset\face only\DFDC_REAL_Face_only_data\kkhtabarcx.mp4,REAL
D:\major project\dataset\face only\DFDC_FAKE_Face_only_data\dxraevezxe.mp4,FAKE
D:\major project\dataset\face only\DFDC_FAKE_Face_only_data\bbwwbsccdf.mp4,FAKE
D:\major project\dataset\face only\DFDC_REAL_Face_only_data\xxmdknsonl.mp4,REAL
D:\major project\dataset\face only\DFDC_REAL_Face_only_data\eifretwgfd.mp4,REAL
D:\major project\dataset\face only\DFDC_REAL_Face_only_data\eclxonfxph.mp4,REAL
D:\major project\dataset\face only\DFDC_REAL_Face_only_data\luiqqsfzgz.mp4,REAL
D:\major project\dataset\face only\DFDC_REAL_Face_only_data\nsqssmxbuk.mp4,REAL
D:\major project\dataset\face only\DFDC_FAKE_Face_only_data\czrnayusig.mp4,FAKE
D:\major project\dataset\face only\DFDC_FAKE_Face_only_data\coytfhjqcr.mp4,FAKE
D:\major project\dataset\face only\DFDC_FAKE_Face_only_data\bhbnvkiwti.mp4,FAKE
D:\major project\dataset\face only\DFDC_FAKE_Face_only_data\deczfkdrhz.mp4,FAKE
D:\major project\dataset\face only\DFDC_FAKE_Face_only_data\edquqwggla.mp4,FAKE
D:\major project\dataset\face only\DFDC_REAL_Face_only_data\ofdhwdwvqb.mp4,REAL
D:\major project\dataset\face only\DFDC_REAL_Face_only_data\tsvhwitvah.mp4,REAL
D:\major project\dataset\face only\DFDC_FAKE_Face_only_data\ckogtjkhzt.mp4,FAKE
D:\major project\dataset\face only\DFDC_REAL_Face_only_data\advzryyfkn.mp4,REAL
D:\major project\dataset\face only\DFDC_FAKE_Face_only_data\ekzwasnkky.mp4,FAKE
D:\major project\dataset\face only\DFDC_FAKE_Face_only_data\acptlizllc.mp4,FAKE
D:\major project\dataset\face only\DFDC_FAKE_Face_only_data\bcgnzohdlw.mp4,FAKE
D:\major project\dataset\face only\DFDC_REAL_Face_only_data\hcpxaobnjr.mp4,REAL
D:\major project\dataset\face only\DFDC_FAKE_Face_only_data\ecqpbhajkx.mp4,FAKE
D:\major project\dataset\face only\DFDC_FAKE_Face_only_data\clndjmjqbg.mp4,FAKE
D:\major project\dataset\face only\DFDC_REAL_Face_only_data\mcchrddyxx.mp4,REAL
D:\major project\dataset\face only\DFDC_REAL_Face_only_data\bzybxsrwxk.mp4,REAL
D:\major project\dataset\face only\DFDC_FAKE_Face_only_data\bbmagsmxrb.mp4,FAKE
D:\major project\dataset\face only\DFDC_FAKE_Face_only_data\ejsdvcnvlu.mp4,FAKE
D:\major project\dataset\face only\DFDC_FAKE_Face_only_data\eczoeypdon.mp4,FAKE
D:\major project\dataset\face only\DFDC_REAL_Face_only_data\jegaokdbdb.mp4,REAL
D:\major project\dataset\face only\DFDC_REAL_Face_only_data\otaahqoath.mp4,REAL
D:\major project\dataset\face only\DFDC_REAL_Face_only_data\wiqdiiskbi.mp4,REAL
D:\major project\dataset\face only\DFDC_FAKE_Face_only_data\ddnishdmey.mp4,FAKE
D:\major project\dataset\face only\DFDC_FAKE_Face_only_data\ajcgqfzbef.mp4,FAKE
D:\major project\dataset\face only\DFDC_FAKE_Face_only_data\atchftsngx.mp4,FAKE
D:\major project\dataset\face only\DFDC_REAL_Face_only_data\pdgzsvxvht.mp4,REAL
D:\major project\dataset\face only\DFDC_FAKE_Face_only_data\axidwwmhvb.mp4,FAKE
D:\major project\dataset\face only\DFDC_FAKE_Face_only_data\afrwgxjdqz.mp4,FAKE
D:\major project\dataset\face only\DFDC_REAL_Face_only_data\ghfnznqrvh.mp4,REAL
D:\major project\dataset\face only\DFDC_REAL_Face_only_data\hbcasaspdr.mp4,REAL
D:\major project\dataset\face only\DFDC_FAKE_Face_only_data\eshylhwvej.mp4,FAKE
D:\major project\dataset\face only\DFDC_REAL_Face_only_data\plsttxlqoo.mp4,REAL
D:\major project\dataset\face only\DFDC_REAL_Face_only_data\pzkvwtadta.mp4,REAL
D:\major project\dataset\face only\DFDC_FAKE_Face_only_data\cxmvedvusk.mp4,FAKE
D:\major project\dataset\face only\DFDC_FAKE_Face_only_data\caljwhewpb.mp4,FAKE
D:\major project\dataset\face only\DFDC_FAKE_Face_only_data\druokiksrn.mp4,FAKE
D:\major project\dataset\face only\DFDC_FAKE_Face_only_data\bpijdklhxj.mp4,FAKE
D:\major project\dataset\face only\DFDC_FAKE_Face_only_data\dawsozqnoy.mp4,FAKE
D:\major project\dataset\face only\DFDC_FAKE_Face_only_data\dbpwyvzccc.mp4,FAKE
D:\major project\dataset\face only\DFDC_FAKE_Face_only_data\eqliqjdput.mp4,FAKE
D:\major project\dataset\face only\DFDC_REAL_Face_only_data\zjxeptlacm.mp4,REAL
D:\major project\dataset\face only\DFDC_FAKE_Face_only_data\aarsmohwrt.mp4,FAKE
D:\major project\dataset\face only\DFDC_REAL_Face_only_data\aycjerwghk.mp4,REAL
D:\major project\dataset\face only\DFDC_REAL_Face_only_data\mwtamzmmjs.mp4,REAL
D:\major project\dataset\face only\DFDC_FAKE_Face_only_data\eppywcdkcs.mp4,FAKE
D:\major project\dataset\face only\DFDC_FAKE_Face_only_data\eefjhklvnt.mp4,FAKE
D:\major project\dataset\face only\DFDC_FAKE_Face_only_data\bmwftpdgmk.mp4,FAKE
D:\major project\dataset\face only\DFDC_FAKE_Face_only_data\dzjswxpstl.mp4,FAKE
D:\major project\dataset\face only\DFDC_FAKE_Face_only_data\cssoselqjy.mp4,FAKE
D:\major project\dataset\face only\DFDC_FAKE_Face_only_data\cyomcqpgmy.mp4,FAKE
D:\major project\dataset\face only\DFDC_FAKE_Face_only_data\dwynqbgsue.mp4,FAKE
D:\major project\dataset\face only\DFDC_FAKE_Face_only_data\cxdibrhrwz.mp4,FAKE
D:\major project\dataset\face only\DFDC_REAL_Face_only_data\gvpqgtsuyh.mp4,REAL
D:\major project\dataset\face only\DFDC_FAKE_Face_only_data\erzyucrekk.mp4,FAKE
D:\major project\dataset\face only\DFDC_REAL_Face_only_data\kytwyrusew.mp4,REAL
D:\major project\dataset\face only\DFDC_FAKE_Face_only_data\aelvskvush.mp4,FAKE
D:\major project\dataset\face only\DFDC_FAKE_Face_only_data\efgxwnhdkg.mp4,FAKE
D:\major project\dataset\face only\DFDC_FAKE_Face_only_data\bzmrzdjdfi.mp4,FAKE
D:\major project\dataset\face only\DFDC_REAL_Face_only_data\mgssylcwny.mp4,REAL
D:\major project\dataset\face only\DFDC_FAKE_Face_only_data\duxebrvpko.mp4,FAKE
D:\major project\dataset\face only\DFDC_FAKE_Face_only_data\bmewfssalv.mp4,FAKE
D:\major project\dataset\face only\DFDC_REAL_Face_only_data\pijwznrtjh.mp4,REAL
D:\major project\dataset\face only\DFDC_FAKE_Face_only_data\aqbkbgwgrd.mp4,FAKE
D:\major project\dataset\face only\DFDC_REAL_Face_only_data\pxrhjlzird.mp4,REAL
D:\major project\dataset\face only\DFDC_FAKE_Face_only_data\cerlkkynsx.mp4,FAKE
D:\major project\dataset\face only\DFDC_FAKE_Face_only_data\biihbnwecq.mp4,FAKE
D:\major project\dataset\face only\DFDC_FAKE_Face_only_data\bujfknruqx.mp4,FAKE
D:\major project\dataset\face only\DFDC_FAKE_Face_only_data\btydshktss.mp4,FAKE
D:\major project\dataset\face only\DFDC_REAL_Face_only_data\nnqfwqrcov.mp4,REAL
D:\major project\dataset\face only\DFDC_FAKE_Face_only_data\bvjebyqext.mp4,FAKE
D:\major project\dataset\face only\DFDC_FAKE_Face_only_data\cexrhgoikd.mp4,FAKE
D:\major project\dataset\face only\DFDC_REAL_Face_only_data\ftxkyhpuyp.mp4,REAL
D:\major project\dataset\face only\DFDC_REAL_Face_only_data\almnilnfyu.mp4,REAL
D:\major project\dataset\face only\DFDC_REAL_Face_only_data\gbwbyxszjl.mp4,REAL
D:\major project\dataset\face only\DFDC_FAKE_Face_only_data\esdscwuuqp.mp4,FAKE
D:\major project\dataset\face only\DFDC_FAKE_Face_only_data\eavwghkobe.mp4,FAKE
D:\major project\dataset\face only\DFDC_FAKE_Face_only_data\asjvplzvqm.mp4,FAKE
D:\major project\dataset\face only\DFDC_REAL_Face_only_data\pshagenxml.mp4,REAL
D:\major project\dataset\face only\DFDC_FAKE_Face_only_data\csxtydbgui.mp4,FAKE
D:\major project\dataset\face only\DFDC_REAL_Face_only_data\zqdjdmiihu.mp4,REAL
D:\major project\dataset\face only\DFDC_REAL_Face_only_data\xrxzalqmrz.mp4,REAL
D:\major project\dataset\face only\DFDC_FAKE_Face_only_data\agsbrbnbfh.mp4,FAKE
D:\major project\dataset\face only\DFDC_FAKE_Face_only_data\alxodlppci.mp4,FAKE
D:\major project\dataset\face only\DFDC_FAKE_Face_only_data\axklfzdbme.mp4,FAKE
D:\major project\dataset\face only\DFDC_REAL_Face_only_data\puylpqprqd.mp4,REAL
D:\major project\dataset\face only\DFDC_FAKE_Face_only_data\ahofrimoni.mp4,FAKE
D:\major project\dataset\face only\DFDC_REAL_Face_only_data\cqbfayfpqx.mp4,REAL
D:\major project\dataset\face only\DFDC_FAKE_Face_only_data\aimkjacvip.mp4,FAKE
D:\major project\dataset\face only\DFDC_REAL_Face_only_data\noozhkzkru.mp4,REAL
D:\major project\dataset\face only\DFDC_REAL_Face_only_data\lkwtqysqwr.mp4,REAL
D:\major project\dataset\face only\DFDC_FAKE_Face_only_data\elkbjpwigu.mp4,FAKE
D:\major project\dataset\face only\DFDC_FAKE_Face_only_data\aajhbrxhzm.mp4,FAKE
D:\major project\dataset\face only\DFDC_REAL_Face_only_data\chfkrpvgnz.mp4,REAL
D:\major project\dataset\face only\DFDC_REAL_Face_only_data\rrwgtachie.mp4,REAL
D:\major project\dataset\face only\DFDC_FAKE_Face_only_data\buhvwnaupu.mp4,FAKE
D:\major project\dataset\face only\DFDC_REAL_Face_only_data\ewoczpvuuc.mp4,REAL
D:\major project\dataset\face only\DFDC_FAKE_Face_only_data\aaknzywids.mp4,FAKE
D:\major project\dataset\face only\DFDC_FAKE_Face_only_data\dkwcabgddi.mp4,FAKE
D:\major project\dataset\face only\DFDC_REAL_Face_only_data\spzmqugvtn.mp4,REAL
D:\major project\dataset\face only\DFDC_REAL_Face_only_data\rozrjmrmeo.mp4,REAL
D:\major project\dataset\face only\DFDC_FAKE_Face_only_data\bvahacnzcf.mp4,FAKE
D:\major project\dataset\face only\DFDC_FAKE_Face_only_data\amcocxjkel.mp4,FAKE
D:\major project\dataset\face only\DFDC_FAKE_Face_only_data\azlfodrdst.mp4,FAKE
D:\major project\dataset\face only\DFDC_FAKE_Face_only_data\adckadazdl.mp4,FAKE
D:\major project\dataset\face only\DFDC_FAKE_Face_only_data\cytdctacrw.mp4,FAKE
D:\major project\dataset\face only\DFDC_FAKE_Face_only_data\bysnjpwrxs.mp4,FAKE
D:\major project\dataset\face only\DFDC_FAKE_Face_only_data\emxknhlufj.mp4,FAKE
D:\major project\dataset\face only\DFDC_FAKE_Face_only_data\bqzxvddxhv.mp4,FAKE
D:\major project\dataset\face only\DFDC_FAKE_Face_only_data\dzfavttdga.mp4,FAKE
D:\major project\dataset\face only\DFDC_FAKE_Face_only_data\azgafrrntz.mp4,FAKE
D:\major project\dataset\face only\DFDC_FAKE_Face_only_data\cccvfncjid.mp4,FAKE
D:\major project\dataset\face only\DFDC_FAKE_Face_only_data\dhogryadgy.mp4,FAKE
D:\major project\dataset\face only\DFDC_REAL_Face_only_data\uyddeofvvz.mp4,REAL
D:\major project\dataset\face only\DFDC_FAKE_Face_only_data\bgpwqfqnbi.mp4,FAKE
D:\major project\dataset\face only\DFDC_FAKE_Face_only_data\chhcmabekn.mp4,FAKE
D:\major project\dataset\face only\DFDC_FAKE_Face_only_data\cprsviqowo.mp4,FAKE
D:\major project\dataset\face only\DFDC_FAKE_Face_only_data\eaewlbhlxk.mp4,FAKE
D:\major project\dataset\face only\DFDC_REAL_Face_only_data\xpxqxdbjud.mp4,REAL
D:\major project\dataset\face only\DFDC_FAKE_Face_only_data\emognsfjum.mp4,FAKE
D:\major project\dataset\face only\DFDC_FAKE_Face_only_data\byrflccwdf.mp4,FAKE
D:\major project\dataset\face only\DFDC_FAKE_Face_only_data\atvucyyltw.mp4,FAKE
D:\major project\dataset\face only\DFDC_FAKE_Face_only_data\djrsjqtvry.mp4,FAKE
D:\major project\dataset\face only\DFDC_FAKE_Face_only_data\bdoadbahhf.mp4,FAKE
D:\major project\dataset\face only\DFDC_REAL_Face_only_data\xppjhsqnnm.mp4,REAL
D:\major project\dataset\face only\DFDC_FAKE_Face_only_data\cgyfrcpcqi.mp4,FAKE
D:\major project\dataset\face only\DFDC_REAL_Face_only_data\tchdlkhcym.mp4,REAL
D:\major project\dataset\face only\DFDC_FAKE_Face_only_data\buxrvoggov.mp4,FAKE
D:\major project\dataset\face only\DFDC_FAKE_Face_only_data\ayphanzbpm.mp4,FAKE
D:\major project\dataset\face only\DFDC_FAKE_Face_only_data\bspcyahzeb.mp4,FAKE
D:\major project\dataset\face only\DFDC_FAKE_Face_only_data\cqgihowwhl.mp4,FAKE
D:\major project\dataset\face only\DFDC_FAKE_Face_only_data\dydgxalbvq.mp4,FAKE
D:\major project\dataset\face only\DFDC_FAKE_Face_only_data\aslwfdrdsz.mp4,FAKE
D:\major project\dataset\face only\DFDC_FAKE_Face_only_data\bhtpbkfwdd.mp4,FAKE
D:\major project\dataset\face only\DFDC_REAL_Face_only_data\xoiyevqols.mp4,REAL
D:\major project\dataset\face only\DFDC_REAL_Face_only_data\nqxbkwbekr.mp4,REAL
D:\major project\dataset\face only\DFDC_FAKE_Face_only_data\bqlgvoexky.mp4,FAKE
D:\major project\dataset\face only\DFDC_FAKE_Face_only_data\batfgxokwg.mp4,FAKE
D:\major project\dataset\face only\DFDC_FAKE_Face_only_data\bhneimyaiz.mp4,FAKE
D:\major project\dataset\face only\DFDC_FAKE_Face_only_data\cuwnhkgiyb.mp4,FAKE
D:\major project\dataset\face only\DFDC_FAKE_Face_only_data\aafezqchru.mp4,FAKE
D:\major project\dataset\face only\DFDC_FAKE_Face_only_data\czdchuhbfe.mp4,FAKE
D:\major project\dataset\face only\DFDC_FAKE_Face_only_data\aqmxsdujjy.mp4,FAKE
D:\major project\dataset\face only\DFDC_FAKE_Face_only_data\dlgrgmkmpa.mp4,FAKE
D:\major project\dataset\face only\DFDC_REAL_Face_only_data\ezfrcspzxw.mp4,REAL
D:\major project\dataset\face only\DFDC_FAKE_Face_only_data\atxqvvrthu.mp4,FAKE
D:\major project\dataset\face only\DFDC_REAL_Face_only_data\avjkwuusto.mp4,REAL
D:\major project\dataset\face only\DFDC_FAKE_Face_only_data\birhfcgkot.mp4,FAKE
D:\major project\dataset\face only\DFDC_FAKE_Face_only_data\aspjhkusgd.mp4,FAKE
D:\major project\dataset\face only\DFDC_FAKE_Face_only_data\eglhjecykb.mp4,FAKE
D:\major project\dataset\face only\DFDC_FAKE_Face_only_data\bpbtxqytty.mp4,FAKE
D:\major project\dataset\face only\DFDC_FAKE_Face_only_data\eqwkbdxtyk.mp4,FAKE
D:\major project\dataset\face only\DFDC_FAKE_Face_only_data\asutuywxrs.mp4,FAKE
D:\major project\dataset\face only\DFDC_REAL_Face_only_data\awkvatcshx.mp4,REAL
D:\major project\dataset\face only\DFDC_FAKE_Face_only_data\borwxlaoje.mp4,FAKE
D:\major project\dataset\face only\DFDC_FAKE_Face_only_data\asntcqtqkq.mp4,FAKE
D:\major project\dataset\face only\DFDC_FAKE_Face_only_data\cdzriaborp.mp4,FAKE
D:\major project\dataset\face only\DFDC_REAL_Face_only_data\nmdzujhjid.mp4,REAL
D:\major project\dataset\face only\DFDC_REAL_Face_only_data\sjkigpouuh.mp4,REAL
D:\major project\dataset\face only\DFDC_FAKE_Face_only_data\eadolnlbix.mp4,FAKE
D:\major project\dataset\face only\DFDC_REAL_Face_only_data\skblurqkbj.mp4,REAL
D:\major project\dataset\face only\DFDC_FAKE_Face_only_data\bzmkkccnkt.mp4,FAKE
D:\major project\dataset\face only\DFDC_REAL_Face_only_data\pgvkkpnfrg.mp4,REAL
D:\major project\dataset\face only\DFDC_REAL_Face_only_data\slxtreuuzd.mp4,REAL
D:\major project\dataset\face only\DFDC_FAKE_Face_only_data\czjkgcwhch.mp4,FAKE
D:\major project\dataset\face only\DFDC_REAL_Face_only_data\yvkuususfu.mp4,REAL
D:\major project\dataset\face only\DFDC_FAKE_Face_only_data\ebvvelqptf.mp4,FAKE
D:\major project\dataset\face only\DFDC_FAKE_Face_only_data\arasptnvme.mp4,FAKE
D:\major project\dataset\face only\DFDC_REAL_Face_only_data\rxlnbvevtr.mp4,REAL
D:\major project\dataset\face only\DFDC_REAL_Face_only_data\hcnvjrbwyb.mp4,REAL
D:\major project\dataset\face only\DFDC_REAL_Face_only_data\bgsluarwyl.mp4,REAL
D:\major project\dataset\face only\DFDC_FAKE_Face_only_data\biyummatiu.mp4,FAKE
D:\major project\dataset\face only\DFDC_REAL_Face_only_data\pxquvkikhd.mp4,REAL
D:\major project\dataset\face only\DFDC_REAL_Face_only_data\frgzynfdxp.mp4,REAL
D:\major project\dataset\face only\DFDC_REAL_Face_only_data\vjokxcywyt.mp4,REAL
D:\major project\dataset\face only\DFDC_REAL_Face_only_data\elsxqxzbtk.mp4,REAL
D:\major project\dataset\face only\DFDC_FAKE_Face_only_data\daijlfwakh.mp4,FAKE
D:\major project\dataset\face only\DFDC_REAL_Face_only_data\gasbzeweme.mp4,REAL
D:\major project\dataset\face only\DFDC_REAL_Face_only_data\ihgazewlbd.mp4,REAL
D:\major project\dataset\face only\DFDC_FAKE_Face_only_data\dcnltnfeeg.mp4,FAKE
D:\major project\dataset\face only\DFDC_FAKE_Face_only_data\dbnuyzbgky.mp4,FAKE
D:\major project\dataset\face only\DFDC_FAKE_Face_only_data\adqyqmibof.mp4,FAKE
D:\major project\dataset\face only\DFDC_REAL_Face_only_data\goegdmmyxk.mp4,REAL
D:\major project\dataset\face only\DFDC_FAKE_Face_only_data\cbnyssjaho.mp4,FAKE
D:\major project\dataset\face only\DFDC_FAKE_Face_only_data\axqkzfboii.mp4,FAKE
D:\major project\dataset\face only\DFDC_REAL_Face_only_data\nwhleyjguj.mp4,REAL
D:\major project\dataset\face only\DFDC_REAL_Face_only_data\coyzuzluob.mp4,REAL
D:\major project\dataset\face only\DFDC_FAKE_Face_only_data\elrmpzdppn.mp4,FAKE
D:\major project\dataset\face only\DFDC_REAL_Face_only_data\vjenypjkzt.mp4,REAL
D:\major project\dataset\face only\DFDC_REAL_Face_only_data\pnzjahgfcj.mp4,REAL
D:\major project\dataset\face only\DFDC_REAL_Face_only_data\ldsunxtchf.mp4,REAL
D:\major project\dataset\face only\DFDC_REAL_Face_only_data\jvtrffcjuh.mp4,REAL
D:\major project\dataset\face only\DFDC_FAKE_Face_only_data\emrerqftel.mp4,FAKE
D:\major project\dataset\face only\DFDC_REAL_Face_only_data\wzdnvgackt.mp4,REAL
D:\major project\dataset\face only\DFDC_FAKE_Face_only_data\emnttneegx.mp4,FAKE
D:\major project\dataset\face only\DFDC_FAKE_Face_only_data\aigiiemnfz.mp4,FAKE
D:\major project\dataset\face only\DFDC_FAKE_Face_only_data\cundwodhjt.mp4,FAKE
D:\major project\dataset\face only\DFDC_REAL_Face_only_data\dbskpnukgs.mp4,REAL
D:\major project\dataset\face only\DFDC_REAL_Face_only_data\ykwmoztmjl.mp4,REAL
D:\major project\dataset\face only\DFDC_FAKE_Face_only_data\eqpnxxliki.mp4,FAKE
D:\major project\dataset\face only\DFDC_FAKE_Face_only_data\edghvpdkdo.mp4,FAKE
D:\major project\dataset\face only\DFDC_REAL_Face_only_data\hrtarlzjqi.mp4,REAL
D:\major project\dataset\face only\DFDC_REAL_Face_only_data\yokjmkzsbx.mp4,REAL
D:\major project\dataset\face only\DFDC_FAKE_Face_only_data\axtszmzvat.mp4,FAKE
D:\major project\dataset\face only\DFDC_FAKE_Face_only_data\arfqjhbpax.mp4,FAKE
D:\major project\dataset\face only\DFDC_REAL_Face_only_data\eonxnugdvo.mp4,REAL
D:\major project\dataset\face only\DFDC_REAL_Face_only_data\jjkfvegcnx.mp4,REAL
D:\major project\dataset\face only\DFDC_REAL_Face_only_data\kyebtgoqdg.mp4,REAL
D:\major project\dataset\face only\DFDC_REAL_Face_only_data\nxylqxbxnz.mp4,REAL
D:\major project\dataset\face only\DFDC_FAKE_Face_only_data\btdjfsvmvz.mp4,FAKE
D:\major project\dataset\face only\DFDC_REAL_Face_only_data\rgegpilfvx.mp4,REAL
D:\major project\dataset\face only\DFDC_REAL_Face_only_data\pmzpdrjsmq.mp4,REAL
D:\major project\dataset\face only\DFDC_REAL_Face_only_data\xgpicdcbrc.mp4,REAL
D:\major project\dataset\face only\DFDC_REAL_Face_only_data\zdyckloybc.mp4,REAL
D:\major project\dataset\face only\DFDC_REAL_Face_only_data\avphttmbpx.mp4,REAL
D:\major project\dataset\face only\DFDC_REAL_Face_only_data\vqjvtgaaqb.mp4,REAL
D:\major project\dataset\face only\DFDC_REAL_Face_only_data\uriohazzqe.mp4,REAL
D:\major project\dataset\face only\DFDC_FAKE_Face_only_data\ellibnfrxj.mp4,FAKE
D:\major project\dataset\face only\DFDC_REAL_Face_only_data\xzvnnhzbqd.mp4,REAL
D:\major project\dataset\face only\DFDC_REAL_Face_only_data\iomrpnpqyn.mp4,REAL
D:\major project\dataset\face only\DFDC_REAL_Face_only_data\agvtpygfdc.mp4,REAL
D:\major project\dataset\face only\DFDC_REAL_Face_only_data\qabreprhxg.mp4,REAL
D:\major project\dataset\face only\DFDC_REAL_Face_only_data\gwvwbbfckb.mp4,REAL
D:\major project\dataset\face only\DFDC_REAL_Face_only_data\wolrzmfong.mp4,REAL
D:\major project\dataset\face only\DFDC_REAL_Face_only_data\wnovcuyuqi.mp4,REAL
D:\major project\dataset\face only\DFDC_REAL_Face_only_data\cfaxqoasjl.mp4,REAL
D:\major project\dataset\face only\DFDC_REAL_Face_only_data\dskfqergbt.mp4,REAL
D:\major project\dataset\face only\DFDC_REAL_Face_only_data\nlktemafjx.mp4,REAL
D:\major project\dataset\face only\DFDC_REAL_Face_only_data\obpqhzvrvf.mp4,REAL
D:\major project\dataset\face only\DFDC_REAL_Face_only_data\sqsaiehvhb.mp4,REAL
D:\major project\dataset\face only\DFDC_REAL_Face_only_data\ibcmyzqrdn.mp4,REAL
D:\major project\dataset\face only\DFDC_FAKE_Face_only_data\cdfbhqgada.mp4,FAKE
D:\major project\dataset\face only\DFDC_REAL_Face_only_data\gtpbsniqon.mp4,REAL
D:\major project\dataset\face only\DFDC_REAL_Face_only_data\todvzqzwit.mp4,REAL
D:\major project\dataset\face only\DFDC_REAL_Face_only_data\bllhfrgbza.mp4,REAL
D:\major project\dataset\face only\DFDC_REAL_Face_only_data\anznojhdjf.mp4,REAL
D:\major project\dataset\face only\DFDC_REAL_Face_only_data\tbwmfvprzy.mp4,REAL
D:\major project\dataset\face only\DFDC_FAKE_Face_only_data\avenlmlmtn.mp4,FAKE
D:\major project\dataset\face only\DFDC_REAL_Face_only_data\sfqbvdhifm.mp4,REAL
D:\major project\dataset\face only\DFDC_REAL_Face_only_data\mqdtlaeqsu.mp4,REAL
D:\major project\dataset\face only\DFDC_REAL_Face_only_data\ekwfirmggp.mp4,REAL
D:\major project\dataset\face only\DFDC_REAL_Face_only_data\gbhaewrojh.mp4,REAL
D:\major project\dataset\face only\DFDC_FAKE_Face_only_data\dwvhonewys.mp4,FAKE
D:\major project\dataset\face only\DFDC_REAL_Face_only_data\hmywawbhvc.mp4,REAL
D:\major project\dataset\face only\DFDC_REAL_Face_only_data\togfsvdkax.mp4,REAL
D:\major project\dataset\face only\DFDC_REAL_Face_only_data\qnntfbdyqq.mp4,REAL
D:\major project\dataset\face only\DFDC_REAL_Face_only_data\gwhirvvovr.mp4,REAL
D:\major project\dataset\face only\DFDC_REAL_Face_only_data\mtnahwfzjr.mp4,REAL
D:\major project\dataset\face only\DFDC_REAL_Face_only_data\rlilafvfjm.mp4,REAL
D:\major project\dataset\face only\DFDC_REAL_Face_only_data\eyvsgkwrkj.mp4,REAL
D:\major project\dataset\face only\DFDC_FAKE_Face_only_data\dywkdfclzy.mp4,FAKE
D:\major project\dataset\face only\DFDC_REAL_Face_only_data\qzjfpupvfo.mp4,REAL
D:\major project\dataset\face only\DFDC_REAL_Face_only_data\xpehzjgxal.mp4,REAL
D:\major project\dataset\face only\DFDC_FAKE_Face_only_data\eqnqdhgskm.mp4,FAKE
D:\major project\dataset\face only\DFDC_REAL_Face_only_data\zviyfullci.mp4,REAL
D:\major project\dataset\face only\DFDC_REAL_Face_only_data\htrfewqkrr.mp4,REAL
D:\major project\dataset\face only\DFDC_REAL_Face_only_data\jqekzibtwn.mp4,REAL
D:\major project\dataset\face only\DFDC_REAL_Face_only_data\zdbejgoqzy.mp4,REAL
D:\major project\dataset\face only\DFDC_REAL_Face_only_data\qgrqnyiinn.mp4,REAL
D:\major project\dataset\face only\DFDC_REAL_Face_only_data\mvyruzyska.mp4,REAL
D:\major project\dataset\face only\DFDC_REAL_Face_only_data\lfvobvqbdn.mp4,REAL
D:\major project\dataset\face only\DFDC_REAL_Face_only_data\ditutizgrn.mp4,REAL
D:\major project\dataset\face only\DFDC_REAL_Face_only_data\ucgzjcoxyo.mp4,REAL
D:\major project\dataset\face only\DFDC_REAL_Face_only_data\pmsdftutgm.mp4,REAL
D:\major project\dataset\face only\DFDC_REAL_Face_only_data\vwzihtdkcp.mp4,REAL
D:\major project\dataset\face only\DFDC_REAL_Face_only_data\hqzuuxfnhx.mp4,REAL
D:\major project\dataset\face only\DFDC_REAL_Face_only_data\yrlogqcteq.mp4,REAL
D:\major project\dataset\face only\DFDC_REAL_Face_only_data\knqhpwoigk.mp4,REAL
D:\major project\dataset\face only\DFDC_REAL_Face_only_data\epinsihsxf.mp4,REAL
D:\major project\dataset\face only\DFDC_FAKE_Face_only_data\cwdzbjmsrj.mp4,FAKE
D:\major project\dataset\face only\DFDC_REAL_Face_only_data\vrjrxtofbx.mp4,REAL
D:\major project\dataset\face only\DFDC_REAL_Face_only_data\vipkguihza.mp4,REAL
D:\major project\dataset\face only\DFDC_REAL_Face_only_data\eciygjkaco.mp4,REAL
D:\major project\dataset\face only\DFDC_REAL_Face_only_data\uchzxjmkgi.mp4,REAL
D:\major project\dataset\face only\DFDC_REAL_Face_only_data\bwtyeeplxj.mp4,REAL
D:\major project\dataset\face only\DFDC_FAKE_Face_only_data\bmnolajvus.mp4,FAKE
D:\major project\dataset\face only\DFDC_REAL_Face_only_data\pdkaffjxtx.mp4,REAL
D:\major project\dataset\face only\DFDC_REAL_Face_only_data\gfjqirgmlo.mp4,REAL
D:\major project\dataset\face only\DFDC_FAKE_Face_only_data\domhbvrfyc.mp4,FAKE
D:\major project\dataset\face only\DFDC_REAL_Face_only_data\uzrsmulqll.mp4,REAL
D:\major project\dataset\face only\DFDC_REAL_Face_only_data\crxnkfunvm.mp4,REAL
D:\major project\dataset\face only\DFDC_REAL_Face_only_data\ypmgblojth.mp4,REAL
D:\major project\dataset\face only\DFDC_REAL_Face_only_data\mzjhuztfed.mp4,REAL
D:\major project\dataset\face only\DFDC_REAL_Face_only_data\xexqjemxyq.mp4,REAL
D:\major project\dataset\face only\DFDC_FAKE_Face_only_data\bcipimmnmv.mp4,FAKE
D:\major project\dataset\face only\DFDC_REAL_Face_only_data\uuotyjxvod.mp4,REAL
D:\major project\dataset\face only\DFDC_REAL_Face_only_data\ktczmqezyp.mp4,REAL
D:\major project\dataset\face only\DFDC_REAL_Face_only_data\fxeuoygimr.mp4,REAL
D:\major project\dataset\face only\DFDC_FAKE_Face_only_data\cutabgeoaf.mp4,FAKE
D:\major project\dataset\face only\DFDC_REAL_Face_only_data\kvqhkpkbwd.mp4,REAL
D:\major project\dataset\face only\DFDC_REAL_Face_only_data\ntnmovxbyt.mp4,REAL
D:\major project\dataset\face only\DFDC_REAL_Face_only_data\mdbohaixtf.mp4,REAL
D:\major project\dataset\face only\DFDC_FAKE_Face_only_data\bxtlknuwkz.mp4,FAKE
D:\major project\dataset\face only\DFDC_REAL_Face_only_data\ompjlvbtmw.mp4,REAL
D:\major project\dataset\face only\DFDC_FAKE_Face_only_data\ealfplhqdz.mp4,FAKE
D:\major project\dataset\face only\DFDC_REAL_Face_only_data\cdgrttukjn.mp4,REAL
D:\major project\dataset\face only\DFDC_REAL_Face_only_data\qywkfrpfii.mp4,REAL
D:\major project\dataset\face only\DFDC_FAKE_Face_only_data\dfpwzhovnb.mp4,FAKE
D:\major project\dataset\face only\DFDC_FAKE_Face_only_data\ejwvqbeyef.mp4,FAKE
D:\major project\dataset\face only\DFDC_REAL_Face_only_data\zwkeeczvam.mp4,REAL
D:\major project\dataset\face only\DFDC_REAL_Face_only_data\haqhhmprto.mp4,REAL
D:\major project\dataset\face only\DFDC_REAL_Face_only_data\ybkqykotud.mp4,REAL
D:\major project\dataset\face only\DFDC_REAL_Face_only_data\fpqrtbbcpv.mp4,REAL
D:\major project\dataset\face only\DFDC_REAL_Face_only_data\pkjmnwfcig.mp4,REAL
D:\major project\dataset\face only\DFDC_FAKE_Face_only_data\egscejrtnp.mp4,FAKE
D:\major project\dataset\face only\DFDC_FAKE_Face_only_data\cahtimcmlt.mp4,FAKE
D:\major project\dataset\face only\DFDC_REAL_Face_only_data\xsxdnmzawz.mp4,REAL
D:\major project\dataset\face only\DFDC_REAL_Face_only_data\pkumyfdkga.mp4,REAL
D:\major project\dataset\face only\DFDC_REAL_Face_only_data\gvuvdhzcqu.mp4,REAL
D:\major project\dataset\face only\DFDC_REAL_Face_only_data\sewkrjtill.mp4,REAL
D:\major project\dataset\face only\DFDC_REAL_Face_only_data\navoiyfxpr.mp4,REAL
D:\major project\dataset\face only\DFDC_REAL_Face_only_data\vzsbpfzmpr.mp4,REAL
D:\major project\dataset\face only\DFDC_REAL_Face_only_data\fldpkataqk.mp4,REAL
D:\major project\dataset\face only\DFDC_REAL_Face_only_data\xpwzoebyho.mp4,REAL
D:\major project\dataset\face only\DFDC_REAL_Face_only_data\cdgveexocr.mp4,REAL
D:\major project\dataset\face only\DFDC_REAL_Face_only_data\czhkwernpi.mp4,REAL
D:\major project\dataset\face only\DFDC_REAL_Face_only_data\qohooxdwvh.mp4,REAL
D:\major project\dataset\face only\DFDC_REAL_Face_only_data\cvuiocbcbz.mp4,REAL
D:\major project\dataset\face only\DFDC_REAL_Face_only_data\qawbflilul.mp4,REAL
D:\major project\dataset\face only\DFDC_REAL_Face_only_data\oikhytmnol.mp4,REAL
D:\major project\dataset\face only\DFDC_REAL_Face_only_data\rltsrqhbff.mp4,REAL
D:\major project\dataset\face only\DFDC_REAL_Face_only_data\hexyjykhvk.mp4,REAL
D:\major project\dataset\face only\DFDC_REAL_Face_only_data\twgobosowv.mp4,REAL
D:\major project\dataset\face only\DFDC_REAL_Face_only_data\hwaxcxpfxl.mp4,REAL
D:\major project\dataset\face only\DFDC_REAL_Face_only_data\iutieugpqx.mp4,REAL
D:\major project\dataset\face only\DFDC_REAL_Face_only_data\sayyjwtjol.mp4,REAL
D:\major project\dataset\face only\DFDC_REAL_Face_only_data\puudvugxrl.mp4,REAL
D:\major project\dataset\face only\DFDC_FAKE_Face_only_data\bzhksoaxbm.mp4,FAKE
D:\major project\dataset\face only\DFDC_FAKE_Face_only_data\acyvmvapdl.mp4,FAKE
D:\major project\dataset\face only\DFDC_FAKE_Face_only_data\bqzlymwvak.mp4,FAKE
D:\major project\dataset\face only\DFDC_FAKE_Face_only_data\bnjnsrammj.mp4,FAKE
D:\major project\dataset\face only\DFDC_FAKE_Face_only_data\aczofflgti.mp4,FAKE
D:\major project\dataset\face only\DFDC_REAL_Face_only_data\mclhnurizg.mp4,REAL
D:\major project\dataset\face only\DFDC_REAL_Face_only_data\nrknrodwza.mp4,REAL
D:\major project\dataset\face only\DFDC_REAL_Face_only_data\rcjyfjozsp.mp4,REAL
D:\major project\dataset\face only\DFDC_REAL_Face_only_data\uratvdiptg.mp4,REAL
D:\major project\dataset\face only\DFDC_REAL_Face_only_data\byqugsmtxr.mp4,REAL
D:\major project\dataset\face only\DFDC_FAKE_Face_only_data\abfvpzjkwr.mp4,FAKE
D:\major project\dataset\face only\DFDC_FAKE_Face_only_data\bvufynfwom.mp4,FAKE
D:\major project\dataset\face only\DFDC_FAKE_Face_only_data\axlzaoxpcs.mp4,FAKE
D:\major project\dataset\face only\DFDC_FAKE_Face_only_data\bjaubcuqcl.mp4,FAKE
D:\major project\dataset\face only\DFDC_FAKE_Face_only_data\bwavhbqlew.mp4,FAKE
D:\major project\dataset\face only\DFDC_FAKE_Face_only_data\cspsmrguki.mp4,FAKE
D:\major project\dataset\face only\DFDC_FAKE_Face_only_data\bgqvaldacu.mp4,FAKE
D:\major project\dataset\face only\DFDC_FAKE_Face_only_data\afvufvldvx.mp4,FAKE
D:\major project\dataset\face only\DFDC_FAKE_Face_only_data\aqywnbekqk.mp4,FAKE
D:\major project\dataset\face only\DFDC_FAKE_Face_only_data\cfpydwmroe.mp4,FAKE
D:\major project\dataset\face only\DFDC_REAL_Face_only_data\xobjrvpdzt.mp4,REAL
D:\major project\dataset\face only\DFDC_FAKE_Face_only_data\cmewuiizwx.mp4,FAKE
D:\major project\dataset\face only\DFDC_FAKE_Face_only_data\cshdgzvfpe.mp4,FAKE
D:\major project\dataset\face only\DFDC_FAKE_Face_only_data\crervajrku.mp4,FAKE
D:\major project\dataset\face only\DFDC_FAKE_Face_only_data\bagkzlffuh.mp4,FAKE
D:\major project\dataset\face only\DFDC_REAL_Face_only_data\lnfmifgbde.mp4,REAL
D:\major project\dataset\face only\DFDC_FAKE_Face_only_data\cgbmnbeazo.mp4,FAKE
D:\major project\dataset\face only\DFDC_FAKE_Face_only_data\cwqauxqvfw.mp4,FAKE
D:\major project\dataset\face only\DFDC_FAKE_Face_only_data\ckutryryek.mp4,FAKE
D:\major project\dataset\face only\DFDC_FAKE_Face_only_data\cjfcqpeycp.mp4,FAKE
D:\major project\dataset\face only\DFDC_REAL_Face_only_data\lsgtnrwehr.mp4,REAL
D:\major project\dataset\face only\DFDC_FAKE_Face_only_data\cluedbizkn.mp4,FAKE
D:\major project\dataset\face only\DFDC_FAKE_Face_only_data\abiodyryai.mp4,FAKE
D:\major project\dataset\face only\DFDC_FAKE_Face_only_data\ayaquhexqz.mp4,FAKE
D:\major project\dataset\face only\DFDC_REAL_Face_only_data\ownaiohdwx.mp4,REAL
D:\major project\dataset\face only\DFDC_REAL_Face_only_data\adgveaibmt.mp4,REAL
D:\major project\dataset\face only\DFDC_FAKE_Face_only_data\bzzoylchma.mp4,FAKE
D:\major project\dataset\face only\DFDC_REAL_Face_only_data\ggxvpmqrar.mp4,REAL
D:\major project\dataset\face only\DFDC_REAL_Face_only_data\bsjezfsydc.mp4,REAL
D:\major project\dataset\face only\DFDC_REAL_Face_only_data\hshpnnxnyh.mp4,REAL
D:\major project\dataset\face only\DFDC_FAKE_Face_only_data\cqadfjmclr.mp4,FAKE
D:\major project\dataset\face only\DFDC_FAKE_Face_only_data\amztmezqgh.mp4,FAKE
D:\major project\dataset\face only\DFDC_FAKE_Face_only_data\arziusrlal.mp4,FAKE
D:\major project\dataset\face only\DFDC_FAKE_Face_only_data\daflehvuam.mp4,FAKE
D:\major project\dataset\face only\DFDC_FAKE_Face_only_data\cibkroqtxz.mp4,FAKE
D:\major project\dataset\face only\DFDC_FAKE_Face_only_data\cclkwtadow.mp4,FAKE
D:\major project\dataset\face only\DFDC_FAKE_Face_only_data\caemhpqbcd.mp4,FAKE
D:\major project\dataset\face only\DFDC_FAKE_Face_only_data\cajdcwtfui.mp4,FAKE
D:\major project\dataset\face only\DFDC_FAKE_Face_only_data\clvtrdioyp.mp4,FAKE
D:\major project\dataset\face only\DFDC_FAKE_Face_only_data\auydsalswy.mp4,FAKE
D:\major project\dataset\face only\DFDC_REAL_Face_only_data\dxlpzbiajj.mp4,REAL
D:\major project\dataset\face only\DFDC_REAL_Face_only_data\xkrrmawgaz.mp4,REAL
D:\major project\dataset\face only\DFDC_FAKE_Face_only_data\bzaukiurar.mp4,FAKE
D:\major project\dataset\face only\DFDC_FAKE_Face_only_data\avptoyibqd.mp4,FAKE
D:\major project\dataset\face only\DFDC_FAKE_Face_only_data\cquygcocfz.mp4,FAKE
D:\major project\dataset\face only\DFDC_FAKE_Face_only_data\babekszsfg.mp4,FAKE
D:\major project\dataset\face only\DFDC_FAKE_Face_only_data\bqkjvmuhkq.mp4,FAKE
D:\major project\dataset\face only\DFDC_REAL_Face_only_data\yfxvjewtjq.mp4,REAL
D:\major project\dataset\face only\DFDC_FAKE_Face_only_data\asvroyjehl.mp4,FAKE
D:\major project\dataset\face only\DFDC_REAL_Face_only_data\lcvwsdrhzh.mp4,REAL
D:\major project\dataset\face only\DFDC_REAL_Face_only_data\kmyrnchata.mp4,REAL
D:\major project\dataset\face only\DFDC_FAKE_Face_only_data\bpttffvedn.mp4,FAKE
D:\major project\dataset\face only\DFDC_REAL_Face_only_data\nnfwfojmri.mp4,REAL
D:\major project\dataset\face only\DFDC_FAKE_Face_only_data\bnynincvkz.mp4,FAKE
D:\major project\dataset\face only\DFDC_FAKE_Face_only_data\awmeoatyyy.mp4,FAKE
D:\major project\dataset\face only\DFDC_FAKE_Face_only_data\bsjubsobtp.mp4,FAKE
D:\major project\dataset\face only\DFDC_REAL_Face_only_data\rhlbxcznio.mp4,REAL
D:\major project\dataset\face only\DFDC_FAKE_Face_only_data\cxuzbxfwst.mp4,FAKE
D:\major project\dataset\face only\DFDC_REAL_Face_only_data\pmkolnffvt.mp4,REAL
D:\major project\dataset\face only\DFDC_FAKE_Face_only_data\bamtobqvtx.mp4,FAKE
D:\major project\dataset\face only\DFDC_FAKE_Face_only_data\bzuszivgau.mp4,FAKE
D:\major project\dataset\face only\DFDC_FAKE_Face_only_data\cncmotjhsc.mp4,FAKE
D:\major project\dataset\face only\DFDC_FAKE_Face_only_data\anvbwbcwiq.mp4,FAKE
D:\major project\dataset\face only\DFDC_FAKE_Face_only_data\cqevoiruai.mp4,FAKE
D:\major project\dataset\face only\DFDC_REAL_Face_only_data\gevbsktxjk.mp4,REAL
D:\major project\dataset\face only\DFDC_REAL_Face_only_data\lezkxyytil.mp4,REAL
D:\major project\dataset\face only\DFDC_REAL_Face_only_data\boobpetndu.mp4,REAL
D:\major project\dataset\face only\DFDC_REAL_Face_only_data\hajgwuytzh.mp4,REAL
D:\major project\dataset\face only\DFDC_REAL_Face_only_data\mlapkogbzz.mp4,REAL
D:\major project\dataset\face only\DFDC_REAL_Face_only_data\rbvcifizzm.mp4,REAL
D:\major project\dataset\face only\DFDC_FAKE_Face_only_data\aczigtxrgf.mp4,FAKE
D:\major project\dataset\face only\DFDC_REAL_Face_only_data\skkzgucmdv.mp4,REAL
D:\major project\dataset\face only\DFDC_FAKE_Face_only_data\bxnnbryvwj.mp4,FAKE
D:\major project\dataset\face only\DFDC_FAKE_Face_only_data\aesicqmigv.mp4,FAKE
D:\major project\dataset\face only\DFDC_FAKE_Face_only_data\bfbpgqcfwi.mp4,FAKE
D:\major project\dataset\face only\DFDC_FAKE_Face_only_data\aqiwuvxump.mp4,FAKE
D:\major project\dataset\face only\DFDC_REAL_Face_only_data\ipryudzonr.mp4,REAL
D:\major project\dataset\face only\DFDC_REAL_Face_only_data\rpcueyycgm.mp4,REAL
D:\major project\dataset\face only\DFDC_FAKE_Face_only_data\bziekeavpv.mp4,FAKE
D:\major project\dataset\face only\DFDC_FAKE_Face_only_data\cvcgyphqfh.mp4,FAKE
D:\major project\dataset\face only\DFDC_FAKE_Face_only_data\bqiivuyign.mp4,FAKE
D:\major project\dataset\face only\DFDC_REAL_Face_only_data\imbhofyohf.mp4,REAL
D:\major project\dataset\face only\DFDC_FAKE_Face_only_data\ajozokmfyd.mp4,FAKE
D:\major project\dataset\face only\DFDC_REAL_Face_only_data\phtwqvezao.mp4,REAL
D:\major project\dataset\face only\DFDC_FAKE_Face_only_data\cugflmdnrp.mp4,FAKE
D:\major project\dataset\face only\DFDC_REAL_Face_only_data\ofwjwemovw.mp4,REAL
D:\major project\dataset\face only\DFDC_FAKE_Face_only_data\bfhgudaysl.mp4,FAKE
D:\major project\dataset\face only\DFDC_FAKE_Face_only_data\cgdixdaaql.mp4,FAKE
D:\major project\dataset\face only\DFDC_REAL_Face_only_data\ebpcpykogz.mp4,REAL
D:\major project\dataset\face only\DFDC_FAKE_Face_only_data\caocfxbmjj.mp4,FAKE
D:\major project\dataset\face only\DFDC_FAKE_Face_only_data\cdcaedaavn.mp4,FAKE
D:\major project\dataset\face only\DFDC_REAL_Face_only_data\kdbvbybhvz.mp4,REAL
D:\major project\dataset\face only\DFDC_FAKE_Face_only_data\bneqwtomed.mp4,FAKE
D:\major project\dataset\face only\DFDC_FAKE_Face_only_data\ctckdmusun.mp4,FAKE
D:\major project\dataset\face only\DFDC_FAKE_Face_only_data\boamzvextx.mp4,FAKE
D:\major project\dataset\face only\DFDC_FAKE_Face_only_data\byyyvzsaet.mp4,FAKE
D:\major project\dataset\face only\DFDC_FAKE_Face_only_data\axbffpjqpj.mp4,FAKE
D:\major project\dataset\face only\DFDC_REAL_Face_only_data\rbnfvqyses.mp4,REAL
D:\major project\dataset\face only\DFDC_FAKE_Face_only_data\clsuuljblu.mp4,FAKE
D:\major project\dataset\face only\DFDC_FAKE_Face_only_data\bkkdcgdoya.mp4,FAKE
D:\major project\dataset\face only\DFDC_REAL_Face_only_data\wiaiztlfzg.mp4,REAL
D:\major project\dataset\face only\DFDC_REAL_Face_only_data\jpghekbgdy.mp4,REAL
D:\major project\dataset\face only\DFDC_REAL_Face_only_data\tvihzkjdmm.mp4,REAL
D:\major project\dataset\face only\DFDC_FAKE_Face_only_data\ciytftuwfp.mp4,FAKE
D:\major project\dataset\face only\DFDC_FAKE_Face_only_data\bekuilzxxn.mp4,FAKE
D:\major project\dataset\face only\DFDC_REAL_Face_only_data\bieuiqiqwj.mp4,REAL
D:\major project\dataset\face only\DFDC_FAKE_Face_only_data\cqzpcuukhp.mp4,FAKE
D:\major project\dataset\face only\DFDC_REAL_Face_only_data\tesqddrvcp.mp4,REAL
D:\major project\dataset\face only\DFDC_FAKE_Face_only_data\csikkbsnia.mp4,FAKE
D:\major project\dataset\face only\DFDC_FAKE_Face_only_data\bmgcyjggxe.mp4,FAKE
D:\major project\dataset\face only\DFDC_REAL_Face_only_data\qfhmrgssju.mp4,REAL
D:\major project\dataset\face only\DFDC_REAL_Face_only_data\bqiztwtgcu.mp4,REAL
D:\major project\dataset\face only\DFDC_FAKE_Face_only_data\arxngsfysd.mp4,FAKE
D:\major project\dataset\face only\DFDC_FAKE_Face_only_data\bcvisrvzak.mp4,FAKE
D:\major project\dataset\face only\DFDC_FAKE_Face_only_data\afxafafvae.mp4,FAKE
D:\major project\dataset\face only\DFDC_FAKE_Face_only_data\bqqaetrjss.mp4,FAKE
D:\major project\dataset\face only\DFDC_FAKE_Face_only_data\aeuyruleqo.mp4,FAKE
D:\major project\dataset\face only\DFDC_REAL_Face_only_data\uyauzwkvpz.mp4,REAL
D:\major project\dataset\face only\DFDC_FAKE_Face_only_data\awnirdhpua.mp4,FAKE
D:\major project\dataset\face only\DFDC_FAKE_Face_only_data\czemufjhkl.mp4,FAKE
D:\major project\dataset\face only\DFDC_REAL_Face_only_data\uakcetqnvc.mp4,REAL
D:\major project\dataset\face only\DFDC_REAL_Face_only_data\qdofrrdnim.mp4,REAL
D:\major project\dataset\face only\DFDC_REAL_Face_only_data\nduwcnqkvy.mp4,REAL
D:\major project\dataset\face only\DFDC_REAL_Face_only_data\kcwrqqzvsy.mp4,REAL
D:\major project\dataset\face only\DFDC_REAL_Face_only_data\nbmlalfmaj.mp4,REAL
D:\major project\dataset\face only\DFDC_REAL_Face_only_data\qkaafsvwxs.mp4,REAL
D:\major project\dataset\face only\DFDC_REAL_Face_only_data\fzegrgsdky.mp4,REAL
D:\major project\dataset\face only\DFDC_REAL_Face_only_data\bszybpoibo.mp4,REAL
D:\major project\dataset\face only\DFDC_FAKE_Face_only_data\cljzmyuity.mp4,FAKE
D:\major project\dataset\face only\DFDC_FAKE_Face_only_data\bsvwmqamfn.mp4,FAKE
D:\major project\dataset\face only\DFDC_FAKE_Face_only_data\cjfwxrtjdc.mp4,FAKE
D:\major project\dataset\face only\DFDC_REAL_Face_only_data\nvvghjfiqq.mp4,REAL
D:\major project\dataset\face only\DFDC_REAL_Face_only_data\aqjwkkbklt.mp4,REAL
D:\major project\dataset\face only\DFDC_FAKE_Face_only_data\cdqprcsdsw.mp4,FAKE
D:\major project\dataset\face only\DFDC_REAL_Face_only_data\smigbfmhew.mp4,REAL
D:\major project\dataset\face only\DFDC_FAKE_Face_only_data\chcdlbscoh.mp4,FAKE
D:\major project\dataset\face only\DFDC_FAKE_Face_only_data\cnjzvuvdrg.mp4,FAKE
D:\major project\dataset\face only\DFDC_REAL_Face_only_data\dmtsxclujy.mp4,REAL
D:\major project\dataset\face only\DFDC_FAKE_Face_only_data\csdqvhefzs.mp4,FAKE
D:\major project\dataset\face only\DFDC_FAKE_Face_only_data\crgoxxvpxp.mp4,FAKE
D:\major project\dataset\face only\DFDC_REAL_Face_only_data\epxxazhprp.mp4,REAL
D:\major project\dataset\face only\DFDC_FAKE_Face_only_data\cplbyzaslf.mp4,FAKE
D:\major project\dataset\face only\DFDC_FAKE_Face_only_data\bwmhmjdpbh.mp4,FAKE
D:\major project\dataset\face only\DFDC_REAL_Face_only_data\pgybuuxxip.mp4,REAL
D:\major project\dataset\face only\DFDC_FAKE_Face_only_data\afdblocyhi.mp4,FAKE
D:\major project\dataset\face only\DFDC_FAKE_Face_only_data\aodgtudnun.mp4,FAKE
D:\major project\dataset\face only\DFDC_FAKE_Face_only_data\atedadvxfr.mp4,FAKE
D:\major project\dataset\face only\DFDC_REAL_Face_only_data\ckrafhjqpz.mp4,REAL
D:\major project\dataset\face only\DFDC_FAKE_Face_only_data\bgduhdhubv.mp4,FAKE
D:\major project\dataset\face only\DFDC_FAKE_Face_only_data\bauutjqiow.mp4,FAKE
D:\major project\dataset\face only\DFDC_REAL_Face_only_data\nxosnovbjl.mp4,REAL
D:\major project\dataset\face only\DFDC_FAKE_Face_only_data\bpwgtgahcv.mp4,FAKE
D:\major project\dataset\face only\DFDC_FAKE_Face_only_data\bdnwuzgaew.mp4,FAKE
D:\major project\dataset\face only\DFDC_REAL_Face_only_data\pmciwmkszl.mp4,REAL
D:\major project\dataset\face only\DFDC_REAL_Face_only_data\hvplvgwjzt.mp4,REAL
D:\major project\dataset\face only\DFDC_FAKE_Face_only_data\aujxjbehuz.mp4,FAKE
D:\major project\dataset\face only\DFDC_FAKE_Face_only_data\aqemytasjc.mp4,FAKE
D:\major project\dataset\face only\DFDC_REAL_Face_only_data\sfyjropdvy.mp4,REAL
D:\major project\dataset\face only\DFDC_FAKE_Face_only_data\ccpydpqsam.mp4,FAKE
D:\major project\dataset\face only\DFDC_REAL_Face_only_data\pyttfccelg.mp4,REAL
D:\major project\dataset\face only\DFDC_REAL_Face_only_data\rkwlvcnevt.mp4,REAL
D:\major project\dataset\face only\DFDC_REAL_Face_only_data\mrkwwadnqs.mp4,REAL
D:\major project\dataset\face only\DFDC_FAKE_Face_only_data\bgdhmiplel.mp4,FAKE
D:\major project\dataset\face only\DFDC_FAKE_Face_only_data\cvtaccskvb.mp4,FAKE
D:\major project\dataset\face only\DFDC_REAL_Face_only_data\gkbmuqhfti.mp4,REAL
D:\major project\dataset\face only\DFDC_REAL_Face_only_data\kdvcexakou.mp4,REAL
D:\major project\dataset\face only\DFDC_FAKE_Face_only_data\aeconjpzxx.mp4,FAKE
D:\major project\dataset\face only\DFDC_REAL_Face_only_data\kljsosbpwv.mp4,REAL
D:\major project\dataset\face only\DFDC_REAL_Face_only_data\unmfaaaeln.mp4,REAL
D:\major project\dataset\face only\DFDC_REAL_Face_only_data\jznfyhhbwv.mp4,REAL
D:\major project\dataset\face only\DFDC_REAL_Face_only_data\glwcmuudzc.mp4,REAL
D:\major project\dataset\face only\DFDC_REAL_Face_only_data\dotnqbskng.mp4,REAL
D:\major project\dataset\face only\DFDC_FAKE_Face_only_data\acgywoqfbr.mp4,FAKE
D:\major project\dataset\face only\DFDC_REAL_Face_only_data\ywtpmkuseg.mp4,REAL
D:\major project\dataset\face only\DFDC_FAKE_Face_only_data\bocdttfbsu.mp4,FAKE
D:\major project\dataset\face only\DFDC_REAL_Face_only_data\lmbahomxft.mp4,REAL
D:\major project\dataset\face only\DFDC_FAKE_Face_only_data\corzuofzie.mp4,FAKE
D:\major project\dataset\face only\DFDC_REAL_Face_only_data\gsxmjjhtft.mp4,REAL
D:\major project\dataset\face only\DFDC_REAL_Face_only_data\sxekjjvfkh.mp4,REAL
D:\major project\dataset\face only\DFDC_FAKE_Face_only_data\cvzybqmrvo.mp4,FAKE
D:\major project\dataset\face only\DFDC_REAL_Face_only_data\bojpmzyjzd.mp4,REAL
D:\major project\dataset\face only\DFDC_REAL_Face_only_data\kbczekotya.mp4,REAL
D:\major project\dataset\face only\DFDC_REAL_Face_only_data\hpdnhefbll.mp4,REAL
D:\major project\dataset\face only\DFDC_FAKE_Face_only_data\bwwnvrhzti.mp4,FAKE
D:\major project\dataset\face only\DFDC_REAL_Face_only_data\arrprgeura.mp4,REAL
D:\major project\dataset\face only\DFDC_REAL_Face_only_data\cnvdpkxlgy.mp4,REAL
D:\major project\dataset\face only\DFDC_FAKE_Face_only_data\aaaoqepxnf.mp4,FAKE
D:\major project\dataset\face only\DFDC_REAL_Face_only_data\qlmxnhiwzk.mp4,REAL
D:\major project\dataset\face only\DFDC_REAL_Face_only_data\szftsfmvsb.mp4,REAL
D:\major project\dataset\face only\DFDC_REAL_Face_only_data\wbiuklwpml.mp4,REAL
D:\major project\dataset\face only\DFDC_REAL_Face_only_data\yyqfgqdlgk.mp4,REAL
D:\major project\dataset\face only\DFDC_REAL_Face_only_data\jqrcaawsoe.mp4,REAL
D:\major project\dataset\face only\DFDC_REAL_Face_only_data\xeyceemrzs.mp4,REAL
D:\major project\dataset\face only\DFDC_FAKE_Face_only_data\agxplbynwg.mp4,FAKE
D:\major project\dataset\face only\DFDC_FAKE_Face_only_data\cujsfckgxq.mp4,FAKE
D:\major project\dataset\face only\DFDC_REAL_Face_only_data\lbgnipxpnx.mp4,REAL
D:\major project\dataset\face only\DFDC_REAL_Face_only_data\vbepzdvgku.mp4,REAL
D:\major project\dataset\face only\DFDC_FAKE_Face_only_data\ctapiptgpv.mp4,FAKE
D:\major project\dataset\face only\DFDC_FAKE_Face_only_data\dbyhjoeslx.mp4,FAKE
D:\major project\dataset\face only\DFDC_FAKE_Face_only_data\dbclzwjvvx.mp4,FAKE
D:\major project\dataset\face only\DFDC_REAL_Face_only_data\avpxuvplbn.mp4,REAL
D:\major project\dataset\face only\DFDC_REAL_Face_only_data\cioqvqngku.mp4,REAL
D:\major project\dataset\face only\DFDC_FAKE_Face_only_data\cffpcdxoyt.mp4,FAKE
D:\major project\dataset\face only\DFDC_REAL_Face_only_data\tjmppqyqzc.mp4,REAL
D:\major project\dataset\face only\DFDC_REAL_Face_only_data\zcijgqopyg.mp4,REAL
D:\major project\dataset\face only\DFDC_REAL_Face_only_data\vsnjcgsrlk.mp4,REAL
D:\major project\dataset\face only\DFDC_FAKE_Face_only_data\aokhuioyqh.mp4,FAKE
D:\major project\dataset\face only\DFDC_REAL_Face_only_data\hchiymmdqm.mp4,REAL
D:\major project\dataset\face only\DFDC_REAL_Face_only_data\xibxuyhmel.mp4,REAL
D:\major project\dataset\face only\DFDC_FAKE_Face_only_data\auuxrdogjl.mp4,FAKE
D:\major project\dataset\face only\DFDC_REAL_Face_only_data\yhaahxnbcv.mp4,REAL
D:\major project\dataset\face only\DFDC_REAL_Face_only_data\xuvjbhkfqu.mp4,REAL
D:\major project\dataset\face only\DFDC_FAKE_Face_only_data\ahcxtenjgp.mp4,FAKE
D:\major project\dataset\face only\DFDC_REAL_Face_only_data\fszexmwczt.mp4,REAL
D:\major project\dataset\face only\DFDC_REAL_Face_only_data\yqwcvpjeuw.mp4,REAL
D:\major project\dataset\face only\DFDC_REAL_Face_only_data\zveogsfnoz.mp4,REAL
D:\major project\dataset\face only\DFDC_REAL_Face_only_data\pxcumwtops.mp4,REAL
D:\major project\dataset\face only\DFDC_REAL_Face_only_data\woewmsbgot.mp4,REAL
D:\major project\dataset\face only\DFDC_REAL_Face_only_data\gasdqayvgc.mp4,REAL
D:\major project\dataset\face only\DFDC_REAL_Face_only_data\gnqojufshp.mp4,REAL
D:\major project\dataset\face only\DFDC_FAKE_Face_only_data\afvldbcclm.mp4,FAKE
D:\major project\dataset\face only\DFDC_FAKE_Face_only_data\cdmwcoqgsq.mp4,FAKE
D:\major project\dataset\face only\DFDC_REAL_Face_only_data\voeyftxnik.mp4,REAL
D:\major project\dataset\face only\DFDC_REAL_Face_only_data\kaozdubluo.mp4,REAL
D:\major project\dataset\face only\DFDC_REAL_Face_only_data\aszdwxqtnb.mp4,REAL
D:\major project\dataset\face only\DFDC_FAKE_Face_only_data\chkwkxujis.mp4,FAKE
D:\major project\dataset\face only\DFDC_FAKE_Face_only_data\clcwqjmvjd.mp4,FAKE
D:\major project\dataset\face only\DFDC_REAL_Face_only_data\vwddtkosep.mp4,REAL
D:\major project\dataset\face only\DFDC_REAL_Face_only_data\oqrmyzxvfw.mp4,REAL
D:\major project\dataset\face only\DFDC_REAL_Face_only_data\bdzgchaaxp.mp4,REAL
D:\major project\dataset\face only\DFDC_REAL_Face_only_data\cugumlyhiu.mp4,REAL
D:\major project\dataset\face only\DFDC_REAL_Face_only_data\zvmdzpupbp.mp4,REAL
D:\major project\dataset\face only\DFDC_REAL_Face_only_data\ardijxbxdm.mp4,REAL
D:\major project\dataset\face only\DFDC_REAL_Face_only_data\keyngrgpvp.mp4,REAL
D:\major project\dataset\face only\DFDC_REAL_Face_only_data\yrxnqqjvrc.mp4,REAL
D:\major project\dataset\face only\DFDC_REAL_Face_only_data\miltxpsvmr.mp4,REAL
D:\major project\dataset\face only\DFDC_REAL_Face_only_data\ewuibihtuo.mp4,REAL
D:\major project\dataset\face only\DFDC_REAL_Face_only_data\cndtykayuj.mp4,REAL
D:\major project\dataset\face only\DFDC_REAL_Face_only_data\pydubklpub.mp4,REAL
D:\major project\dataset\face only\DFDC_REAL_Face_only_data\wlhrjmuycr.mp4,REAL
D:\major project\dataset\face only\DFDC_REAL_Face_only_data\hmugoovuhr.mp4,REAL
D:\major project\dataset\face only\DFDC_REAL_Face_only_data\olzjecehcq.mp4,REAL
D:\major project\dataset\face only\DFDC_REAL_Face_only_data\xiutcafpof.mp4,REAL
D:\major project\dataset\face only\DFDC_REAL_Face_only_data\dinukxjoce.mp4,REAL
D:\major project\dataset\face only\DFDC_REAL_Face_only_data\ossoqigdyf.mp4,REAL
D:\major project\dataset\face only\DFDC_REAL_Face_only_data\baxkmsihqv.mp4,REAL
D:\major project\dataset\face only\DFDC_REAL_Face_only_data\osnazdhulb.mp4,REAL
D:\major project\dataset\face only\DFDC_FAKE_Face_only_data\cqvgopmkna.mp4,FAKE
D:\major project\dataset\face only\DFDC_FAKE_Face_only_data\cycxdkwndh.mp4,FAKE
D:\major project\dataset\face only\DFDC_REAL_Face_only_data\fndhijmzqg.mp4,REAL
D:\major project\dataset\face only\DFDC_REAL_Face_only_data\ufkgroaxik.mp4,REAL
D:\major project\dataset\face only\DFDC_REAL_Face_only_data\xhoruswklx.mp4,REAL
D:\major project\dataset\face only\DFDC_FAKE_Face_only_data\bjqjyplccn.mp4,FAKE
D:\major project\dataset\face only\DFDC_REAL_Face_only_data\rrldnflyrx.mp4,REAL
D:\major project\dataset\face only\DFDC_REAL_Face_only_data\uugkcetjxj.mp4,REAL
D:\major project\dataset\face only\DFDC_FAKE_Face_only_data\bivdbsqzbq.mp4,FAKE
D:\major project\dataset\face only\DFDC_FAKE_Face_only_data\cdyclvewaw.mp4,FAKE
D:\major project\dataset\face only\DFDC_REAL_Face_only_data\adkymkuove.mp4,REAL
D:\major project\dataset\face only\DFDC_REAL_Face_only_data\dpeehtnctk.mp4,REAL
D:\major project\dataset\face only\DFDC_REAL_Face_only_data\asgfrovmom.mp4,REAL
D:\major project\dataset\face only\DFDC_FAKE_Face_only_data\axietspzae.mp4,FAKE
D:\major project\dataset\face only\DFDC_REAL_Face_only_data\xjkaankpjj.mp4,REAL
D:\major project\dataset\face only\DFDC_REAL_Face_only_data\mlhjazstxo.mp4,REAL
D:\major project\dataset\face only\DFDC_REAL_Face_only_data\lhpkjgtikn.mp4,REAL
D:\major project\dataset\face only\DFDC_REAL_Face_only_data\hdckzcdbxi.mp4,REAL
D:\major project\dataset\face only\DFDC_REAL_Face_only_data\bkidieecdg.mp4,REAL
D:\major project\dataset\face only\DFDC_REAL_Face_only_data\rhqpxohjlk.mp4,REAL
D:\major project\dataset\face only\DFDC_REAL_Face_only_data\jnppybytup.mp4,REAL
D:\major project\dataset\face only\DFDC_REAL_Face_only_data\fztpqmvlzp.mp4,REAL
D:\major project\dataset\face only\DFDC_REAL_Face_only_data\nbbxssrkhg.mp4,REAL
D:\major project\dataset\face only\DFDC_FAKE_Face_only_data\chxrkprguh.mp4,FAKE
D:\major project\dataset\face only\DFDC_FAKE_Face_only_data\ayzherlveu.mp4,FAKE
D:\major project\dataset\face only\DFDC_REAL_Face_only_data\ezllcntwvv.mp4,REAL
D:\major project\dataset\face only\DFDC_REAL_Face_only_data\dtgbonxukc.mp4,REAL
D:\major project\dataset\face only\DFDC_REAL_Face_only_data\kzcnhvkopb.mp4,REAL
D:\major project\dataset\face only\DFDC_FAKE_Face_only_data\byridjpwox.mp4,FAKE
D:\major project\dataset\face only\DFDC_REAL_Face_only_data\znytebsgjb.mp4,REAL
D:\major project\dataset\face only\DFDC_REAL_Face_only_data\uzirqfsjnm.mp4,REAL
D:\major project\dataset\face only\DFDC_FAKE_Face_only_data\cwhvshlzzh.mp4,FAKE
D:\major project\dataset\face only\DFDC_FAKE_Face_only_data\bmkqvrbwal.mp4,FAKE
D:\major project\dataset\face only\DFDC_FAKE_Face_only_data\bvyfekcshf.mp4,FAKE
D:\major project\dataset\face only\DFDC_REAL_Face_only_data\qianzoqvum.mp4,REAL
D:\major project\dataset\face only\DFDC_FAKE_Face_only_data\djjmyzkmsb.mp4,FAKE
D:\major project\dataset\face only\DFDC_FAKE_Face_only_data\bybkpqmroe.mp4,FAKE
D:\major project\dataset\face only\DFDC_FAKE_Face_only_data\cjndatpdcy.mp4,FAKE
D:\major project\dataset\face only\DFDC_FAKE_Face_only_data\ccnmxgjron.mp4,FAKE
D:\major project\dataset\face only\DFDC_FAKE_Face_only_data\aaagqkcdis.mp4,FAKE
D:\major project\dataset\face only\DFDC_FAKE_Face_only_data\akmmrizujh.mp4,FAKE
D:\major project\dataset\face only\DFDC_REAL_Face_only_data\nralzvqicb.mp4,REAL
D:\major project\dataset\face only\DFDC_FAKE_Face_only_data\azenhytrlc.mp4,FAKE
D:\major project\dataset\face only\DFDC_REAL_Face_only_data\trpofaspmo.mp4,REAL
D:\major project\dataset\face only\DFDC_FAKE_Face_only_data\abahildqna.mp4,FAKE
D:\major project\dataset\face only\DFDC_FAKE_Face_only_data\bcqeebkqwp.mp4,FAKE
D:\major project\dataset\face only\DFDC_FAKE_Face_only_data\dkbmrryekj.mp4,FAKE
D:\major project\dataset\face only\DFDC_FAKE_Face_only_data\dxynhvcwrh.mp4,FAKE
D:\major project\dataset\face only\DFDC_FAKE_Face_only_data\dneleizoxr.mp4,FAKE
D:\major project\dataset\face only\DFDC_FAKE_Face_only_data\ckddyprqjv.mp4,FAKE
D:\major project\dataset\face only\DFDC_FAKE_Face_only_data\bnknqangbc.mp4,FAKE
D:\major project\dataset\face only\DFDC_FAKE_Face_only_data\apyrdjelvu.mp4,FAKE
D:\major project\dataset\face only\DFDC_FAKE_Face_only_data\cziwcuwazd.mp4,FAKE
D:\major project\dataset\face only\DFDC_FAKE_Face_only_data\dpioueayis.mp4,FAKE
D:\major project\dataset\face only\DFDC_FAKE_Face_only_data\dshoywjgap.mp4,FAKE
D:\major project\dataset\face only\DFDC_FAKE_Face_only_data\dguwaorjmx.mp4,FAKE
D:\major project\dataset\face only\DFDC_FAKE_Face_only_data\cigxlofbkn.mp4,FAKE
D:\major project\dataset\face only\DFDC_FAKE_Face_only_data\amvvmpoytv.mp4,FAKE
D:\major project\dataset\face only\DFDC_FAKE_Face_only_data\bqqnhlcjwm.mp4,FAKE
D:\major project\dataset\face only\DFDC_FAKE_Face_only_data\dretamidot.mp4,FAKE
D:\major project\dataset\face only\DFDC_FAKE_Face_only_data\cspsgyxwqt.mp4,FAKE
D:\major project\dataset\face only\DFDC_REAL_Face_only_data\ixypsvvkfv.mp4,REAL
D:\major project\dataset\face only\DFDC_FAKE_Face_only_data\abvgbvoxco.mp4,FAKE
D:\major project\dataset\face only\DFDC_FAKE_Face_only_data\bwrlcrrlec.mp4,FAKE
D:\major project\dataset\face only\DFDC_FAKE_Face_only_data\bbqlpkudxs.mp4,FAKE
D:\major project\dataset\face only\DFDC_REAL_Face_only_data\emflfadjyb.mp4,REAL
D:\major project\dataset\face only\DFDC_FAKE_Face_only_data\bcfzwkyukw.mp4,FAKE
D:\major project\dataset\face only\DFDC_REAL_Face_only_data\arccwzfwkm.mp4,REAL
D:\major project\dataset\face only\DFDC_FAKE_Face_only_data\dpuucddzsr.mp4,FAKE
D:\major project\dataset\face only\DFDC_FAKE_Face_only_data\chmgkgvsyp.mp4,FAKE
D:\major project\dataset\face only\DFDC_FAKE_Face_only_data\dvfggelian.mp4,FAKE
D:\major project\dataset\face only\DFDC_REAL_Face_only_data\woytzlcssm.mp4,REAL
D:\major project\dataset\face only\DFDC_FAKE_Face_only_data\ajtziexlkt.mp4,FAKE
D:\major project\dataset\face only\DFDC_FAKE_Face_only_data\dldaiqtavj.mp4,FAKE
D:\major project\dataset\face only\DFDC_FAKE_Face_only_data\alumxqbzxq.mp4,FAKE
D:\major project\dataset\face only\DFDC_FAKE_Face_only_data\ckphdgvojq.mp4,FAKE
D:\major project\dataset\face only\DFDC_FAKE_Face_only_data\dhpmnokwfn.mp4,FAKE
D:\major project\dataset\face only\DFDC_REAL_Face_only_data\lfiyoyymnn.mp4,REAL
D:\major project\dataset\face only\DFDC_FAKE_Face_only_data\dnzntxvurw.mp4,FAKE
D:\major project\dataset\face only\DFDC_FAKE_Face_only_data\aykawoglaw.mp4,FAKE
D:\major project\dataset\face only\DFDC_FAKE_Face_only_data\acukjpjxen.mp4,FAKE
D:\major project\dataset\face only\DFDC_FAKE_Face_only_data\abygnkrrix.mp4,FAKE
D:\major project\dataset\face only\DFDC_REAL_Face_only_data\soiiwyzmfe.mp4,REAL
D:\major project\dataset\face only\DFDC_FAKE_Face_only_data\aiseiufjsz.mp4,FAKE
D:\major project\dataset\face only\DFDC_FAKE_Face_only_data\azduhthfhk.mp4,FAKE
D:\major project\dataset\face only\DFDC_FAKE_Face_only_data\bpxitgkwkm.mp4,FAKE
D:\major project\dataset\face only\DFDC_FAKE_Face_only_data\dgstkakoiv.mp4,FAKE
D:\major project\dataset\face only\DFDC_REAL_Face_only_data\atzdjguknk.mp4,REAL
D:\major project\dataset\face only\DFDC_FAKE_Face_only_data\bnwetzchfg.mp4,FAKE
D:\major project\dataset\face only\DFDC_FAKE_Face_only_data\bpykroksyw.mp4,FAKE
D:\major project\dataset\face only\DFDC_FAKE_Face_only_data\brdrapqoos.mp4,FAKE
D:\major project\dataset\face only\DFDC_REAL_Face_only_data\clbyiyqits.mp4,REAL
D:\major project\dataset\face only\DFDC_REAL_Face_only_data\ztuezpjijn.mp4,REAL
D:\major project\dataset\face only\DFDC_REAL_Face_only_data\dmwmhxvlfq.mp4,REAL
D:\major project\dataset\face only\DFDC_FAKE_Face_only_data\atnmhtfbyx.mp4,FAKE
D:\major project\dataset\face only\DFDC_REAL_Face_only_data\offktoxbmq.mp4,REAL
D:\major project\dataset\face only\DFDC_FAKE_Face_only_data\anxteqfazk.mp4,FAKE
D:\major project\dataset\face only\DFDC_FAKE_Face_only_data\acsnnvnvhy.mp4,FAKE
D:\major project\dataset\face only\DFDC_FAKE_Face_only_data\dfrubjbopu.mp4,FAKE
D:\major project\dataset\face only\DFDC_FAKE_Face_only_data\cjwzotwnnx.mp4,FAKE
D:\major project\dataset\face only\DFDC_REAL_Face_only_data\vakcnljnpc.mp4,REAL
D:\major project\dataset\face only\DFDC_FAKE_Face_only_data\agldheqnhf.mp4,FAKE
D:\major project\dataset\face only\DFDC_FAKE_Face_only_data\bmacjazhyt.mp4,FAKE
D:\major project\dataset\face only\DFDC_FAKE_Face_only_data\cbfbxgvcpd.mp4,FAKE
D:\major project\dataset\face only\DFDC_FAKE_Face_only_data\cqrjepnrii.mp4,FAKE
D:\major project\dataset\face only\DFDC_FAKE_Face_only_data\dhpsvaichc.mp4,FAKE
D:\major project\dataset\face only\DFDC_FAKE_Face_only_data\afposymfjh.mp4,FAKE
D:\major project\dataset\face only\DFDC_FAKE_Face_only_data\cudbbhoegh.mp4,FAKE
D:\major project\dataset\face only\DFDC_FAKE_Face_only_data\dureftqvsh.mp4,FAKE
D:\major project\dataset\face only\DFDC_FAKE_Face_only_data\cmpmbimess.mp4,FAKE
D:\major project\dataset\face only\DFDC_REAL_Face_only_data\yklrylijjp.mp4,REAL
D:\major project\dataset\face only\DFDC_FAKE_Face_only_data\dsnfyenwjx.mp4,FAKE
D:\major project\dataset\face only\DFDC_REAL_Face_only_data\tgcgughqjf.mp4,REAL
D:\major project\dataset\face only\DFDC_FAKE_Face_only_data\awmhafhfof.mp4,FAKE
D:\major project\dataset\face only\DFDC_FAKE_Face_only_data\dkknwsvdgo.mp4,FAKE
D:\major project\dataset\face only\DFDC_REAL_Face_only_data\vmktcesfcg.mp4,REAL
D:\major project\dataset\face only\DFDC_REAL_Face_only_data\fmztdticln.mp4,REAL
D:\major project\dataset\face only\DFDC_FAKE_Face_only_data\bfowhabcyv.mp4,FAKE
D:\major project\dataset\face only\DFDC_FAKE_Face_only_data\aofuhtnouj.mp4,FAKE
D:\major project\dataset\face only\DFDC_FAKE_Face_only_data\awzkdpxorv.mp4,FAKE
D:\major project\dataset\face only\DFDC_FAKE_Face_only_data\duoisftrbn.mp4,FAKE
D:\major project\dataset\face only\DFDC_REAL_Face_only_data\mbdjwoaxcq.mp4,REAL
D:\major project\dataset\face only\DFDC_FAKE_Face_only_data\appyopevdd.mp4,FAKE
D:\major project\dataset\face only\DFDC_REAL_Face_only_data\jkwpppugfm.mp4,REAL
D:\major project\dataset\face only\DFDC_FAKE_Face_only_data\cwimepqnxq.mp4,FAKE
D:\major project\dataset\face only\DFDC_REAL_Face_only_data\uotxnsybqe.mp4,REAL
D:\major project\dataset\face only\DFDC_FAKE_Face_only_data\dttgdywaeq.mp4,FAKE
D:\major project\dataset\face only\DFDC_REAL_Face_only_data\ncoetisvvx.mp4,REAL
D:\major project\dataset\face only\DFDC_REAL_Face_only_data\wmdnqpfcey.mp4,REAL
D:\major project\dataset\face only\DFDC_FAKE_Face_only_data\bgcuvhbfkz.mp4,FAKE
D:\major project\dataset\face only\DFDC_FAKE_Face_only_data\cnnyovajio.mp4,FAKE
D:\major project\dataset\face only\DFDC_FAKE_Face_only_data\ddylopxpuw.mp4,FAKE
D:\major project\dataset\face only\DFDC_FAKE_Face_only_data\chayotcuqs.mp4,FAKE
D:\major project\dataset\face only\DFDC_FAKE_Face_only_data\dlpvnxljzj.mp4,FAKE
D:\major project\dataset\face only\DFDC_FAKE_Face_only_data\asrolirrqe.mp4,FAKE
D:\major project\dataset\face only\DFDC_FAKE_Face_only_data\cxvbureeyj.mp4,FAKE
D:\major project\dataset\face only\DFDC_FAKE_Face_only_data\dhoqdkxnjt.mp4,FAKE
D:\major project\dataset\face only\DFDC_FAKE_Face_only_data\avovhmumnp.mp4,FAKE
D:\major project\dataset\face only\DFDC_FAKE_Face_only_data\bhtoxwgarp.mp4,FAKE
D:\major project\dataset\face only\DFDC_REAL_Face_only_data\ptchnzeeqc.mp4,REAL
D:\major project\dataset\face only\DFDC_FAKE_Face_only_data\drjlhykuso.mp4,FAKE
D:\major project\dataset\face only\DFDC_FAKE_Face_only_data\aoegtmsbnc.mp4,FAKE
D:\major project\dataset\face only\DFDC_FAKE_Face_only_data\dsrioilqfo.mp4,FAKE
D:\major project\dataset\face only\DFDC_FAKE_Face_only_data\drjaegjgvo.mp4,FAKE
D:\major project\dataset\face only\DFDC_REAL_Face_only_data\xqfvnauoid.mp4,REAL
D:\major project\dataset\face only\DFDC_REAL_Face_only_data\tzablgewui.mp4,REAL
D:\major project\dataset\face only\DFDC_FAKE_Face_only_data\cttbiujgiv.mp4,FAKE
D:\major project\dataset\face only\DFDC_FAKE_Face_only_data\dyabsuwjpo.mp4,FAKE
D:\major project\dataset\face only\DFDC_FAKE_Face_only_data\cglzoiprgl.mp4,FAKE
D:\major project\dataset\face only\DFDC_FAKE_Face_only_data\direzlbdwo.mp4,FAKE
D:\major project\dataset\face only\DFDC_FAKE_Face_only_data\bgvjvvuvgb.mp4,FAKE
D:\major project\dataset\face only\DFDC_FAKE_Face_only_data\aakkdgsmvl.mp4,FAKE
D:\major project\dataset\face only\DFDC_FAKE_Face_only_data\coayfxnsgw.mp4,FAKE
D:\major project\dataset\face only\DFDC_FAKE_Face_only_data\btlojvpizg.mp4,FAKE
D:\major project\dataset\face only\DFDC_REAL_Face_only_data\ufwsepxqbr.mp4,REAL
D:\major project\dataset\face only\DFDC_FAKE_Face_only_data\drsgxhctvz.mp4,FAKE
D:\major project\dataset\face only\DFDC_FAKE_Face_only_data\dtbtodgule.mp4,FAKE
D:\major project\dataset\face only\DFDC_FAKE_Face_only_data\dcqknjslcm.mp4,FAKE
D:\major project\dataset\face only\DFDC_FAKE_Face_only_data\azzumsrvli.mp4,FAKE
D:\major project\dataset\face only\DFDC_REAL_Face_only_data\dihuyqyqps.mp4,REAL
D:\major project\dataset\face only\DFDC_FAKE_Face_only_data\drwrgupnpd.mp4,FAKE
D:\major project\dataset\face only\DFDC_FAKE_Face_only_data\cflwigoquj.mp4,FAKE
D:\major project\dataset\face only\DFDC_REAL_Face_only_data\ddrcabjbza.mp4,REAL
D:\major project\dataset\face only\DFDC_FAKE_Face_only_data\dluaxfukbh.mp4,FAKE
D:\major project\dataset\face only\DFDC_FAKE_Face_only_data\aqvpggzkmz.mp4,FAKE
D:\major project\dataset\face only\DFDC_REAL_Face_only_data\fimhhyetym.mp4,REAL
D:\major project\dataset\face only\DFDC_FAKE_Face_only_data\djeichwqqe.mp4,FAKE
D:\major project\dataset\face only\DFDC_REAL_Face_only_data\suenouugfr.mp4,REAL
D:\major project\dataset\face only\DFDC_FAKE_Face_only_data\agdizmxpmy.mp4,FAKE
D:\major project\dataset\face only\DFDC_FAKE_Face_only_data\bgswtwkxvc.mp4,FAKE
D:\major project\dataset\face only\DFDC_FAKE_Face_only_data\amqaearxwx.mp4,FAKE
D:\major project\dataset\face only\DFDC_FAKE_Face_only_data\aciecilrsg.mp4,FAKE
D:\major project\dataset\face only\DFDC_FAKE_Face_only_data\dmafzlffwj.mp4,FAKE
D:\major project\dataset\face only\DFDC_FAKE_Face_only_data\akxvfiuusn.mp4,FAKE
D:\major project\dataset\face only\DFDC_FAKE_Face_only_data\dukwxvlmkq.mp4,FAKE
D:\major project\dataset\face only\DFDC_REAL_Face_only_data\osnuxyotnv.mp4,REAL
D:\major project\dataset\face only\DFDC_FAKE_Face_only_data\ddqtdcasgi.mp4,FAKE
D:\major project\dataset\face only\DFDC_FAKE_Face_only_data\apnwnfjyfy.mp4,FAKE
D:\major project\dataset\face only\DFDC_FAKE_Face_only_data\cspxwzuccg.mp4,FAKE
D:\major project\dataset\face only\DFDC_REAL_Face_only_data\ouvlzfmqsz.mp4,REAL
D:\major project\dataset\face only\DFDC_FAKE_Face_only_data\bxqtrqyoqz.mp4,FAKE
D:\major project\dataset\face only\DFDC_FAKE_Face_only_data\bxtaeanoyr.mp4,FAKE
D:\major project\dataset\face only\DFDC_FAKE_Face_only_data\cisfilzzrp.mp4,FAKE
D:\major project\dataset\face only\DFDC_REAL_Face_only_data\eklsrnkwog.mp4,REAL
D:\major project\dataset\face only\DFDC_FAKE_Face_only_data\bserejknun.mp4,FAKE
D:\major project\dataset\face only\DFDC_FAKE_Face_only_data\cslsbufmpu.mp4,FAKE
D:\major project\dataset\face only\DFDC_FAKE_Face_only_data\aywwbfnvhk.mp4,FAKE
D:\major project\dataset\face only\DFDC_FAKE_Face_only_data\arzxyrstcs.mp4,FAKE
D:\major project\dataset\face only\DFDC_REAL_Face_only_data\kepnpratvf.mp4,REAL
D:\major project\dataset\face only\DFDC_FAKE_Face_only_data\ctmwfvnugu.mp4,FAKE
D:\major project\dataset\face only\DFDC_FAKE_Face_only_data\atntkkmyft.mp4,FAKE
D:\major project\dataset\face only\DFDC_FAKE_Face_only_data\aaoecyszps.mp4,FAKE
D:\major project\dataset\face only\DFDC_FAKE_Face_only_data\aesqljtwep.mp4,FAKE
D:\major project\dataset\face only\DFDC_FAKE_Face_only_data\baoyaflncn.mp4,FAKE
D:\major project\dataset\face only\DFDC_REAL_Face_only_data\ezuyqnjbwb.mp4,REAL
D:\major project\dataset\face only\DFDC_FAKE_Face_only_data\abddemeing.mp4,FAKE
D:\major project\dataset\face only\DFDC_FAKE_Face_only_data\dskavhjysn.mp4,FAKE
D:\major project\dataset\face only\DFDC_REAL_Face_only_data\jgvqoasjoi.mp4,REAL
D:\major project\dataset\face only\DFDC_FAKE_Face_only_data\bwbnjvsbcd.mp4,FAKE
D:\major project\dataset\face only\DFDC_FAKE_Face_only_data\angerpqrqg.mp4,FAKE
D:\major project\dataset\face only\DFDC_REAL_Face_only_data\uvxbqscnab.mp4,REAL
D:\major project\dataset\face only\DFDC_FAKE_Face_only_data\bfdlyfihvy.mp4,FAKE
D:\major project\dataset\face only\DFDC_FAKE_Face_only_data\aahslbfkop.mp4,FAKE
D:\major project\dataset\face only\DFDC_FAKE_Face_only_data\apcrjhkztt.mp4,FAKE
D:\major project\dataset\face only\DFDC_FAKE_Face_only_data\dwczogpery.mp4,FAKE
D:\major project\dataset\face only\DFDC_FAKE_Face_only_data\ccbfmuqlkj.mp4,FAKE
D:\major project\dataset\face only\DFDC_REAL_Face_only_data\addknoverp.mp4,REAL
D:\major project\dataset\face only\DFDC_FAKE_Face_only_data\csvqixkrdb.mp4,FAKE
D:\major project\dataset\face only\DFDC_REAL_Face_only_data\bmljrhlhta.mp4,REAL
D:\major project\dataset\face only\DFDC_REAL_Face_only_data\feubajatmw.mp4,REAL
D:\major project\dataset\face only\DFDC_FAKE_Face_only_data\ddohdmifkp.mp4,FAKE
D:\major project\dataset\face only\DFDC_FAKE_Face_only_data\cqxwnhupme.mp4,FAKE
D:\major project\dataset\face only\DFDC_FAKE_Face_only_data\blpsprzbrp.mp4,FAKE
D:\major project\dataset\face only\DFDC_REAL_Face_only_data\eitfpxnzwo.mp4,REAL
D:\major project\dataset\face only\DFDC_FAKE_Face_only_data\dtviszogbx.mp4,FAKE
D:\major project\dataset\face only\DFDC_REAL_Face_only_data\wtbtcunklv.mp4,REAL
D:\major project\dataset\face only\DFDC_FAKE_Face_only_data\ahtoprtppg.mp4,FAKE
D:\major project\dataset\face only\DFDC_REAL_Face_only_data\wjxmmjmchv.mp4,REAL
D:\major project\dataset\face only\DFDC_FAKE_Face_only_data\apgqgxqcbh.mp4,FAKE
D:\major project\dataset\face only\DFDC_FAKE_Face_only_data\byzmxujeng.mp4,FAKE
D:\major project\dataset\face only\DFDC_FAKE_Face_only_data\crvnokpuao.mp4,FAKE
D:\major project\dataset\face only\DFDC_FAKE_Face_only_data\anlrxdxsel.mp4,FAKE
D:\major project\dataset\face only\DFDC_FAKE_Face_only_data\dddxunglkp.mp4,FAKE
D:\major project\dataset\face only\DFDC_REAL_Face_only_data\eqgipviesf.mp4,REAL
D:\major project\dataset\face only\DFDC_FAKE_Face_only_data\deylwmxabw.mp4,FAKE
D:\major project\dataset\face only\DFDC_FAKE_Face_only_data\bpzmcgorle.mp4,FAKE
D:\major project\dataset\face only\DFDC_REAL_Face_only_data\czzfgvkhah.mp4,REAL
D:\major project\dataset\face only\DFDC_FAKE_Face_only_data\atbqpfymgi.mp4,FAKE
D:\major project\dataset\face only\DFDC_REAL_Face_only_data\dxdboiwhoo.mp4,REAL
D:\major project\dataset\face only\DFDC_FAKE_Face_only_data\aujiyxfffk.mp4,FAKE
D:\major project\dataset\face only\DFDC_FAKE_Face_only_data\cqriqodldx.mp4,FAKE
D:\major project\dataset\face only\DFDC_FAKE_Face_only_data\dvvrufajch.mp4,FAKE
D:\major project\dataset\face only\DFDC_FAKE_Face_only_data\duplfegshv.mp4,FAKE
D:\major project\dataset\face only\DFDC_FAKE_Face_only_data\bsijbywcuc.mp4,FAKE
D:\major project\dataset\face only\DFDC_REAL_Face_only_data\tepveovrdk.mp4,REAL
D:\major project\dataset\face only\DFDC_FAKE_Face_only_data\alrogmblmz.mp4,FAKE
D:\major project\dataset\face only\DFDC_FAKE_Face_only_data\bntmdzsges.mp4,FAKE
D:\major project\dataset\face only\DFDC_REAL_Face_only_data\cefzoeryat.mp4,REAL
D:\major project\dataset\face only\DFDC_FAKE_Face_only_data\dfafrrltdi.mp4,FAKE
D:\major project\dataset\face only\DFDC_FAKE_Face_only_data\bvjjrsdevv.mp4,FAKE
D:\major project\dataset\face only\DFDC_FAKE_Face_only_data\bpqtyarnjh.mp4,FAKE
D:\major project\dataset\face only\DFDC_FAKE_Face_only_data\ajqqjqkpsr.mp4,FAKE
D:\major project\dataset\face only\DFDC_FAKE_Face_only_data\dhvtqqczev.mp4,FAKE
D:\major project\dataset\face only\DFDC_REAL_Face_only_data\yrwhyhmzwi.mp4,REAL
D:\major project\dataset\face only\DFDC_FAKE_Face_only_data\cxlpvfoxdt.mp4,FAKE
D:\major project\dataset\face only\DFDC_FAKE_Face_only_data\csmvoigpmo.mp4,FAKE
D:\major project\dataset\face only\DFDC_FAKE_Face_only_data\achcojqaas.mp4,FAKE
D:\major project\dataset\face only\DFDC_FAKE_Face_only_data\cmbcebohin.mp4,FAKE
D:\major project\dataset\face only\DFDC_REAL_Face_only_data\gmkfzogjlj.mp4,REAL
D:\major project\dataset\face only\DFDC_FAKE_Face_only_data\bpvrltfiuf.mp4,FAKE
D:\major project\dataset\face only\DFDC_FAKE_Face_only_data\bebrgwqbot.mp4,FAKE
D:\major project\dataset\face only\DFDC_REAL_Face_only_data\hmnspetjoc.mp4,REAL
D:\major project\dataset\face only\DFDC_FAKE_Face_only_data\amvydakvli.mp4,FAKE
D:\major project\dataset\face only\DFDC_REAL_Face_only_data\wwqptmclnt.mp4,REAL
D:\major project\dataset\face only\DFDC_REAL_Face_only_data\chqosjqjus.mp4,REAL
D:\major project\dataset\face only\DFDC_FAKE_Face_only_data\anewicpmkd.mp4,FAKE
D:\major project\dataset\face only\DFDC_FAKE_Face_only_data\cjpjjjnsgz.mp4,FAKE
D:\major project\dataset\face only\DFDC_REAL_Face_only_data\omodwoqqhv.mp4,REAL
D:\major project\dataset\face only\DFDC_FAKE_Face_only_data\chzxlddmjo.mp4,FAKE
D:\major project\dataset\face only\DFDC_FAKE_Face_only_data\bgpzkygcea.mp4,FAKE
D:\major project\dataset\face only\DFDC_FAKE_Face_only_data\axiltxiyse.mp4,FAKE
D:\major project\dataset\face only\DFDC_FAKE_Face_only_data\drrmdksoxw.mp4,FAKE
D:\major project\dataset\face only\DFDC_FAKE_Face_only_data\ahauixjqjp.mp4,FAKE
D:\major project\dataset\face only\DFDC_FAKE_Face_only_data\dmagghegra.mp4,FAKE
D:\major project\dataset\face only\DFDC_REAL_Face_only_data\cisrxltwyh.mp4,REAL
D:\major project\dataset\face only\DFDC_FAKE_Face_only_data\cuvqoorsek.mp4,FAKE
D:\major project\dataset\face only\DFDC_REAL_Face_only_data\ebuebnxpdq.mp4,REAL
D:\major project\dataset\face only\DFDC_REAL_Face_only_data\zozjzdrvtp.mp4,REAL
D:\major project\dataset\face only\DFDC_REAL_Face_only_data\xfrswzqrmn.mp4,REAL
D:\major project\dataset\face only\DFDC_FAKE_Face_only_data\akbezffrjx.mp4,FAKE
D:\major project\dataset\face only\DFDC_FAKE_Face_only_data\dkmybfdiif.mp4,FAKE
D:\major project\dataset\face only\DFDC_FAKE_Face_only_data\aypkfdynul.mp4,FAKE
D:\major project\dataset\face only\DFDC_FAKE_Face_only_data\aeyprmocjo.mp4,FAKE
D:\major project\dataset\face only\DFDC_REAL_Face_only_data\lhglvsajka.mp4,REAL
D:\major project\dataset\face only\DFDC_REAL_Face_only_data\sitvymbvfh.mp4,REAL
D:\major project\dataset\face only\DFDC_FAKE_Face_only_data\ccpkjeveme.mp4,FAKE
D:\major project\dataset\face only\DFDC_FAKE_Face_only_data\ddlsxsesbx.mp4,FAKE
D:\major project\dataset\face only\DFDC_REAL_Face_only_data\bzzcuuntfd.mp4,REAL
D:\major project\dataset\face only\DFDC_REAL_Face_only_data\ubarhvreoj.mp4,REAL
D:\major project\dataset\face only\DFDC_FAKE_Face_only_data\bbwnmgecdf.mp4,FAKE
D:\major project\dataset\face only\DFDC_FAKE_Face_only_data\bgatyjdowa.mp4,FAKE
D:\major project\dataset\face only\DFDC_FAKE_Face_only_data\czempsilib.mp4,FAKE
D:\major project\dataset\face only\DFDC_FAKE_Face_only_data\atyljnwunq.mp4,FAKE
D:\major project\dataset\face only\DFDC_REAL_Face_only_data\jjgcpugjwy.mp4,REAL
D:\major project\dataset\face only\DFDC_FAKE_Face_only_data\apyxwaxfps.mp4,FAKE
D:\major project\dataset\face only\DFDC_REAL_Face_only_data\xajcrzlpft.mp4,REAL
D:\major project\dataset\face only\DFDC_FAKE_Face_only_data\bdqmhkoehe.mp4,FAKE
D:\major project\dataset\face only\DFDC_FAKE_Face_only_data\cyxfegxaea.mp4,FAKE
D:\major project\dataset\face only\DFDC_REAL_Face_only_data\ncmtepztza.mp4,REAL
D:\major project\dataset\face only\DFDC_REAL_Face_only_data\yvgnaxkajm.mp4,REAL
D:\major project\dataset\face only\DFDC_FAKE_Face_only_data\cpwfwaurge.mp4,FAKE
D:\major project\dataset\face only\DFDC_FAKE_Face_only_data\cbaetxcmkf.mp4,FAKE
D:\major project\dataset\face only\DFDC_REAL_Face_only_data\obxxxpbbsb.mp4,REAL
D:\major project\dataset\face only\DFDC_FAKE_Face_only_data\btqedjcqpt.mp4,FAKE
D:\major project\dataset\face only\DFDC_FAKE_Face_only_data\dfshmoospr.mp4,FAKE
D:\major project\dataset\face only\DFDC_FAKE_Face_only_data\amapzzdqse.mp4,FAKE
D:\major project\dataset\face only\DFDC_FAKE_Face_only_data\agjhckhukv.mp4,FAKE
D:\major project\dataset\face only\DFDC_FAKE_Face_only_data\bhwrpwervy.mp4,FAKE
D:\major project\dataset\face only\DFDC_FAKE_Face_only_data\dieeubojvf.mp4,FAKE
D:\major project\dataset\face only\DFDC_FAKE_Face_only_data\bgnxtocxqo.mp4,FAKE
D:\major project\dataset\face only\DFDC_FAKE_Face_only_data\brzfxbzteo.mp4,FAKE
D:\major project\dataset\face only\DFDC_REAL_Face_only_data\lkvpwhhelv.mp4,REAL
D:\major project\dataset\face only\DFDC_REAL_Face_only_data\tbhtlnrbut.mp4,REAL
D:\major project\dataset\face only\DFDC_FAKE_Face_only_data\axjxsymyhw.mp4,FAKE
D:\major project\dataset\face only\DFDC_REAL_Face_only_data\noonwrxiwg.mp4,REAL
D:\major project\dataset\face only\DFDC_FAKE_Face_only_data\bwyxdrzifm.mp4,FAKE
D:\major project\dataset\face only\DFDC_REAL_Face_only_data\dogenbgabh.mp4,REAL
D:\major project\dataset\face only\DFDC_FAKE_Face_only_data\dhtnlcuwwr.mp4,FAKE
D:\major project\dataset\face only\DFDC_REAL_Face_only_data\rocmxliauc.mp4,REAL
D:\major project\dataset\face only\DFDC_REAL_Face_only_data\ufiwltnbqn.mp4,REAL
D:\major project\dataset\face only\DFDC_REAL_Face_only_data\mvplwzoirr.mp4,REAL
D:\major project\dataset\face only\DFDC_REAL_Face_only_data\mqmfuzsrnt.mp4,REAL
D:\major project\dataset\face only\DFDC_REAL_Face_only_data\wrjwqnwiss.mp4,REAL
D:\major project\dataset\face only\DFDC_REAL_Face_only_data\csfwgdpzym.mp4,REAL
D:\major project\dataset\face only\DFDC_REAL_Face_only_data\hvierltlmq.mp4,REAL
D:\major project\dataset\face only\DFDC_REAL_Face_only_data\auubycdueq.mp4,REAL
D:\major project\dataset\face only\DFDC_REAL_Face_only_data\aabqyygbaa.mp4,REAL
D:\major project\dataset\face only\DFDC_REAL_Face_only_data\ejdavxgdsf.mp4,REAL
D:\major project\dataset\face only\DFDC_REAL_Face_only_data\wediirbvdv.mp4,REAL
D:\major project\dataset\face only\DFDC_REAL_Face_only_data\mppjpwwcom.mp4,REAL
D:\major project\dataset\face only\DFDC_REAL_Face_only_data\wdzefhhcwt.mp4,REAL
D:\major project\dataset\face only\DFDC_REAL_Face_only_data\bqruljgfil.mp4,REAL
D:\major project\dataset\face only\DFDC_REAL_Face_only_data\brlraaempq.mp4,REAL
D:\major project\dataset\face only\DFDC_REAL_Face_only_data\nvdzhsjkda.mp4,REAL
D:\major project\dataset\face only\DFDC_REAL_Face_only_data\yusjuhoblj.mp4,REAL
D:\major project\dataset\face only\DFDC_FAKE_Face_only_data\drapfnscij.mp4,FAKE
D:\major project\dataset\face only\DFDC_REAL_Face_only_data\bxqmfgdlul.mp4,REAL
D:\major project\dataset\face only\DFDC_REAL_Face_only_data\zldzgyuxam.mp4,REAL
D:\major project\dataset\face only\DFDC_REAL_Face_only_data\wqtpgcfjlu.mp4,REAL
D:\major project\dataset\face only\DFDC_REAL_Face_only_data\lkajvpbztr.mp4,REAL
D:\major project\dataset\face only\DFDC_REAL_Face_only_data\ktrkpmnnlg.mp4,REAL
D:\major project\dataset\face only\DFDC_REAL_Face_only_data\hmnkjimojl.mp4,REAL
D:\major project\dataset\face only\DFDC_REAL_Face_only_data\bmjbamtqwn.mp4,REAL
D:\major project\dataset\face only\DFDC_REAL_Face_only_data\quckfgtghv.mp4,REAL
D:\major project\dataset\face only\DFDC_REAL_Face_only_data\iofoynuaqe.mp4,REAL
D:\major project\dataset\face only\DFDC_REAL_Face_only_data\mmifqasqyt.mp4,REAL
D:\major project\dataset\face only\DFDC_REAL_Face_only_data\viiltedtog.mp4,REAL
D:\major project\dataset\face only\DFDC_REAL_Face_only_data\qziphesclu.mp4,REAL
D:\major project\dataset\face only\DFDC_REAL_Face_only_data\jokemukffb.mp4,REAL
D:\major project\dataset\face only\DFDC_REAL_Face_only_data\ueqbcbqpep.mp4,REAL
D:\major project\dataset\face only\DFDC_REAL_Face_only_data\pykjeuufie.mp4,REAL
D:\major project\dataset\face only\DFDC_FAKE_Face_only_data\csribdbvgz.mp4,FAKE
D:\major project\dataset\face only\DFDC_REAL_Face_only_data\ihwwpkzcdn.mp4,REAL
D:\major project\dataset\face only\DFDC_REAL_Face_only_data\rfvmtpuvps.mp4,REAL
D:\major project\dataset\face only\DFDC_REAL_Face_only_data\flbrvohbvv.mp4,REAL
D:\major project\dataset\face only\DFDC_REAL_Face_only_data\sgzdnmbopr.mp4,REAL
D:\major project\dataset\face only\DFDC_REAL_Face_only_data\btsbqigrcq.mp4,REAL
D:\major project\dataset\face only\DFDC_FAKE_Face_only_data\aonaupzilc.mp4,FAKE
D:\major project\dataset\face only\DFDC_REAL_Face_only_data\eiofpijvxq.mp4,REAL
D:\major project\dataset\face only\DFDC_REAL_Face_only_data\rewagripxi.mp4,REAL
D:\major project\dataset\face only\DFDC_REAL_Face_only_data\bnhejkbtyq.mp4,REAL
D:\major project\dataset\face only\DFDC_REAL_Face_only_data\vqtpvljpmu.mp4,REAL
D:\major project\dataset\face only\DFDC_REAL_Face_only_data\tkoyswvpjj.mp4,REAL
D:\major project\dataset\face only\DFDC_REAL_Face_only_data\geezrhjaml.mp4,REAL
D:\major project\dataset\face only\DFDC_REAL_Face_only_data\gvwsgyexpl.mp4,REAL
D:\major project\dataset\face only\DFDC_REAL_Face_only_data\jlpzyrhwik.mp4,REAL
D:\major project\dataset\face only\DFDC_REAL_Face_only_data\dykljokhdg.mp4,REAL
D:\major project\dataset\face only\DFDC_REAL_Face_only_data\cvznehgagq.mp4,REAL
D:\major project\dataset\face only\DFDC_REAL_Face_only_data\ugjufkwtrc.mp4,REAL
D:\major project\dataset\face only\DFDC_REAL_Face_only_data\kxvowszzuo.mp4,REAL
D:\major project\dataset\face only\DFDC_FAKE_Face_only_data\cdbmqliycy.mp4,FAKE
D:\major project\dataset\face only\DFDC_REAL_Face_only_data\jlvqrgqhpw.mp4,REAL
D:\major project\dataset\face only\DFDC_FAKE_Face_only_data\domzpupdnm.mp4,FAKE
D:\major project\dataset\face only\DFDC_REAL_Face_only_data\nmusooihlb.mp4,REAL
D:\major project\dataset\face only\DFDC_REAL_Face_only_data\sptefjlzud.mp4,REAL
D:\major project\dataset\face only\DFDC_FAKE_Face_only_data\bjnvgindid.mp4,FAKE
D:\major project\dataset\face only\DFDC_REAL_Face_only_data\wjbzupwcge.mp4,REAL
D:\major project\dataset\face only\DFDC_FAKE_Face_only_data\acpaumltcm.mp4,FAKE
D:\major project\dataset\face only\DFDC_FAKE_Face_only_data\alhqvmlmfm.mp4,FAKE
D:\major project\dataset\face only\DFDC_REAL_Face_only_data\ilvmgunkie.mp4,REAL
D:\major project\dataset\face only\DFDC_REAL_Face_only_data\pkgrxcumnm.mp4,REAL
D:\major project\dataset\face only\DFDC_FAKE_Face_only_data\adtvlinjvb.mp4,FAKE
D:\major project\dataset\face only\DFDC_REAL_Face_only_data\zcjjkcrrle.mp4,REAL
D:\major project\dataset\face only\DFDC_FAKE_Face_only_data\doujpiwzkc.mp4,FAKE
D:\major project\dataset\face only\DFDC_REAL_Face_only_data\byahwgvhmf.mp4,REAL
D:\major project\dataset\face only\DFDC_REAL_Face_only_data\xpunzwycxm.mp4,REAL
D:\major project\dataset\face only\DFDC_REAL_Face_only_data\qhprjamitv.mp4,REAL
D:\major project\dataset\face only\DFDC_REAL_Face_only_data\jgrdzsjsqn.mp4,REAL
D:\major project\dataset\face only\DFDC_REAL_Face_only_data\ttxuegkaew.mp4,REAL
D:\major project\dataset\face only\DFDC_REAL_Face_only_data\wlurvqspwf.mp4,REAL
D:\major project\dataset\face only\DFDC_REAL_Face_only_data\cbxaeqakvz.mp4,REAL
D:\major project\dataset\face only\DFDC_FAKE_Face_only_data\diokmtvbvi.mp4,FAKE
D:\major project\dataset\face only\DFDC_REAL_Face_only_data\wbhobkjdfp.mp4,REAL
D:\major project\dataset\face only\DFDC_REAL_Face_only_data\ydbnctieuk.mp4,REAL
D:\major project\dataset\face only\DFDC_FAKE_Face_only_data\bjkjjutppv.mp4,FAKE
D:\major project\dataset\face only\DFDC_REAL_Face_only_data\ljtkjhntue.mp4,REAL
D:\major project\dataset\face only\DFDC_FAKE_Face_only_data\dwowalvgfk.mp4,FAKE
D:\major project\dataset\face only\DFDC_REAL_Face_only_data\sttjoqcsec.mp4,REAL
D:\major project\dataset\face only\DFDC_REAL_Face_only_data\qnzffjwxxy.mp4,REAL
D:\major project\dataset\face only\DFDC_REAL_Face_only_data\ggjcrroblk.mp4,REAL
D:\major project\dataset\face only\DFDC_REAL_Face_only_data\ciyqhbpbry.mp4,REAL
D:\major project\dataset\face only\DFDC_FAKE_Face_only_data\cmbvmibdcr.mp4,FAKE
D:\major project\dataset\face only\DFDC_REAL_Face_only_data\hgqqwuqrlm.mp4,REAL
D:\major project\dataset\face only\DFDC_REAL_Face_only_data\nxisgwjymu.mp4,REAL
D:\major project\dataset\face only\DFDC_REAL_Face_only_data\wfmxpuzxwe.mp4,REAL
D:\major project\dataset\face only\DFDC_REAL_Face_only_data\mfyqcmjhln.mp4,REAL
D:\major project\dataset\face only\DFDC_REAL_Face_only_data\wmatrirlng.mp4,REAL
D:\major project\dataset\face only\DFDC_FAKE_Face_only_data\bpqmetsjik.mp4,FAKE
D:\major project\dataset\face only\DFDC_REAL_Face_only_data\sjfnwkiqin.mp4,REAL
D:\major project\dataset\face only\DFDC_FAKE_Face_only_data\beosdmoipb.mp4,FAKE
D:\major project\dataset\face only\DFDC_REAL_Face_only_data\fnhtrjggdb.mp4,REAL
D:\major project\dataset\face only\DFDC_REAL_Face_only_data\mocynzouym.mp4,REAL
D:\major project\dataset\face only\DFDC_REAL_Face_only_data\fratowhttl.mp4,REAL
D:\major project\dataset\face only\DFDC_REAL_Face_only_data\pcemgkfqgn.mp4,REAL
D:\major project\dataset\face only\DFDC_REAL_Face_only_data\xsgmwwbeib.mp4,REAL
D:\major project\dataset\face only\DFDC_FAKE_Face_only_data\blykqbluyb.mp4,FAKE
D:\major project\dataset\face only\DFDC_FAKE_Face_only_data\cujuflgqqa.mp4,FAKE
D:\major project\dataset\face only\DFDC_REAL_Face_only_data\qethauxnwk.mp4,REAL
D:\major project\dataset\face only\DFDC_REAL_Face_only_data\kxrolubbyy.mp4,REAL
D:\major project\dataset\face only\DFDC_REAL_Face_only_data\faevxxupes.mp4,REAL
D:\major project\dataset\face only\DFDC_REAL_Face_only_data\fsqteuqfqj.mp4,REAL
D:\major project\dataset\face only\DFDC_FAKE_Face_only_data\adcnvlhawy.mp4,FAKE
D:\major project\dataset\face only\DFDC_REAL_Face_only_data\ofpugszjdt.mp4,REAL
D:\major project\dataset\face only\DFDC_REAL_Face_only_data\otwrzyhfmy.mp4,REAL
D:\major project\dataset\face only\DFDC_REAL_Face_only_data\ggpxsyidcv.mp4,REAL
D:\major project\dataset\face only\DFDC_REAL_Face_only_data\yjqxutyyvi.mp4,REAL
D:\major project\dataset\face only\DFDC_REAL_Face_only_data\wwcowbnwms.mp4,REAL
D:\major project\dataset\face only\DFDC_FAKE_Face_only_data\awtomwfgsw.mp4,FAKE
D:\major project\dataset\face only\DFDC_REAL_Face_only_data\prbizkjaze.mp4,REAL
D:\major project\dataset\face only\DFDC_REAL_Face_only_data\sprtqpixpt.mp4,REAL
D:\major project\dataset\face only\DFDC_REAL_Face_only_data\jkxrjgnksq.mp4,REAL
D:\major project\dataset\face only\DFDC_REAL_Face_only_data\xebotqrsyd.mp4,REAL
D:\major project\dataset\face only\DFDC_REAL_Face_only_data\liyvxlwvei.mp4,REAL
D:\major project\dataset\face only\DFDC_REAL_Face_only_data\nkfxfvglzp.mp4,REAL
D:\major project\dataset\face only\DFDC_REAL_Face_only_data\abzdxpmmdb.mp4,REAL
D:\major project\dataset\face only\DFDC_FAKE_Face_only_data\dfpizimddw.mp4,FAKE
D:\major project\dataset\face only\DFDC_REAL_Face_only_data\pslnizmjib.mp4,REAL
D:\major project\dataset\face only\DFDC_REAL_Face_only_data\yryscwqjbf.mp4,REAL
D:\major project\dataset\face only\DFDC_REAL_Face_only_data\utxsqzcrbt.mp4,REAL
D:\major project\dataset\face only\DFDC_REAL_Face_only_data\qnxyrntvsj.mp4,REAL
D:\major project\dataset\face only\DFDC_REAL_Face_only_data\imrprfgqaj.mp4,REAL
D:\major project\dataset\face only\DFDC_REAL_Face_only_data\xkblnsntnr.mp4,REAL
D:\major project\dataset\face only\DFDC_REAL_Face_only_data\sirhlngcew.mp4,REAL
D:\major project\dataset\face only\DFDC_REAL_Face_only_data\qdzadbpiod.mp4,REAL
D:\major project\dataset\face only\DFDC_REAL_Face_only_data\nvjdasvkoe.mp4,REAL
D:\major project\dataset\face only\DFDC_FAKE_Face_only_data\cpxedkyytp.mp4,FAKE
D:\major project\dataset\face only\DFDC_REAL_Face_only_data\oiysfgeifc.mp4,REAL
D:\major project\dataset\face only\DFDC_REAL_Face_only_data\stcuuehqbq.mp4,REAL
D:\major project\dataset\face only\DFDC_REAL_Face_only_data\anikhdvdzo.mp4,REAL
D:\major project\dataset\face only\DFDC_FAKE_Face_only_data\bhjbjznqko.mp4,FAKE
D:\major project\dataset\face only\DFDC_REAL_Face_only_data\rtrnpctaug.mp4,REAL
D:\major project\dataset\face only\DFDC_REAL_Face_only_data\rmgyrtrhso.mp4,REAL
D:\major project\dataset\face only\DFDC_REAL_Face_only_data\arvqnhhwpm.mp4,REAL
D:\major project\dataset\face only\DFDC_REAL_Face_only_data\fskjykudzw.mp4,REAL
D:\major project\dataset\face only\DFDC_REAL_Face_only_data\aeeigmpocb.mp4,REAL
D:\major project\dataset\face only\DFDC_REAL_Face_only_data\zqibqemsix.mp4,REAL
D:\major project\dataset\face only\DFDC_REAL_Face_only_data\fvcnftvtjv.mp4,REAL
D:\major project\dataset\face only\DFDC_REAL_Face_only_data\kdzihtzpkr.mp4,REAL
D:\major project\dataset\face only\DFDC_REAL_Face_only_data\tftvimylrn.mp4,REAL
D:\major project\dataset\face only\DFDC_REAL_Face_only_data\mlfbccdtoy.mp4,REAL
D:\major project\dataset\face only\DFDC_REAL_Face_only_data\lznqagzwyk.mp4,REAL
D:\major project\dataset\face only\DFDC_REAL_Face_only_data\ppgpesmnom.mp4,REAL
D:\major project\dataset\face only\DFDC_FAKE_Face_only_data\dxbrjrefpe.mp4,FAKE
D:\major project\dataset\face only\DFDC_REAL_Face_only_data\gplgurohus.mp4,REAL
D:\major project\dataset\face only\DFDC_REAL_Face_only_data\tgknwvdjxj.mp4,REAL
D:\major project\dataset\face only\DFDC_REAL_Face_only_data\kmigcpmqoq.mp4,REAL
D:\major project\dataset\face only\DFDC_REAL_Face_only_data\gvycszbsqv.mp4,REAL
D:\major project\dataset\face only\DFDC_REAL_Face_only_data\piyckbokjg.mp4,REAL
D:\major project\dataset\face only\DFDC_REAL_Face_only_data\udeqznwkle.mp4,REAL
D:\major project\dataset\face only\DFDC_REAL_Face_only_data\ochicrfxew.mp4,REAL
D:\major project\dataset\face only\DFDC_FAKE_Face_only_data\bdbqrjjyak.mp4,FAKE
D:\major project\dataset\face only\DFDC_REAL_Face_only_data\jswunuyhcq.mp4,REAL
D:\major project\dataset\face only\DFDC_FAKE_Face_only_data\dasleascbq.mp4,FAKE
D:\major project\dataset\face only\DFDC_REAL_Face_only_data\igzvunospk.mp4,REAL
D:\major project\dataset\face only\DFDC_FAKE_Face_only_data\connsjyvsl.mp4,FAKE
D:\major project\dataset\face only\DFDC_FAKE_Face_only_data\dhcyqigcio.mp4,FAKE
D:\major project\dataset\face only\DFDC_REAL_Face_only_data\fhonpnpnls.mp4,REAL
D:\major project\dataset\face only\DFDC_REAL_Face_only_data\otumyuuzkl.mp4,REAL
D:\major project\dataset\face only\DFDC_REAL_Face_only_data\ailmasxkxb.mp4,REAL
D:\major project\dataset\face only\DFDC_FAKE_Face_only_data\cekuytiohq.mp4,FAKE
D:\major project\dataset\face only\DFDC_REAL_Face_only_data\fvcxtymazh.mp4,REAL
D:\major project\dataset\face only\DFDC_FAKE_Face_only_data\dbiuxvqhrt.mp4,FAKE
D:\major project\dataset\face only\DFDC_REAL_Face_only_data\evjkrjrged.mp4,REAL
D:\major project\dataset\face only\DFDC_REAL_Face_only_data\xttwbloiwj.mp4,REAL
D:\major project\dataset\face only\DFDC_REAL_Face_only_data\iocpymnnba.mp4,REAL
D:\major project\dataset\face only\DFDC_FAKE_Face_only_data\bqrcgzqhnm.mp4,FAKE
D:\major project\dataset\face only\DFDC_FAKE_Face_only_data\dfxwtmsttt.mp4,FAKE
D:\major project\dataset\face only\DFDC_REAL_Face_only_data\jpjyldcxnl.mp4,REAL
D:\major project\dataset\face only\DFDC_REAL_Face_only_data\hepjjlvper.mp4,REAL
D:\major project\dataset\face only\DFDC_REAL_Face_only_data\wwkraoiksx.mp4,REAL
D:\major project\dataset\face only\DFDC_REAL_Face_only_data\nbrbwqrwnb.mp4,REAL
D:\major project\dataset\face only\DFDC_REAL_Face_only_data\plihptbblj.mp4,REAL
D:\major project\dataset\face only\DFDC_FAKE_Face_only_data\bbisgqelmk.mp4,FAKE
D:\major project\dataset\face only\DFDC_REAL_Face_only_data\uzhbwfpoqz.mp4,REAL
D:\major project\dataset\face only\DFDC_REAL_Face_only_data\pjpklcreot.mp4,REAL
D:\major project\dataset\face only\DFDC_REAL_Face_only_data\fivdmorlbt.mp4,REAL
D:\major project\dataset\face only\DFDC_REAL_Face_only_data\rumxbqgmld.mp4,REAL
D:\major project\dataset\face only\DFDC_FAKE_Face_only_data\aawhvztjdt.mp4,FAKE
D:\major project\dataset\face only\DFDC_REAL_Face_only_data\gbvravevjt.mp4,REAL
D:\major project\dataset\face only\DFDC_REAL_Face_only_data\qrssrcmzzq.mp4,REAL
D:\major project\dataset\face only\DFDC_REAL_Face_only_data\uiiiophjmf.mp4,REAL
D:\major project\dataset\face only\DFDC_FAKE_Face_only_data\chdbbbghqw.mp4,FAKE
D:\major project\dataset\face only\DFDC_REAL_Face_only_data\shehvyhzsd.mp4,REAL
D:\major project\dataset\face only\DFDC_REAL_Face_only_data\wbvjhwxgfk.mp4,REAL
D:\major project\dataset\face only\DFDC_REAL_Face_only_data\gefwxtpjiz.mp4,REAL
D:\major project\dataset\face only\DFDC_REAL_Face_only_data\csomiogcwu.mp4,REAL
D:\major project\dataset\face only\DFDC_REAL_Face_only_data\rdwavfndgq.mp4,REAL
D:\major project\dataset\face only\DFDC_FAKE_Face_only_data\ckkhekfajw.mp4,FAKE
D:\major project\dataset\face only\DFDC_FAKE_Face_only_data\btxbhzzeim.mp4,FAKE
D:\major project\dataset\face only\DFDC_FAKE_Face_only_data\cwmahupvmg.mp4,FAKE
D:\major project\dataset\face only\DFDC_REAL_Face_only_data\rchhpxquai.mp4,REAL
D:\major project\dataset\face only\DFDC_REAL_Face_only_data\iwrclnpqoc.mp4,REAL
D:\major project\dataset\face only\DFDC_REAL_Face_only_data\rlzaurucfj.mp4,REAL
D:\major project\dataset\face only\DFDC_REAL_Face_only_data\azlybpzqln.mp4,REAL
D:\major project\dataset\face only\DFDC_REAL_Face_only_data\hbotpzjkuc.mp4,REAL
D:\major project\dataset\face only\DFDC_REAL_Face_only_data\stftfbmdgu.mp4,REAL
D:\major project\dataset\face only\DFDC_REAL_Face_only_data\giwobcepvb.mp4,REAL
D:\major project\dataset\face only\DFDC_FAKE_Face_only_data\bwvxqmolob.mp4,FAKE
D:\major project\dataset\face only\DFDC_REAL_Face_only_data\rsalptpmrc.mp4,REAL
D:\major project\dataset\face only\DFDC_FAKE_Face_only_data\aegwmawqov.mp4,FAKE
D:\major project\dataset\face only\DFDC_FAKE_Face_only_data\bitlskxuct.mp4,FAKE
D:\major project\dataset\face only\DFDC_FAKE_Face_only_data\chqfxmkwdq.mp4,FAKE
D:\major project\dataset\face only\DFDC_REAL_Face_only_data\ehtmhdbslm.mp4,REAL
D:\major project\dataset\face only\DFDC_REAL_Face_only_data\spgzovqysj.mp4,REAL
D:\major project\dataset\face only\DFDC_REAL_Face_only_data\ifvpemzpuf.mp4,REAL
D:\major project\dataset\face only\DFDC_REAL_Face_only_data\koowljkerd.mp4,REAL
D:\major project\dataset\face only\DFDC_REAL_Face_only_data\jiwlonxohi.mp4,REAL
D:\major project\dataset\face only\DFDC_REAL_Face_only_data\vrzpxnryrm.mp4,REAL
D:\major project\dataset\face only\DFDC_REAL_Face_only_data\mpjiuzojzc.mp4,REAL
D:\major project\dataset\face only\DFDC_REAL_Face_only_data\ifvbwbcnyj.mp4,REAL
D:\major project\dataset\face only\DFDC_REAL_Face_only_data\czgnyrrkuq.mp4,REAL
D:\major project\dataset\face only\DFDC_REAL_Face_only_data\fnwnfnrbte.mp4,REAL
D:\major project\dataset\face only\DFDC_REAL_Face_only_data\nywoptxkwu.mp4,REAL
D:\major project\dataset\face only\DFDC_REAL_Face_only_data\pctpdjneks.mp4,REAL
D:\major project\dataset\face only\DFDC_REAL_Face_only_data\fgxotqcyqh.mp4,REAL
D:\major project\dataset\face only\DFDC_REAL_Face_only_data\nufqxmyffp.mp4,REAL
D:\major project\dataset\face only\DFDC_REAL_Face_only_data\qwdktilbrk.mp4,REAL
D:\major project\dataset\face only\DFDC_REAL_Face_only_data\arsayfybpz.mp4,REAL
D:\major project\dataset\face only\DFDC_REAL_Face_only_data\rhncslawoz.mp4,REAL
D:\major project\dataset\face only\DFDC_REAL_Face_only_data\cczcxkrrnj.mp4,REAL
D:\major project\dataset\face only\DFDC_FAKE_Face_only_data\dxieksfyad.mp4,FAKE
D:\major project\dataset\face only\DFDC_REAL_Face_only_data\lkbpavasad.mp4,REAL
D:\major project\dataset\face only\DFDC_REAL_Face_only_data\aikmehbtbm.mp4,REAL
D:\major project\dataset\face only\DFDC_REAL_Face_only_data\mgqlxlnize.mp4,REAL
D:\major project\dataset\face only\DFDC_REAL_Face_only_data\jlzckbmrbw.mp4,REAL
D:\major project\dataset\face only\DFDC_REAL_Face_only_data\osqruujwxd.mp4,REAL
D:\major project\dataset\face only\DFDC_REAL_Face_only_data\bgycggxsky.mp4,REAL
D:\major project\dataset\face only\DFDC_FAKE_Face_only_data\djcuqtgccw.mp4,FAKE
D:\major project\dataset\face only\DFDC_REAL_Face_only_data\zwxefbpfee.mp4,REAL
D:\major project\dataset\face only\DFDC_REAL_Face_only_data\snijmzqzux.mp4,REAL
D:\major project\dataset\face only\DFDC_REAL_Face_only_data\giqncczwue.mp4,REAL
D:\major project\dataset\face only\DFDC_REAL_Face_only_data\siwmglrdle.mp4,REAL
D:\major project\dataset\face only\DFDC_REAL_Face_only_data\mugpedpwbl.mp4,REAL
D:\major project\dataset\face only\DFDC_REAL_Face_only_data\mkxzfysiua.mp4,REAL
D:\major project\dataset\face only\DFDC_REAL_Face_only_data\jmqmljznhv.mp4,REAL
D:\major project\dataset\face only\DFDC_FAKE_Face_only_data\cvovxjmzsl.mp4,FAKE
D:\major project\dataset\face only\DFDC_REAL_Face_only_data\slfwxkmdgo.mp4,REAL
D:\major project\dataset\face only\DFDC_REAL_Face_only_data\fwekcrqdak.mp4,REAL
D:\major project\dataset\face only\DFDC_FAKE_Face_only_data\afnhmtuuva.mp4,FAKE
D:\major project\dataset\face only\DFDC_REAL_Face_only_data\teehidqtii.mp4,REAL
D:\major project\dataset\face only\DFDC_REAL_Face_only_data\tznkzweueh.mp4,REAL
D:\major project\dataset\face only\DFDC_REAL_Face_only_data\tsqnshpqga.mp4,REAL
D:\major project\dataset\face only\DFDC_REAL_Face_only_data\iubklilvdl.mp4,REAL
D:\major project\dataset\face only\DFDC_REAL_Face_only_data\ghutxxwjrs.mp4,REAL
D:\major project\dataset\face only\DFDC_REAL_Face_only_data\pjibpowymk.mp4,REAL
D:\major project\dataset\face only\DFDC_REAL_Face_only_data\aizcvzaxcj.mp4,REAL
D:\major project\dataset\face only\DFDC_FAKE_Face_only_data\aysxspqqdm.mp4,FAKE
D:\major project\dataset\face only\DFDC_FAKE_Face_only_data\arjvscherh.mp4,FAKE
D:\major project\dataset\face only\DFDC_REAL_Face_only_data\gnhbtnojfp.mp4,REAL
D:\major project\dataset\face only\DFDC_FAKE_Face_only_data\chkyctpgjr.mp4,FAKE
D:\major project\dataset\face only\DFDC_REAL_Face_only_data\sppyyoqaey.mp4,REAL
D:\major project\dataset\face only\DFDC_FAKE_Face_only_data\ayyuycuyxl.mp4,FAKE
D:\major project\dataset\face only\DFDC_REAL_Face_only_data\epphrlkqhp.mp4,REAL
D:\major project\dataset\face only\DFDC_REAL_Face_only_data\ieycmlnprv.mp4,REAL
D:\major project\dataset\face only\DFDC_REAL_Face_only_data\juhpgqxkwl.mp4,REAL
D:\major project\dataset\face only\DFDC_REAL_Face_only_data\ykgdmawthl.mp4,REAL
D:\major project\dataset\face only\DFDC_REAL_Face_only_data\qwdoikpbwm.mp4,REAL
D:\major project\dataset\face only\DFDC_REAL_Face_only_data\smzplltnou.mp4,REAL
D:\major project\dataset\face only\DFDC_REAL_Face_only_data\fntpvkeksp.mp4,REAL
D:\major project\dataset\face only\DFDC_FAKE_Face_only_data\drvtugrrjx.mp4,FAKE
D:\major project\dataset\face only\DFDC_REAL_Face_only_data\bbkwwrlwpb.mp4,REAL
D:\major project\dataset\face only\DFDC_REAL_Face_only_data\owkrfyfxpw.mp4,REAL
D:\major project\dataset\face only\DFDC_FAKE_Face_only_data\akrebrefnz.mp4,FAKE
D:\major project\dataset\face only\DFDC_REAL_Face_only_data\dasefuclrs.mp4,REAL
D:\major project\dataset\face only\DFDC_REAL_Face_only_data\mdsbvwfcwf.mp4,REAL
D:\major project\dataset\face only\DFDC_FAKE_Face_only_data\cjgmkgfhnr.mp4,FAKE
D:\major project\dataset\face only\DFDC_FAKE_Face_only_data\atuweqcvfa.mp4,FAKE
D:\major project\dataset\face only\DFDC_REAL_Face_only_data\bgqnopotbe.mp4,REAL
D:\major project\dataset\face only\DFDC_REAL_Face_only_data\asvheijspx.mp4,REAL
D:\major project\dataset\face only\DFDC_REAL_Face_only_data\egcuyhyvsm.mp4,REAL
D:\major project\dataset\face only\DFDC_REAL_Face_only_data\xhsramepav.mp4,REAL
D:\major project\dataset\face only\DFDC_REAL_Face_only_data\kvdnaxkcbz.mp4,REAL
D:\major project\dataset\face only\DFDC_FAKE_Face_only_data\dwxdhsacsk.mp4,FAKE
D:\major project\dataset\face only\DFDC_REAL_Face_only_data\xzcexrifxq.mp4,REAL
D:\major project\dataset\face only\DFDC_REAL_Face_only_data\uztttikeuj.mp4,REAL
D:\major project\dataset\face only\DFDC_REAL_Face_only_data\deuqmhwoco.mp4,REAL
D:\major project\dataset\face only\DFDC_REAL_Face_only_data\aljzaalpym.mp4,REAL
D:\major project\dataset\face only\DFDC_FAKE_Face_only_data\bfsjasmdpd.mp4,FAKE
D:\major project\dataset\face only\DFDC_FAKE_Face_only_data\dufldddpbl.mp4,FAKE
D:\major project\dataset\face only\DFDC_REAL_Face_only_data\iavxqeuuxa.mp4,REAL
D:\major project\dataset\face only\DFDC_REAL_Face_only_data\gwmlawcreb.mp4,REAL
D:\major project\dataset\face only\DFDC_REAL_Face_only_data\nopjjvwwrg.mp4,REAL
D:\major project\dataset\face only\DFDC_FAKE_Face_only_data\bokwfrmeyv.mp4,FAKE
D:\major project\dataset\face only\DFDC_REAL_Face_only_data\mgnqkbtorj.mp4,REAL
D:\major project\dataset\face only\DFDC_REAL_Face_only_data\cxobtfqqqo.mp4,REAL
D:\major project\dataset\face only\DFDC_REAL_Face_only_data\khhsdtspvv.mp4,REAL
D:\major project\dataset\face only\DFDC_REAL_Face_only_data\htrkeemhkr.mp4,REAL
D:\major project\dataset\face only\DFDC_REAL_Face_only_data\caedadzzml.mp4,REAL
D:\major project\dataset\face only\DFDC_FAKE_Face_only_data\csvfaepgno.mp4,FAKE
D:\major project\dataset\face only\DFDC_FAKE_Face_only_data\aurgosqhcy.mp4,FAKE
D:\major project\dataset\face only\DFDC_REAL_Face_only_data\xarfrtqenk.mp4,REAL
D:\major project\dataset\face only\DFDC_REAL_Face_only_data\ayfohzyelj.mp4,REAL
D:\major project\dataset\face only\DFDC_REAL_Face_only_data\tohrqjyter.mp4,REAL
D:\major project\dataset\face only\DFDC_FAKE_Face_only_data\bxhitlorpq.mp4,FAKE
D:\major project\dataset\face only\DFDC_FAKE_Face_only_data\dcskqkepft.mp4,FAKE
D:\major project\dataset\face only\DFDC_FAKE_Face_only_data\bickzzulsq.mp4,FAKE
D:\major project\dataset\face only\DFDC_FAKE_Face_only_data\efqidahvcx.mp4,FAKE
D:\major project\dataset\face only\DFDC_FAKE_Face_only_data\dtcemctlvr.mp4,FAKE
D:\major project\dataset\face only\DFDC_REAL_Face_only_data\xoocqckwwg.mp4,REAL
D:\major project\dataset\face only\DFDC_FAKE_Face_only_data\djotkztepz.mp4,FAKE
D:\major project\dataset\face only\DFDC_REAL_Face_only_data\brqcongpqi.mp4,REAL
D:\major project\dataset\face only\DFDC_REAL_Face_only_data\kdzawbgzwb.mp4,REAL
D:\major project\dataset\face only\DFDC_FAKE_Face_only_data\eagqnsbiyh.mp4,FAKE
D:\major project\dataset\face only\DFDC_FAKE_Face_only_data\ecxdkuoeyh.mp4,FAKE
D:\major project\dataset\face only\DFDC_FAKE_Face_only_data\dzgajtndul.mp4,FAKE
D:\major project\dataset\face only\DFDC_FAKE_Face_only_data\cukadnrzpo.mp4,FAKE
D:\major project\dataset\face only\DFDC_FAKE_Face_only_data\bhumkuzoeo.mp4,FAKE
D:\major project\dataset\face only\DFDC_FAKE_Face_only_data\areepskxqp.mp4,FAKE
D:\major project\dataset\face only\DFDC_REAL_Face_only_data\drtulzvrde.mp4,REAL
D:\major project\dataset\face only\DFDC_FAKE_Face_only_data\chyajgtevi.mp4,FAKE
D:\major project\dataset\face only\DFDC_REAL_Face_only_data\hdrhwqbytu.mp4,REAL
D:\major project\dataset\face only\DFDC_REAL_Face_only_data\fjdunxauji.mp4,REAL
D:\major project\dataset\face only\DFDC_FAKE_Face_only_data\dvfymgsmmd.mp4,FAKE
D:\major project\dataset\face only\DFDC_REAL_Face_only_data\ylwljpzqhq.mp4,REAL
D:\major project\dataset\face only\DFDC_FAKE_Face_only_data\bsuhgbshgt.mp4,FAKE
D:\major project\dataset\face only\DFDC_FAKE_Face_only_data\bpurwdafcq.mp4,FAKE
D:\major project\dataset\face only\DFDC_REAL_Face_only_data\bgebgmkxyc.mp4,REAL
D:\major project\dataset\face only\DFDC_FAKE_Face_only_data\dqggmbpnwj.mp4,FAKE
D:\major project\dataset\face only\DFDC_FAKE_Face_only_data\duvihajlvv.mp4,FAKE
D:\major project\dataset\face only\DFDC_FAKE_Face_only_data\chwfrnpqbp.mp4,FAKE
D:\major project\dataset\face only\DFDC_REAL_Face_only_data\hsirdisoaf.mp4,REAL
D:\major project\dataset\face only\DFDC_REAL_Face_only_data\krgtejyztc.mp4,REAL
D:\major project\dataset\face only\DFDC_FAKE_Face_only_data\axcasmwtjb.mp4,FAKE
D:\major project\dataset\face only\DFDC_FAKE_Face_only_data\bswrobxrrf.mp4,FAKE
D:\major project\dataset\face only\DFDC_REAL_Face_only_data\qrnmvmbqxo.mp4,REAL
D:\major project\dataset\face only\DFDC_REAL_Face_only_data\uofwyzsldm.mp4,REAL
D:\major project\dataset\face only\DFDC_FAKE_Face_only_data\cqjpvlbjiy.mp4,FAKE
D:\major project\dataset\face only\DFDC_FAKE_Face_only_data\cpxdooypve.mp4,FAKE
D:\major project\dataset\face only\DFDC_REAL_Face_only_data\vuihguvkdd.mp4,REAL
D:\major project\dataset\face only\DFDC_REAL_Face_only_data\awqlgqazkz.mp4,REAL
D:\major project\dataset\face only\DFDC_REAL_Face_only_data\papoalwbmv.mp4,REAL
D:\major project\dataset\face only\DFDC_FAKE_Face_only_data\djprkltmkl.mp4,FAKE
D:\major project\dataset\face only\DFDC_REAL_Face_only_data\drjkkdbcvc.mp4,REAL
D:\major project\dataset\face only\DFDC_FAKE_Face_only_data\atmhcvvjfs.mp4,FAKE
D:\major project\dataset\face only\DFDC_FAKE_Face_only_data\czybtgfjtm.mp4,FAKE
D:\major project\dataset\face only\DFDC_FAKE_Face_only_data\doksubaxju.mp4,FAKE
D:\major project\dataset\face only\DFDC_REAL_Face_only_data\jvkjkrdeok.mp4,REAL
D:\major project\dataset\face only\DFDC_REAL_Face_only_data\qwbpqfsdwy.mp4,REAL
D:\major project\dataset\face only\DFDC_REAL_Face_only_data\bjpnibwoid.mp4,REAL
D:\major project\dataset\face only\DFDC_REAL_Face_only_data\ytoqfjghfw.mp4,REAL
D:\major project\dataset\face only\DFDC_FAKE_Face_only_data\bjkdnhyjoj.mp4,FAKE
D:\major project\dataset\face only\DFDC_FAKE_Face_only_data\brlfypwhcj.mp4,FAKE
D:\major project\dataset\face only\DFDC_FAKE_Face_only_data\bhzhtdtuvz.mp4,FAKE
D:\major project\dataset\face only\DFDC_FAKE_Face_only_data\bdqrsasbda.mp4,FAKE
D:\major project\dataset\face only\DFDC_FAKE_Face_only_data\btmstjvczd.mp4,FAKE
D:\major project\dataset\face only\DFDC_FAKE_Face_only_data\anukptetbd.mp4,FAKE
D:\major project\dataset\face only\DFDC_REAL_Face_only_data\fnlqhlbltj.mp4,REAL
D:\major project\dataset\face only\DFDC_FAKE_Face_only_data\agilfnldve.mp4,FAKE
D:\major project\dataset\face only\DFDC_REAL_Face_only_data\ykofirxynw.mp4,REAL
D:\major project\dataset\face only\DFDC_FAKE_Face_only_data\cfybijtodh.mp4,FAKE
D:\major project\dataset\face only\DFDC_FAKE_Face_only_data\duleldhtno.mp4,FAKE
D:\major project\dataset\face only\DFDC_FAKE_Face_only_data\blhgbioprk.mp4,FAKE
D:\major project\dataset\face only\DFDC_REAL_Face_only_data\mivamcdkfj.mp4,REAL
D:\major project\dataset\face only\DFDC_REAL_Face_only_data\tfbvbyliwh.mp4,REAL
D:\major project\dataset\face only\DFDC_FAKE_Face_only_data\acjjzzvzvg.mp4,FAKE
D:\major project\dataset\face only\DFDC_FAKE_Face_only_data\dwlgovxgwq.mp4,FAKE
D:\major project\dataset\face only\DFDC_REAL_Face_only_data\echurwqdgu.mp4,REAL
D:\major project\dataset\face only\DFDC_FAKE_Face_only_data\aolttdkcxv.mp4,FAKE
D:\major project\dataset\face only\DFDC_REAL_Face_only_data\kxtlzlwfsa.mp4,REAL
D:\major project\dataset\face only\DFDC_REAL_Face_only_data\axulmlkufx.mp4,REAL
D:\major project\dataset\face only\DFDC_REAL_Face_only_data\bcajvxttuv.mp4,REAL
D:\major project\dataset\face only\DFDC_REAL_Face_only_data\crzvmqszan.mp4,REAL
D:\major project\dataset\face only\DFDC_FAKE_Face_only_data\carukmrjjo.mp4,FAKE
D:\major project\dataset\face only\DFDC_REAL_Face_only_data\pvrncpaovg.mp4,REAL
D:\major project\dataset\face only\DFDC_FAKE_Face_only_data\bhbkalayvx.mp4,FAKE
D:\major project\dataset\face only\DFDC_FAKE_Face_only_data\ckuvjbzeja.mp4,FAKE
D:\major project\dataset\face only\DFDC_REAL_Face_only_data\joxiekwyhw.mp4,REAL
D:\major project\dataset\face only\DFDC_FAKE_Face_only_data\dhpbcfmalj.mp4,FAKE
D:\major project\dataset\face only\DFDC_FAKE_Face_only_data\cxmublbrkr.mp4,FAKE
D:\major project\dataset\face only\DFDC_FAKE_Face_only_data\cfpmeadviw.mp4,FAKE
D:\major project\dataset\face only\DFDC_FAKE_Face_only_data\akjkqsvfzl.mp4,FAKE
D:\major project\dataset\face only\DFDC_FAKE_Face_only_data\atcnenknyb.mp4,FAKE
D:\major project\dataset\face only\DFDC_FAKE_Face_only_data\dfgwglcyiz.mp4,FAKE
D:\major project\dataset\face only\DFDC_FAKE_Face_only_data\bgeeccvcjv.mp4,FAKE
D:\major project\dataset\face only\DFDC_FAKE_Face_only_data\dggybitydu.mp4,FAKE
D:\major project\dataset\face only\DFDC_FAKE_Face_only_data\cmhmrfjfna.mp4,FAKE
D:\major project\dataset\face only\DFDC_FAKE_Face_only_data\boydzhuebj.mp4,FAKE
D:\major project\dataset\face only\DFDC_FAKE_Face_only_data\bkbupkvksa.mp4,FAKE
D:\major project\dataset\face only\DFDC_FAKE_Face_only_data\anwbliivax.mp4,FAKE
D:\major project\dataset\face only\DFDC_FAKE_Face_only_data\ahwhvnfqhj.mp4,FAKE
D:\major project\dataset\face only\DFDC_REAL_Face_only_data\owaxsjkxxe.mp4,REAL
D:\major project\dataset\face only\DFDC_FAKE_Face_only_data\bwcajtxluy.mp4,FAKE
D:\major project\dataset\face only\DFDC_FAKE_Face_only_data\cuwoemoaai.mp4,FAKE
D:\major project\dataset\face only\DFDC_FAKE_Face_only_data\awldflynbc.mp4,FAKE
D:\major project\dataset\face only\DFDC_FAKE_Face_only_data\auyzbzzqpt.mp4,FAKE
D:\major project\dataset\face only\DFDC_REAL_Face_only_data\qtudktftrc.mp4,REAL
D:\major project\dataset\face only\DFDC_FAKE_Face_only_data\awkzxzryod.mp4,FAKE
D:\major project\dataset\face only\DFDC_FAKE_Face_only_data\cchjntpryf.mp4,FAKE
D:\major project\dataset\face only\DFDC_REAL_Face_only_data\uxhmnhoege.mp4,REAL
D:\major project\dataset\face only\DFDC_REAL_Face_only_data\nqtlzuwvqt.mp4,REAL
D:\major project\dataset\face only\DFDC_FAKE_Face_only_data\bsxznrgkpz.mp4,FAKE
D:\major project\dataset\face only\DFDC_REAL_Face_only_data\rfahyynkuf.mp4,REAL
D:\major project\dataset\face only\DFDC_FAKE_Face_only_data\aspymrzpyt.mp4,FAKE
D:\major project\dataset\face only\DFDC_FAKE_Face_only_data\dffscprcuu.mp4,FAKE
D:\major project\dataset\face only\DFDC_FAKE_Face_only_data\bwaesrrdhr.mp4,FAKE
D:\major project\dataset\face only\DFDC_FAKE_Face_only_data\eawwblntbt.mp4,FAKE
D:\major project\dataset\face only\DFDC_REAL_Face_only_data\bhgjhzlage.mp4,REAL
D:\major project\dataset\face only\DFDC_FAKE_Face_only_data\bpuzvrjihz.mp4,FAKE
D:\major project\dataset\face only\DFDC_FAKE_Face_only_data\apnaakewce.mp4,FAKE
D:\major project\dataset\face only\DFDC_FAKE_Face_only_data\bnivhzpecz.mp4,FAKE
D:\major project\dataset\face only\DFDC_FAKE_Face_only_data\bednaxvzbt.mp4,FAKE
D:\major project\dataset\face only\DFDC_FAKE_Face_only_data\bghgqeswsj.mp4,FAKE
D:\major project\dataset\face only\DFDC_REAL_Face_only_data\hwlizlhzjj.mp4,REAL
D:\major project\dataset\face only\DFDC_FAKE_Face_only_data\dbdlybcefl.mp4,FAKE
D:\major project\dataset\face only\DFDC_FAKE_Face_only_data\adfteyuomy.mp4,FAKE
D:\major project\dataset\face only\DFDC_REAL_Face_only_data\nojgizgrbw.mp4,REAL
D:\major project\dataset\face only\DFDC_FAKE_Face_only_data\bevijjvici.mp4,FAKE
D:\major project\dataset\face only\DFDC_FAKE_Face_only_data\eegenfikbt.mp4,FAKE
D:\major project\dataset\face only\DFDC_FAKE_Face_only_data\bjwvvwewcc.mp4,FAKE
D:\major project\dataset\face only\DFDC_FAKE_Face_only_data\cyvxriituc.mp4,FAKE
D:\major project\dataset\face only\DFDC_REAL_Face_only_data\akcijmdkaq.mp4,REAL
D:\major project\dataset\face only\DFDC_FAKE_Face_only_data\dpihmcmpfq.mp4,FAKE
D:\major project\dataset\face only\DFDC_FAKE_Face_only_data\dmddxqzfgv.mp4,FAKE
D:\major project\dataset\face only\DFDC_FAKE_Face_only_data\amgcrtdght.mp4,FAKE
D:\major project\dataset\face only\DFDC_FAKE_Face_only_data\cwldadomaz.mp4,FAKE
D:\major project\dataset\face only\DFDC_FAKE_Face_only_data\bysromjvhc.mp4,FAKE
D:\major project\dataset\face only\DFDC_FAKE_Face_only_data\bcisypwgtf.mp4,FAKE
D:\major project\dataset\face only\DFDC_REAL_Face_only_data\uwgcitwggp.mp4,REAL
D:\major project\dataset\face only\DFDC_FAKE_Face_only_data\cgrpueglup.mp4,FAKE
D:\major project\dataset\face only\DFDC_REAL_Face_only_data\qmwqnrhhyl.mp4,REAL
D:\major project\dataset\face only\DFDC_REAL_Face_only_data\nanyjxjvlq.mp4,REAL
D:\major project\dataset\face only\DFDC_FAKE_Face_only_data\aptqllaawb.mp4,FAKE
D:\major project\dataset\face only\DFDC_REAL_Face_only_data\eaigdemyfo.mp4,REAL
D:\major project\dataset\face only\DFDC_FAKE_Face_only_data\crbxbmyldj.mp4,FAKE
D:\major project\dataset\face only\DFDC_REAL_Face_only_data\aymwgrmlbt.mp4,REAL
D:\major project\dataset\face only\DFDC_REAL_Face_only_data\gwypcwesyg.mp4,REAL
D:\major project\dataset\face only\DFDC_REAL_Face_only_data\edggkddtuv.mp4,REAL
D:\major project\dataset\face only\DFDC_FAKE_Face_only_data\bseaalaspv.mp4,FAKE
D:\major project\dataset\face only\DFDC_FAKE_Face_only_data\cmqryxvrjs.mp4,FAKE
D:\major project\dataset\face only\DFDC_FAKE_Face_only_data\agdqwwrorz.mp4,FAKE
D:\major project\dataset\face only\DFDC_FAKE_Face_only_data\bhhyypufqy.mp4,FAKE
D:\major project\dataset\face only\DFDC_FAKE_Face_only_data\ctvgzogjqz.mp4,FAKE
D:\major project\dataset\face only\DFDC_REAL_Face_only_data\ygyhurweua.mp4,REAL
D:\major project\dataset\face only\DFDC_FAKE_Face_only_data\aeuxknmacb.mp4,FAKE
D:\major project\dataset\face only\DFDC_FAKE_Face_only_data\eaweencjhp.mp4,FAKE
D:\major project\dataset\face only\DFDC_FAKE_Face_only_data\cwdkfjctcp.mp4,FAKE
D:\major project\dataset\face only\DFDC_FAKE_Face_only_data\dhfxzbuooo.mp4,FAKE
D:\major project\dataset\face only\DFDC_FAKE_Face_only_data\dwoiiugjic.mp4,FAKE
D:\major project\dataset\face only\DFDC_REAL_Face_only_data\elxelcwfkc.mp4,REAL
D:\major project\dataset\face only\DFDC_REAL_Face_only_data\gwpgbowzye.mp4,REAL
D:\major project\dataset\face only\DFDC_FAKE_Face_only_data\alcueoqbnp.mp4,FAKE
D:\major project\dataset\face only\DFDC_FAKE_Face_only_data\dwlyuilqwp.mp4,FAKE
D:\major project\dataset\face only\DFDC_FAKE_Face_only_data\cxybpbtpih.mp4,FAKE
D:\major project\dataset\face only\DFDC_FAKE_Face_only_data\aopgandqma.mp4,FAKE
D:\major project\dataset\face only\DFDC_REAL_Face_only_data\vlpmiheura.mp4,REAL
D:\major project\dataset\face only\DFDC_FAKE_Face_only_data\alxpnosgtc.mp4,FAKE
D:\major project\dataset\face only\DFDC_FAKE_Face_only_data\dontjoarqe.mp4,FAKE
D:\major project\dataset\face only\DFDC_FAKE_Face_only_data\ayqvfldwuf.mp4,FAKE
D:\major project\dataset\face only\DFDC_FAKE_Face_only_data\blswnkmgtn.mp4,FAKE
D:\major project\dataset\face only\DFDC_REAL_Face_only_data\bcpsomlspv.mp4,REAL
D:\major project\dataset\face only\DFDC_REAL_Face_only_data\klmaeumvul.mp4,REAL
D:\major project\dataset\face only\DFDC_FAKE_Face_only_data\abdxzlhagb.mp4,FAKE
D:\major project\dataset\face only\DFDC_FAKE_Face_only_data\abjvfvhtnp.mp4,FAKE
D:\major project\dataset\face only\DFDC_REAL_Face_only_data\znsntylmoo.mp4,REAL
D:\major project\dataset\face only\DFDC_FAKE_Face_only_data\dwceebuwka.mp4,FAKE
D:\major project\dataset\face only\DFDC_FAKE_Face_only_data\dibgdfklfh.mp4,FAKE
D:\major project\dataset\face only\DFDC_FAKE_Face_only_data\cjzarnrphr.mp4,FAKE
D:\major project\dataset\face only\DFDC_FAKE_Face_only_data\agbfymrrhv.mp4,FAKE
D:\major project\dataset\face only\DFDC_FAKE_Face_only_data\dnfeattxrj.mp4,FAKE
D:\major project\dataset\face only\DFDC_FAKE_Face_only_data\dnhtodemdj.mp4,FAKE
D:\major project\dataset\face only\DFDC_FAKE_Face_only_data\ahwduszjzf.mp4,FAKE
D:\major project\dataset\face only\DFDC_FAKE_Face_only_data\civzmohmef.mp4,FAKE
D:\major project\dataset\face only\DFDC_FAKE_Face_only_data\cidzkctwby.mp4,FAKE
D:\major project\dataset\face only\DFDC_FAKE_Face_only_data\cboymxepfb.mp4,FAKE
D:\major project\dataset\face only\DFDC_FAKE_Face_only_data\bcvzgovntj.mp4,FAKE
D:\major project\dataset\face only\DFDC_FAKE_Face_only_data\dvecbxagzd.mp4,FAKE
D:\major project\dataset\face only\DFDC_REAL_Face_only_data\krxbkladav.mp4,REAL
D:\major project\dataset\face only\DFDC_FAKE_Face_only_data\adpobgciet.mp4,FAKE
D:\major project\dataset\face only\DFDC_FAKE_Face_only_data\dgheawmllp.mp4,FAKE
D:\major project\dataset\face only\DFDC_REAL_Face_only_data\lurwdsohbu.mp4,REAL
D:\major project\dataset\face only\DFDC_REAL_Face_only_data\saormighvs.mp4,REAL
D:\major project\dataset\face only\DFDC_FAKE_Face_only_data\awgsrlznew.mp4,FAKE
D:\major project\dataset\face only\DFDC_REAL_Face_only_data\ugskjblnmu.mp4,REAL
D:\major project\dataset\face only\DFDC_REAL_Face_only_data\ibkgonjbjz.mp4,REAL
D:\major project\dataset\face only\DFDC_FAKE_Face_only_data\bhsmpxgdia.mp4,FAKE
D:\major project\dataset\face only\DFDC_FAKE_Face_only_data\dpzqzfnzrs.mp4,FAKE
D:\major project\dataset\face only\DFDC_FAKE_Face_only_data\eelaraased.mp4,FAKE
D:\major project\dataset\face only\DFDC_FAKE_Face_only_data\arudlrbjsm.mp4,FAKE
D:\major project\dataset\face only\DFDC_FAKE_Face_only_data\cejgpvadjj.mp4,FAKE
D:\major project\dataset\face only\DFDC_FAKE_Face_only_data\bmcpsjkjqv.mp4,FAKE
D:\major project\dataset\face only\DFDC_REAL_Face_only_data\nmkvlryswx.mp4,REAL
D:\major project\dataset\face only\DFDC_FAKE_Face_only_data\dhjreaoqpt.mp4,FAKE
D:\major project\dataset\face only\DFDC_REAL_Face_only_data\ygqzmkxuru.mp4,REAL
D:\major project\dataset\face only\DFDC_FAKE_Face_only_data\atomsspjbl.mp4,FAKE
D:\major project\dataset\face only\DFDC_REAL_Face_only_data\hplemlikjw.mp4,REAL
D:\major project\dataset\face only\DFDC_FAKE_Face_only_data\bckuzhtwyt.mp4,FAKE
D:\major project\dataset\face only\DFDC_REAL_Face_only_data\odeuhkybmj.mp4,REAL
D:\major project\dataset\face only\DFDC_FAKE_Face_only_data\aixkdvqcem.mp4,FAKE
D:\major project\dataset\face only\DFDC_FAKE_Face_only_data\bflarmyzne.mp4,FAKE
D:\major project\dataset\face only\DFDC_FAKE_Face_only_data\bxfxykencc.mp4,FAKE
D:\major project\dataset\face only\DFDC_FAKE_Face_only_data\davcjqoiiy.mp4,FAKE
D:\major project\dataset\face only\DFDC_FAKE_Face_only_data\bffavsfxqi.mp4,FAKE
D:\major project\dataset\face only\DFDC_REAL_Face_only_data\btovwozcsm.mp4,REAL
D:\major project\dataset\face only\DFDC_FAKE_Face_only_data\dntvoisebj.mp4,FAKE
D:\major project\dataset\face only\DFDC_REAL_Face_only_data\beuzicnshd.mp4,REAL
D:\major project\dataset\face only\DFDC_REAL_Face_only_data\kqzorxfcim.mp4,REAL
D:\major project\dataset\face only\DFDC_FAKE_Face_only_data\cuaqzwwuzw.mp4,FAKE
D:\major project\dataset\face only\DFDC_REAL_Face_only_data\hhqcircgmf.mp4,REAL
D:\major project\dataset\face only\DFDC_REAL_Face_only_data\buesukpgjd.mp4,REAL
D:\major project\dataset\face only\DFDC_FAKE_Face_only_data\aiwvljvnzz.mp4,FAKE
D:\major project\dataset\face only\DFDC_REAL_Face_only_data\vwlhtziexs.mp4,REAL
D:\major project\dataset\face only\DFDC_REAL_Face_only_data\fhhpgvcqoh.mp4,REAL
D:\major project\dataset\face only\DFDC_FAKE_Face_only_data\blpboxhdvz.mp4,FAKE
D:\major project\dataset\face only\DFDC_FAKE_Face_only_data\cruebsmlgr.mp4,FAKE
D:\major project\dataset\face only\DFDC_REAL_Face_only_data\qzjpcshjjr.mp4,REAL
D:\major project\dataset\face only\DFDC_REAL_Face_only_data\frvciqvzsc.mp4,REAL
D:\major project\dataset\face only\DFDC_REAL_Face_only_data\xekyvykhqr.mp4,REAL
D:\major project\dataset\face only\DFDC_REAL_Face_only_data\uisuxausdz.mp4,REAL
D:\major project\dataset\face only\DFDC_FAKE_Face_only_data\bqxafndwgr.mp4,FAKE
D:\major project\dataset\face only\DFDC_FAKE_Face_only_data\bjxmsrkhyf.mp4,FAKE
D:\major project\dataset\face only\DFDC_REAL_Face_only_data\cawpdvymcp.mp4,REAL
D:\major project\dataset\face only\DFDC_FAKE_Face_only_data\bldglrgkgy.mp4,FAKE
D:\major project\dataset\face only\DFDC_FAKE_Face_only_data\awmatnckri.mp4,FAKE
D:\major project\dataset\face only\DFDC_REAL_Face_only_data\umrvsrftms.mp4,REAL
D:\major project\dataset\face only\DFDC_REAL_Face_only_data\tectojecvs.mp4,REAL
D:\major project\dataset\face only\DFDC_FAKE_Face_only_data\dpaxfhgmyr.mp4,FAKE
D:\major project\dataset\face only\DFDC_REAL_Face_only_data\rfakffjumr.mp4,REAL
D:\major project\dataset\face only\DFDC_FAKE_Face_only_data\aolvemvlnz.mp4,FAKE
D:\major project\dataset\face only\DFDC_FAKE_Face_only_data\cpwmxjfltv.mp4,FAKE
D:\major project\dataset\face only\DFDC_FAKE_Face_only_data\dutksjiaxm.mp4,FAKE
D:\major project\dataset\face only\DFDC_FAKE_Face_only_data\cwlwyjtxnc.mp4,FAKE
D:\major project\dataset\face only\DFDC_FAKE_Face_only_data\dvbohsuknn.mp4,FAKE
D:\major project\dataset\face only\DFDC_REAL_Face_only_data\imlfgbdpuj.mp4,REAL
D:\major project\dataset\face only\DFDC_FAKE_Face_only_data\cbmhbmwxgc.mp4,FAKE
D:\major project\dataset\face only\DFDC_FAKE_Face_only_data\dpojtssjpq.mp4,FAKE
D:\major project\dataset\face only\DFDC_REAL_Face_only_data\kpfiadskoi.mp4,REAL
D:\major project\dataset\face only\DFDC_FAKE_Face_only_data\bdkihilpyw.mp4,FAKE
D:\major project\dataset\face only\DFDC_REAL_Face_only_data\sqtqgpbsov.mp4,REAL
D:\major project\dataset\face only\DFDC_FAKE_Face_only_data\bjxxsvwlzm.mp4,FAKE
D:\major project\dataset\face only\DFDC_REAL_Face_only_data\lcdrsvfquk.mp4,REAL
D:\major project\dataset\face only\DFDC_FAKE_Face_only_data\dhspjmstbw.mp4,FAKE
D:\major project\dataset\face only\DFDC_REAL_Face_only_data\gchvouptky.mp4,REAL
D:\major project\dataset\face only\DFDC_FAKE_Face_only_data\abhqmggsqu.mp4,FAKE
D:\major project\dataset\face only\DFDC_REAL_Face_only_data\lrknyidgjx.mp4,REAL
D:\major project\dataset\face only\DFDC_REAL_Face_only_data\ptbtuynmhm.mp4,REAL
D:\major project\dataset\face only\DFDC_FAKE_Face_only_data\blnvojesru.mp4,FAKE
D:\major project\dataset\face only\DFDC_FAKE_Face_only_data\csonnyogpm.mp4,FAKE
D:\major project\dataset\face only\DFDC_FAKE_Face_only_data\cnlypryluk.mp4,FAKE
D:\major project\dataset\face only\DFDC_FAKE_Face_only_data\cwzdoxtpms.mp4,FAKE
D:\major project\dataset\face only\DFDC_REAL_Face_only_data\qlmadkjjdp.mp4,REAL
D:\major project\dataset\face only\DFDC_FAKE_Face_only_data\biamfehslm.mp4,FAKE
D:\major project\dataset\face only\DFDC_FAKE_Face_only_data\bacbsuewui.mp4,FAKE
D:\major project\dataset\face only\DFDC_REAL_Face_only_data\izkvecvmid.mp4,REAL
D:\major project\dataset\face only\DFDC_FAKE_Face_only_data\ccmfdjqzil.mp4,FAKE
D:\major project\dataset\face only\DFDC_REAL_Face_only_data\umtqdtidfm.mp4,REAL
D:\major project\dataset\face only\DFDC_FAKE_Face_only_data\celvdajmek.mp4,FAKE
D:\major project\dataset\face only\DFDC_REAL_Face_only_data\fxpjhpdfzd.mp4,REAL
D:\major project\dataset\face only\DFDC_FAKE_Face_only_data\aqogxmeouy.mp4,FAKE
D:\major project\dataset\face only\DFDC_REAL_Face_only_data\awjizuuwtg.mp4,REAL
D:\major project\dataset\face only\DFDC_FAKE_Face_only_data\dgpzwfwrst.mp4,FAKE
D:\major project\dataset\face only\DFDC_FAKE_Face_only_data\asjcdsuxqc.mp4,FAKE
D:\major project\dataset\face only\DFDC_FAKE_Face_only_data\bmjjhpgnra.mp4,FAKE
D:\major project\dataset\face only\DFDC_FAKE_Face_only_data\aomilychlk.mp4,FAKE
D:\major project\dataset\face only\DFDC_REAL_Face_only_data\entdyegoud.mp4,REAL
D:\major project\dataset\face only\DFDC_FAKE_Face_only_data\dlealirddu.mp4,FAKE
D:\major project\dataset\face only\DFDC_FAKE_Face_only_data\bqbazvieah.mp4,FAKE
D:\major project\dataset\face only\DFDC_FAKE_Face_only_data\dkmymeoyyy.mp4,FAKE
D:\major project\dataset\face only\DFDC_FAKE_Face_only_data\djaxftnzkp.mp4,FAKE
D:\major project\dataset\face only\DFDC_FAKE_Face_only_data\dulerniows.mp4,FAKE
D:\major project\dataset\face only\DFDC_FAKE_Face_only_data\dyitupcvjm.mp4,FAKE
D:\major project\dataset\face only\DFDC_FAKE_Face_only_data\dtvzkziood.mp4,FAKE
D:\major project\dataset\face only\DFDC_FAKE_Face_only_data\bisoehzztd.mp4,FAKE
D:\major project\dataset\face only\DFDC_FAKE_Face_only_data\bbbqniokoa.mp4,FAKE
D:\major project\dataset\face only\DFDC_REAL_Face_only_data\kevklcbpvi.mp4,REAL
D:\major project\dataset\face only\DFDC_REAL_Face_only_data\zwhyceyddh.mp4,REAL
D:\major project\dataset\face only\DFDC_FAKE_Face_only_data\buqdzgvzwx.mp4,FAKE
D:\major project\dataset\face only\DFDC_FAKE_Face_only_data\bjylmnvggi.mp4,FAKE
D:\major project\dataset\face only\DFDC_FAKE_Face_only_data\dqxojjjwdp.mp4,FAKE
D:\major project\dataset\face only\DFDC_REAL_Face_only_data\beueokqiuo.mp4,REAL
D:\major project\dataset\face only\DFDC_FAKE_Face_only_data\djlpswbquk.mp4,FAKE
D:\major project\dataset\face only\DFDC_FAKE_Face_only_data\bnywsgghdq.mp4,FAKE
D:\major project\dataset\face only\DFDC_REAL_Face_only_data\ckoletpkpg.mp4,REAL
D:\major project\dataset\face only\DFDC_FAKE_Face_only_data\dzpftjovem.mp4,FAKE
D:\major project\dataset\face only\DFDC_FAKE_Face_only_data\chbnpgnnzu.mp4,FAKE
D:\major project\dataset\face only\DFDC_REAL_Face_only_data\wzrocvfzql.mp4,REAL
D:\major project\dataset\face only\DFDC_REAL_Face_only_data\nnrndpakpn.mp4,REAL
D:\major project\dataset\face only\DFDC_FAKE_Face_only_data\atskafotrj.mp4,FAKE
D:\major project\dataset\face only\DFDC_FAKE_Face_only_data\choesqfxfo.mp4,FAKE
D:\major project\dataset\face only\DFDC_FAKE_Face_only_data\ayxuxnxwxa.mp4,FAKE
D:\major project\dataset\face only\DFDC_REAL_Face_only_data\fneatzvrsv.mp4,REAL
D:\major project\dataset\face only\DFDC_REAL_Face_only_data\pilaglcgpu.mp4,REAL
D:\major project\dataset\face only\DFDC_FAKE_Face_only_data\azerbqkngz.mp4,FAKE
D:\major project\dataset\face only\DFDC_FAKE_Face_only_data\csnzuyltso.mp4,FAKE
D:\major project\dataset\face only\DFDC_FAKE_Face_only_data\dokwdsjpky.mp4,FAKE
D:\major project\dataset\face only\DFDC_FAKE_Face_only_data\bvaujcjgih.mp4,FAKE
D:\major project\dataset\face only\DFDC_FAKE_Face_only_data\dnrewgaafp.mp4,FAKE
D:\major project\dataset\face only\DFDC_FAKE_Face_only_data\ajafdvgcyj.mp4,FAKE
D:\major project\dataset\face only\DFDC_FAKE_Face_only_data\azxcqazqbs.mp4,FAKE
D:\major project\dataset\face only\DFDC_FAKE_Face_only_data\caolfufjvz.mp4,FAKE
D:\major project\dataset\face only\DFDC_FAKE_Face_only_data\bqzsitzzze.mp4,FAKE
D:\major project\dataset\face only\DFDC_REAL_Face_only_data\ruhrdhrxud.mp4,REAL
D:\major project\dataset\face only\DFDC_FAKE_Face_only_data\bwxsttjaxr.mp4,FAKE
D:\major project\dataset\face only\DFDC_REAL_Face_only_data\mzhigmfuby.mp4,REAL
D:\major project\dataset\face only\DFDC_FAKE_Face_only_data\bynghiuoeh.mp4,FAKE
D:\major project\dataset\face only\DFDC_FAKE_Face_only_data\ccverippkg.mp4,FAKE
D:\major project\dataset\face only\DFDC_FAKE_Face_only_data\addkktdymg.mp4,FAKE
D:\major project\dataset\face only\DFDC_FAKE_Face_only_data\dwjmwxgqtg.mp4,FAKE
D:\major project\dataset\face only\DFDC_REAL_Face_only_data\fkisosebej.mp4,REAL
D:\major project\dataset\face only\DFDC_FAKE_Face_only_data\cumwqtxgvl.mp4,FAKE
D:\major project\dataset\face only\DFDC_FAKE_Face_only_data\ddmyqzmsuy.mp4,FAKE
D:\major project\dataset\face only\DFDC_REAL_Face_only_data\oeibgzoqus.mp4,REAL
D:\major project\dataset\face only\DFDC_FAKE_Face_only_data\djbfwqsvsb.mp4,FAKE
D:\major project\dataset\face only\DFDC_FAKE_Face_only_data\cpzyxoqgnd.mp4,FAKE
D:\major project\dataset\face only\DFDC_FAKE_Face_only_data\atlqijvnzs.mp4,FAKE
D:\major project\dataset\face only\DFDC_FAKE_Face_only_data\bujwlvyzkr.mp4,FAKE
D:\major project\dataset\face only\DFDC_REAL_Face_only_data\pmciczkrmq.mp4,REAL
D:\major project\dataset\face only\DFDC_REAL_Face_only_data\nfccydyhxu.mp4,REAL
D:\major project\dataset\face only\DFDC_FAKE_Face_only_data\dlqqieidqo.mp4,FAKE
D:\major project\dataset\face only\DFDC_FAKE_Face_only_data\arzxjcyupl.mp4,FAKE
D:\major project\dataset\face only\DFDC_FAKE_Face_only_data\beeelfonyn.mp4,FAKE
D:\major project\dataset\face only\DFDC_REAL_Face_only_data\nxipnkaszw.mp4,REAL
D:\major project\dataset\face only\DFDC_FAKE_Face_only_data\amvhbsiwou.mp4,FAKE
D:\major project\dataset\face only\DFDC_REAL_Face_only_data\usqwjtjrjg.mp4,REAL
D:\major project\dataset\face only\DFDC_REAL_Face_only_data\gvlvrhgndw.mp4,REAL
D:\major project\dataset\face only\DFDC_FAKE_Face_only_data\afvefokzbu.mp4,FAKE
D:\major project\dataset\face only\DFDC_FAKE_Face_only_data\bftgduqoct.mp4,FAKE
D:\major project\dataset\face only\DFDC_REAL_Face_only_data\ldjtsczhoc.mp4,REAL
D:\major project\dataset\face only\DFDC_FAKE_Face_only_data\dhkdlpxcbg.mp4,FAKE
D:\major project\dataset\face only\DFDC_FAKE_Face_only_data\aykbmlifdu.mp4,FAKE
D:\major project\dataset\face only\DFDC_FAKE_Face_only_data\ctwvhdkmkx.mp4,FAKE
D:\major project\dataset\face only\DFDC_FAKE_Face_only_data\dfzupullbn.mp4,FAKE
D:\major project\dataset\face only\DFDC_FAKE_Face_only_data\dirppabgwa.mp4,FAKE
D:\major project\dataset\face only\DFDC_REAL_Face_only_data\mzobgqyihz.mp4,REAL
D:\major project\dataset\face only\DFDC_FAKE_Face_only_data\aezvgaqjpf.mp4,FAKE
D:\major project\dataset\face only\DFDC_REAL_Face_only_data\dardkjawbf.mp4,REAL
D:\major project\dataset\face only\DFDC_REAL_Face_only_data\vgqnfhsxxs.mp4,REAL
D:\major project\dataset\face only\DFDC_REAL_Face_only_data\arzenjyyrm.mp4,REAL
D:\major project\dataset\face only\DFDC_REAL_Face_only_data\auqgkzaacb.mp4,REAL
D:\major project\dataset\face only\DFDC_FAKE_Face_only_data\bzwtxeifuu.mp4,FAKE
D:\major project\dataset\face only\DFDC_FAKE_Face_only_data\eedqpctook.mp4,FAKE
D:\major project\dataset\face only\DFDC_FAKE_Face_only_data\bucyxkdorm.mp4,FAKE
D:\major project\dataset\face only\DFDC_FAKE_Face_only_data\bpmqlfquqd.mp4,FAKE
D:\major project\dataset\face only\DFDC_FAKE_Face_only_data\efjwcpgxdh.mp4,FAKE
D:\major project\dataset\face only\DFDC_FAKE_Face_only_data\cbhfymetoq.mp4,FAKE
D:\major project\dataset\face only\DFDC_FAKE_Face_only_data\eezvdezfmk.mp4,FAKE
D:\major project\dataset\face only\DFDC_FAKE_Face_only_data\dnlckoyatl.mp4,FAKE
D:\major project\dataset\face only\DFDC_REAL_Face_only_data\ywvbdslsgu.mp4,REAL
D:\major project\dataset\face only\DFDC_FAKE_Face_only_data\aaprcuxsdb.mp4,FAKE
D:\major project\dataset\face only\DFDC_FAKE_Face_only_data\dpbobkmnup.mp4,FAKE
D:\major project\dataset\face only\DFDC_REAL_Face_only_data\qpadalellh.mp4,REAL
D:\major project\dataset\face only\DFDC_FAKE_Face_only_data\dlnfsqpfcd.mp4,FAKE
D:\major project\dataset\face only\DFDC_FAKE_Face_only_data\brrspejlrg.mp4,FAKE
D:\major project\dataset\face only\DFDC_FAKE_Face_only_data\bgrdfeoydq.mp4,FAKE
D:\major project\dataset\face only\DFDC_FAKE_Face_only_data\corsygyivy.mp4,FAKE
D:\major project\dataset\face only\DFDC_REAL_Face_only_data\fjctwymmnn.mp4,REAL
D:\major project\dataset\face only\DFDC_FAKE_Face_only_data\dknttybmxm.mp4,FAKE
D:\major project\dataset\face only\DFDC_FAKE_Face_only_data\ckxxswspou.mp4,FAKE
D:\major project\dataset\face only\DFDC_FAKE_Face_only_data\cphtzishek.mp4,FAKE
D:\major project\dataset\face only\DFDC_FAKE_Face_only_data\dqdkidemfy.mp4,FAKE
D:\major project\dataset\face only\DFDC_FAKE_Face_only_data\eempsqftgk.mp4,FAKE
D:\major project\dataset\face only\DFDC_FAKE_Face_only_data\ahssjssyen.mp4,FAKE
D:\major project\dataset\face only\DFDC_REAL_Face_only_data\wjkullbkff.mp4,REAL
D:\major project\dataset\face only\DFDC_FAKE_Face_only_data\cmchigmmtb.mp4,FAKE
D:\major project\dataset\face only\DFDC_FAKE_Face_only_data\bsmjyfctpp.mp4,FAKE
D:\major project\dataset\face only\DFDC_FAKE_Face_only_data\cotvlcroov.mp4,FAKE
D:\major project\dataset\face only\DFDC_FAKE_Face_only_data\avfvieoaih.mp4,FAKE
D:\major project\dataset\face only\DFDC_REAL_Face_only_data\vdmyzrdarn.mp4,REAL
D:\major project\dataset\face only\DFDC_FAKE_Face_only_data\dbcqrixpgh.mp4,FAKE
D:\major project\dataset\face only\DFDC_REAL_Face_only_data\enjaxrsqfw.mp4,REAL
D:\major project\dataset\face only\DFDC_REAL_Face_only_data\jncghwmmpf.mp4,REAL
D:\major project\dataset\face only\DFDC_REAL_Face_only_data\fizjrtkrbk.mp4,REAL
D:\major project\dataset\face only\DFDC_FAKE_Face_only_data\bmowylfixf.mp4,FAKE
D:\major project\dataset\face only\DFDC_REAL_Face_only_data\pxvjtyewfr.mp4,REAL
D:\major project\dataset\face only\DFDC_FAKE_Face_only_data\dgrfyyirxt.mp4,FAKE
D:\major project\dataset\face only\DFDC_FAKE_Face_only_data\ajowqizwjl.mp4,FAKE
D:\major project\dataset\face only\DFDC_REAL_Face_only_data\brwnebfnea.mp4,REAL
D:\major project\dataset\face only\DFDC_FAKE_Face_only_data\clggcywupp.mp4,FAKE
D:\major project\dataset\face only\DFDC_FAKE_Face_only_data\achofoxrpx.mp4,FAKE
D:\major project\dataset\face only\DFDC_REAL_Face_only_data\xbjffkzsuv.mp4,REAL
D:\major project\dataset\face only\DFDC_FAKE_Face_only_data\adlucxlfvr.mp4,FAKE
D:\major project\dataset\face only\DFDC_REAL_Face_only_data\udhrjqdycg.mp4,REAL
D:\major project\dataset\face only\DFDC_FAKE_Face_only_data\dfllzqcyug.mp4,FAKE
D:\major project\dataset\face only\DFDC_FAKE_Face_only_data\eciawhfnli.mp4,FAKE
D:\major project\dataset\face only\DFDC_FAKE_Face_only_data\ebdpceuqsy.mp4,FAKE
D:\major project\dataset\face only\DFDC_FAKE_Face_only_data\djdacdsbhz.mp4,FAKE
D:\major project\dataset\face only\DFDC_FAKE_Face_only_data\anhfrtswmh.mp4,FAKE
D:\major project\dataset\face only\DFDC_FAKE_Face_only_data\dxicnnoilh.mp4,FAKE
D:\major project\dataset\face only\DFDC_FAKE_Face_only_data\cioizeilvz.mp4,FAKE
D:\major project\dataset\face only\DFDC_FAKE_Face_only_data\cxrqyltnuu.mp4,FAKE
D:\major project\dataset\face only\DFDC_FAKE_Face_only_data\dwrpxabjqt.mp4,FAKE
D:\major project\dataset\face only\DFDC_FAKE_Face_only_data\dfwqdiyhmg.mp4,FAKE
D:\major project\dataset\face only\DFDC_REAL_Face_only_data\mmwaomsqbo.mp4,REAL
D:\major project\dataset\face only\DFDC_FAKE_Face_only_data\dhtvwqnqhm.mp4,FAKE
D:\major project\dataset\face only\DFDC_REAL_Face_only_data\dutdnjgeud.mp4,REAL
D:\major project\dataset\face only\DFDC_REAL_Face_only_data\kuoraiutvy.mp4,REAL
D:\major project\dataset\face only\DFDC_FAKE_Face_only_data\baklbjkzeq.mp4,FAKE
D:\major project\dataset\face only\DFDC_REAL_Face_only_data\euoudlinep.mp4,REAL
D:\major project\dataset\face only\DFDC_REAL_Face_only_data\iarobzzslu.mp4,REAL
D:\major project\dataset\face only\DFDC_FAKE_Face_only_data\ccceyyczpw.mp4,FAKE
D:\major project\dataset\face only\DFDC_REAL_Face_only_data\ljrcafxwrn.mp4,REAL
D:\major project\dataset\face only\DFDC_REAL_Face_only_data\sqxseogvrh.mp4,REAL
D:\major project\dataset\face only\DFDC_REAL_Face_only_data\sycfrgvkry.mp4,REAL
D:\major project\dataset\face only\DFDC_FAKE_Face_only_data\arulsxwzmq.mp4,FAKE
D:\major project\dataset\face only\DFDC_FAKE_Face_only_data\buabafojmo.mp4,FAKE
D:\major project\dataset\face only\DFDC_REAL_Face_only_data\uunealgwvj.mp4,REAL
D:\major project\dataset\face only\DFDC_REAL_Face_only_data\mrvumgzbzq.mp4,REAL
D:\major project\dataset\face only\DFDC_FAKE_Face_only_data\cvvwitgutr.mp4,FAKE
D:\major project\dataset\face only\DFDC_REAL_Face_only_data\bkbadpwpwa.mp4,REAL
D:\major project\dataset\face only\DFDC_REAL_Face_only_data\terivbcgpp.mp4,REAL
D:\major project\dataset\face only\DFDC_REAL_Face_only_data\dxzccjuqnz.mp4,REAL
D:\major project\dataset\face only\DFDC_REAL_Face_only_data\wwfehhmmhl.mp4,REAL
D:\major project\dataset\face only\DFDC_FAKE_Face_only_data\begolhmsru.mp4,FAKE
D:\major project\dataset\face only\DFDC_FAKE_Face_only_data\dfgjncxkio.mp4,FAKE
D:\major project\dataset\face only\DFDC_FAKE_Face_only_data\dkdwrocolx.mp4,FAKE
D:\major project\dataset\face only\DFDC_FAKE_Face_only_data\bcrhsbxuwu.mp4,FAKE
D:\major project\dataset\face only\DFDC_FAKE_Face_only_data\agkuzeyvkl.mp4,FAKE
D:\major project\dataset\face only\DFDC_FAKE_Face_only_data\akmletxfbg.mp4,FAKE
D:\major project\dataset\face only\DFDC_FAKE_Face_only_data\bcjuiazvil.mp4,FAKE
D:\major project\dataset\face only\DFDC_FAKE_Face_only_data\bjtdbxvwfp.mp4,FAKE
D:\major project\dataset\face only\DFDC_REAL_Face_only_data\ocsnhldayx.mp4,REAL
D:\major project\dataset\face only\DFDC_FAKE_Face_only_data\azppuasxcf.mp4,FAKE
D:\major project\dataset\face only\DFDC_FAKE_Face_only_data\ctjgmxfaxe.mp4,FAKE
D:\major project\dataset\face only\DFDC_REAL_Face_only_data\zohoemsvxx.mp4,REAL
D:\major project\dataset\face only\DFDC_FAKE_Face_only_data\abgunexqlc.mp4,FAKE
D:\major project\dataset\face only\DFDC_REAL_Face_only_data\bwlswdbfwv.mp4,REAL
D:\major project\dataset\face only\DFDC_FAKE_Face_only_data\aoerxokasa.mp4,FAKE
D:\major project\dataset\face only\DFDC_FAKE_Face_only_data\dhvxgjudyq.mp4,FAKE
D:\major project\dataset\face only\DFDC_REAL_Face_only_data\jbdmfjnsup.mp4,REAL
D:\major project\dataset\face only\DFDC_FAKE_Face_only_data\atbtsntowb.mp4,FAKE
D:\major project\dataset\face only\DFDC_REAL_Face_only_data\olqshoikjs.mp4,REAL
D:\major project\dataset\face only\DFDC_REAL_Face_only_data\gorrghkrjt.mp4,REAL
D:\major project\dataset\face only\DFDC_REAL_Face_only_data\ovhhfetnri.mp4,REAL
D:\major project\dataset\face only\DFDC_REAL_Face_only_data\mulzcbwjni.mp4,REAL
D:\major project\dataset\face only\DFDC_REAL_Face_only_data\twvdcuwpsu.mp4,REAL
D:\major project\dataset\face only\DFDC_REAL_Face_only_data\cczdxtweqv.mp4,REAL
D:\major project\dataset\face only\DFDC_REAL_Face_only_data\etinaehykw.mp4,REAL
D:\major project\dataset\face only\DFDC_REAL_Face_only_data\ntyxnzblsp.mp4,REAL
D:\major project\dataset\face only\DFDC_REAL_Face_only_data\xrdopedqcu.mp4,REAL
D:\major project\dataset\face only\DFDC_REAL_Face_only_data\iqtojehgyl.mp4,REAL
D:\major project\dataset\face only\DFDC_REAL_Face_only_data\qablpysmuq.mp4,REAL
D:\major project\dataset\face only\DFDC_REAL_Face_only_data\fvcqerfgfa.mp4,REAL
D:\major project\dataset\face only\DFDC_REAL_Face_only_data\fpqhqpiiqq.mp4,REAL
D:\major project\dataset\face only\DFDC_REAL_Face_only_data\jtmsdyckqs.mp4,REAL
D:\major project\dataset\face only\DFDC_REAL_Face_only_data\ndaetluhcr.mp4,REAL
D:\major project\dataset\face only\DFDC_REAL_Face_only_data\nhzzaivpfk.mp4,REAL
D:\major project\dataset\face only\DFDC_FAKE_Face_only_data\bmvjqkjtnf.mp4,FAKE
D:\major project\dataset\face only\DFDC_REAL_Face_only_data\zbqlzhirna.mp4,REAL
D:\major project\dataset\face only\DFDC_REAL_Face_only_data\sbfiyomqhy.mp4,REAL
D:\major project\dataset\face only\DFDC_FAKE_Face_only_data\ecqulzqtgl.mp4,FAKE
D:\major project\dataset\face only\DFDC_FAKE_Face_only_data\cvsvyuueoh.mp4,FAKE
D:\major project\dataset\face only\DFDC_FAKE_Face_only_data\bxejcionpa.mp4,FAKE
D:\major project\dataset\face only\DFDC_REAL_Face_only_data\nyfqdjrcxr.mp4,REAL
D:\major project\dataset\face only\DFDC_FAKE_Face_only_data\ajrhthktnq.mp4,FAKE
D:\major project\dataset\face only\DFDC_REAL_Face_only_data\csguabnacy.mp4,REAL
D:\major project\dataset\face only\DFDC_FAKE_Face_only_data\cddwbrlhie.mp4,FAKE
D:\major project\dataset\face only\DFDC_REAL_Face_only_data\qmhakuwxky.mp4,REAL
D:\major project\dataset\face only\DFDC_REAL_Face_only_data\ljzgbkcvgi.mp4,REAL
D:\major project\dataset\face only\DFDC_FAKE_Face_only_data\abaodketae.mp4,FAKE
D:\major project\dataset\face only\DFDC_REAL_Face_only_data\pzkdefgfyc.mp4,REAL
D:\major project\dataset\face only\DFDC_REAL_Face_only_data\gpzlnnljhn.mp4,REAL
D:\major project\dataset\face only\DFDC_FAKE_Face_only_data\bygtwucggu.mp4,FAKE
D:\major project\dataset\face only\DFDC_REAL_Face_only_data\xjfmirjqdf.mp4,REAL
D:\major project\dataset\face only\DFDC_FAKE_Face_only_data\cjhflcxdas.mp4,FAKE
D:\major project\dataset\face only\DFDC_REAL_Face_only_data\aezagrnzdz.mp4,REAL
D:\major project\dataset\face only\DFDC_REAL_Face_only_data\xfsqkrfdir.mp4,REAL
D:\major project\dataset\face only\DFDC_FAKE_Face_only_data\dvzosejlfd.mp4,FAKE
D:\major project\dataset\face only\DFDC_FAKE_Face_only_data\arpsbojfxl.mp4,FAKE
D:\major project\dataset\face only\DFDC_REAL_Face_only_data\pwvnzblmuf.mp4,REAL
D:\major project\dataset\face only\DFDC_REAL_Face_only_data\augnkililg.mp4,REAL
D:\major project\dataset\face only\DFDC_REAL_Face_only_data\prdrojamhn.mp4,REAL
D:\major project\dataset\face only\DFDC_FAKE_Face_only_data\cyjixxrrrg.mp4,FAKE
D:\major project\dataset\face only\DFDC_REAL_Face_only_data\iiwofjbuyu.mp4,REAL
D:\major project\dataset\face only\DFDC_FAKE_Face_only_data\bqjrhuuwsf.mp4,FAKE
D:\major project\dataset\face only\DFDC_REAL_Face_only_data\qzmsurujkz.mp4,REAL
D:\major project\dataset\face only\DFDC_REAL_Face_only_data\nmrfqmhabc.mp4,REAL
D:\major project\dataset\face only\DFDC_REAL_Face_only_data\eomsfwykap.mp4,REAL
D:\major project\dataset\face only\DFDC_REAL_Face_only_data\ukrvmiddhp.mp4,REAL
D:\major project\dataset\face only\DFDC_FAKE_Face_only_data\almydrosfd.mp4,FAKE
D:\major project\dataset\face only\DFDC_REAL_Face_only_data\sufwnxoxug.mp4,REAL
D:\major project\dataset\face only\DFDC_REAL_Face_only_data\cbipyxvxad.mp4,REAL
D:\major project\dataset\face only\DFDC_FAKE_Face_only_data\ecvxkykmvx.mp4,FAKE
D:\major project\dataset\face only\DFDC_REAL_Face_only_data\yeemuaroyj.mp4,REAL
D:\major project\dataset\face only\DFDC_REAL_Face_only_data\jtsftmvtcf.mp4,REAL
D:\major project\dataset\face only\DFDC_FAKE_Face_only_data\bpteuesxca.mp4,FAKE
D:\major project\dataset\face only\DFDC_FAKE_Face_only_data\aurgcztzed.mp4,FAKE
D:\major project\dataset\face only\DFDC_FAKE_Face_only_data\eamrrztkth.mp4,FAKE
D:\major project\dataset\face only\DFDC_FAKE_Face_only_data\bpapdifduo.mp4,FAKE
D:\major project\dataset\face only\DFDC_REAL_Face_only_data\amflyomuqj.mp4,REAL
D:\major project\dataset\face only\DFDC_FAKE_Face_only_data\dgdxidiauq.mp4,FAKE
D:\major project\dataset\face only\DFDC_FAKE_Face_only_data\cagiejwets.mp4,FAKE
D:\major project\dataset\face only\DFDC_REAL_Face_only_data\oggtplowfa.mp4,REAL
D:\major project\dataset\face only\DFDC_REAL_Face_only_data\uxlsxewlrd.mp4,REAL
D:\major project\dataset\face only\DFDC_REAL_Face_only_data\lzexzlshim.mp4,REAL
D:\major project\dataset\face only\DFDC_FAKE_Face_only_data\bxptafpclo.mp4,FAKE
D:\major project\dataset\face only\DFDC_REAL_Face_only_data\pgioqqehjk.mp4,REAL
D:\major project\dataset\face only\DFDC_FAKE_Face_only_data\avxtaltkzj.mp4,FAKE
D:\major project\dataset\face only\DFDC_REAL_Face_only_data\rctronqqjs.mp4,REAL
D:\major project\dataset\face only\DFDC_REAL_Face_only_data\cwzpgqpfum.mp4,REAL
D:\major project\dataset\face only\DFDC_FAKE_Face_only_data\coawjwyyjo.mp4,FAKE
D:\major project\dataset\face only\DFDC_FAKE_Face_only_data\ecpiawvxqa.mp4,FAKE
D:\major project\dataset\face only\DFDC_FAKE_Face_only_data\aofrdmqnya.mp4,FAKE
D:\major project\dataset\face only\DFDC_REAL_Face_only_data\cfgotyucqv.mp4,REAL
D:\major project\dataset\face only\DFDC_FAKE_Face_only_data\edhygwpogy.mp4,FAKE
D:\major project\dataset\face only\DFDC_REAL_Face_only_data\dxmqsnzlbh.mp4,REAL
D:\major project\dataset\face only\DFDC_REAL_Face_only_data\bgeacsngmi.mp4,REAL
D:\major project\dataset\face only\DFDC_FAKE_Face_only_data\diacloondv.mp4,FAKE
D:\major project\dataset\face only\DFDC_FAKE_Face_only_data\dqzapzhrzg.mp4,FAKE
D:\major project\dataset\face only\DFDC_REAL_Face_only_data\hddgrmdzta.mp4,REAL
D:\major project\dataset\face only\DFDC_FAKE_Face_only_data\cchtzaxgfv.mp4,FAKE
D:\major project\dataset\face only\DFDC_REAL_Face_only_data\daxppvplei.mp4,REAL
D:\major project\dataset\face only\DFDC_REAL_Face_only_data\tzsnrrptgs.mp4,REAL
D:\major project\dataset\face only\DFDC_FAKE_Face_only_data\addyjceutz.mp4,FAKE
D:\major project\dataset\face only\DFDC_REAL_Face_only_data\feihhdwmcu.mp4,REAL
D:\major project\dataset\face only\DFDC_FAKE_Face_only_data\cmqjpitmyj.mp4,FAKE
D:\major project\dataset\face only\DFDC_REAL_Face_only_data\kjaujmuvdz.mp4,REAL
D:\major project\dataset\face only\DFDC_FAKE_Face_only_data\ednjxskkrq.mp4,FAKE
D:\major project\dataset\face only\DFDC_REAL_Face_only_data\lmpgsfasor.mp4,REAL
D:\major project\dataset\face only\DFDC_REAL_Face_only_data\mogwgizctk.mp4,REAL
D:\major project\dataset\face only\DFDC_REAL_Face_only_data\yismsygbtj.mp4,REAL
D:\major project\dataset\face only\DFDC_REAL_Face_only_data\frrkzgjapb.mp4,REAL
D:\major project\dataset\face only\DFDC_FAKE_Face_only_data\ddbhhoxaib.mp4,FAKE
D:\major project\dataset\face only\DFDC_REAL_Face_only_data\jrrslkdiaf.mp4,REAL
D:\major project\dataset\face only\DFDC_REAL_Face_only_data\vttclphuxu.mp4,REAL
D:\major project\dataset\face only\DFDC_FAKE_Face_only_data\brrdxgrikt.mp4,FAKE
D:\major project\dataset\face only\DFDC_REAL_Face_only_data\lchkrtyohq.mp4,REAL
D:\major project\dataset\face only\DFDC_FAKE_Face_only_data\ayvyqvvayo.mp4,FAKE
D:\major project\dataset\face only\DFDC_REAL_Face_only_data\alfjkgcvle.mp4,REAL
D:\major project\dataset\face only\DFDC_REAL_Face_only_data\evpvyvqybg.mp4,REAL
D:\major project\dataset\face only\DFDC_REAL_Face_only_data\crgcrqxqjw.mp4,REAL
D:\major project\dataset\face only\DFDC_REAL_Face_only_data\mhlviycfpq.mp4,REAL
D:\major project\dataset\face only\DFDC_REAL_Face_only_data\sjizkayscq.mp4,REAL
D:\major project\dataset\face only\DFDC_REAL_Face_only_data\svtuluxajn.mp4,REAL
D:\major project\dataset\face only\DFDC_FAKE_Face_only_data\dmdfeqjmpe.mp4,FAKE
D:\major project\dataset\face only\DFDC_REAL_Face_only_data\tdhtjtjeqd.mp4,REAL
D:\major project\dataset\face only\DFDC_REAL_Face_only_data\vjsvdnnrck.mp4,REAL
D:\major project\dataset\face only\DFDC_REAL_Face_only_data\qfhgilfcjj.mp4,REAL
D:\major project\dataset\face only\DFDC_REAL_Face_only_data\htqtvkygxi.mp4,REAL
D:\major project\dataset\face only\DFDC_REAL_Face_only_data\tqzemlqluj.mp4,REAL
D:\major project\dataset\face only\DFDC_REAL_Face_only_data\mcctwqjerd.mp4,REAL
D:\major project\dataset\face only\DFDC_REAL_Face_only_data\ovxqacozqb.mp4,REAL
D:\major project\dataset\face only\DFDC_REAL_Face_only_data\patfknpnyh.mp4,REAL
D:\major project\dataset\face only\DFDC_REAL_Face_only_data\mzbsxfndjp.mp4,REAL
D:\major project\dataset\face only\DFDC_REAL_Face_only_data\bytmknqtol.mp4,REAL
D:\major project\dataset\face only\DFDC_REAL_Face_only_data\vmqbnadjpe.mp4,REAL
D:\major project\dataset\face only\DFDC_REAL_Face_only_data\wffvntfpfy.mp4,REAL
D:\major project\dataset\face only\DFDC_REAL_Face_only_data\ieuxohfweg.mp4,REAL
D:\major project\dataset\face only\DFDC_FAKE_Face_only_data\eerzkchzes.mp4,FAKE
D:\major project\dataset\face only\DFDC_REAL_Face_only_data\dofnhnvaxq.mp4,REAL
D:\major project\dataset\face only\DFDC_REAL_Face_only_data\vntbyeepdy.mp4,REAL
D:\major project\dataset\face only\DFDC_REAL_Face_only_data\dkkvcedpkn.mp4,REAL
D:\major project\dataset\face only\DFDC_REAL_Face_only_data\syqnnflpjv.mp4,REAL
D:\major project\dataset\face only\DFDC_REAL_Face_only_data\hfzkljkstq.mp4,REAL
D:\major project\dataset\face only\DFDC_REAL_Face_only_data\hzjpgjgtar.mp4,REAL
D:\major project\dataset\face only\DFDC_REAL_Face_only_data\prdircfvcn.mp4,REAL
D:\major project\dataset\face only\DFDC_FAKE_Face_only_data\bupcliysfg.mp4,FAKE
D:\major project\dataset\face only\DFDC_REAL_Face_only_data\fnaajvgmwt.mp4,REAL
D:\major project\dataset\face only\DFDC_REAL_Face_only_data\kjorkudgro.mp4,REAL
D:\major project\dataset\face only\DFDC_REAL_Face_only_data\ittzgzsjhw.mp4,REAL
D:\major project\dataset\face only\DFDC_REAL_Face_only_data\wjclipsrpg.mp4,REAL
D:\major project\dataset\face only\DFDC_REAL_Face_only_data\vrdugvoufo.mp4,REAL
D:\major project\dataset\face only\DFDC_REAL_Face_only_data\qmbihytemw.mp4,REAL
D:\major project\dataset\face only\DFDC_REAL_Face_only_data\zcdzrwelwn.mp4,REAL
D:\major project\dataset\face only\DFDC_REAL_Face_only_data\bzjihidtqo.mp4,REAL
D:\major project\dataset\face only\DFDC_REAL_Face_only_data\plcetnsilv.mp4,REAL
D:\major project\dataset\face only\DFDC_REAL_Face_only_data\xhrvrdvpqp.mp4,REAL
D:\major project\dataset\face only\DFDC_REAL_Face_only_data\nhsprpibiv.mp4,REAL
D:\major project\dataset\face only\DFDC_REAL_Face_only_data\pmhqncskwo.mp4,REAL
D:\major project\dataset\face only\DFDC_FAKE_Face_only_data\bkfkiejtle.mp4,FAKE
D:\major project\dataset\face only\DFDC_REAL_Face_only_data\vzysajdfrb.mp4,REAL
D:\major project\dataset\face only\DFDC_FAKE_Face_only_data\dsfosjtnho.mp4,FAKE
D:\major project\dataset\face only\DFDC_REAL_Face_only_data\geoypwfwon.mp4,REAL
D:\major project\dataset\face only\DFDC_REAL_Face_only_data\ndfbaxlseo.mp4,REAL
D:\major project\dataset\face only\DFDC_REAL_Face_only_data\clflarcjlk.mp4,REAL
D:\major project\dataset\face only\DFDC_REAL_Face_only_data\wjbonjacrq.mp4,REAL
D:\major project\dataset\face only\DFDC_REAL_Face_only_data\hzxufkpwhg.mp4,REAL
D:\major project\dataset\face only\DFDC_FAKE_Face_only_data\cxdlxvgysz.mp4,FAKE
D:\major project\dataset\face only\DFDC_REAL_Face_only_data\msvjfalfax.mp4,REAL
D:\major project\dataset\face only\DFDC_FAKE_Face_only_data\atpwgkaeet.mp4,FAKE
D:\major project\dataset\face only\DFDC_REAL_Face_only_data\sphxantczl.mp4,REAL
D:\major project\dataset\face only\DFDC_REAL_Face_only_data\iieygeizqt.mp4,REAL
D:\major project\dataset\face only\DFDC_REAL_Face_only_data\tfivpvandt.mp4,REAL
D:\major project\dataset\face only\DFDC_REAL_Face_only_data\cqfxgyotpv.mp4,REAL
D:\major project\dataset\face only\DFDC_REAL_Face_only_data\yndrghtxff.mp4,REAL
D:\major project\dataset\face only\DFDC_REAL_Face_only_data\noyszfsbov.mp4,REAL
D:\major project\dataset\face only\DFDC_REAL_Face_only_data\ghccycttqk.mp4,REAL
D:\major project\dataset\face only\DFDC_REAL_Face_only_data\ztjfjnenpy.mp4,REAL
D:\major project\dataset\face only\DFDC_REAL_Face_only_data\jpnothtwkv.mp4,REAL
D:\major project\dataset\face only\DFDC_REAL_Face_only_data\ttaawifovj.mp4,REAL
D:\major project\dataset\face only\DFDC_REAL_Face_only_data\ghanyvkhnw.mp4,REAL
D:\major project\dataset\face only\DFDC_REAL_Face_only_data\lmdjukzovh.mp4,REAL
D:\major project\dataset\face only\DFDC_REAL_Face_only_data\vekuanlmlt.mp4,REAL
D:\major project\dataset\face only\DFDC_REAL_Face_only_data\jtgujpmdff.mp4,REAL
D:\major project\dataset\face only\DFDC_REAL_Face_only_data\ynyzjkvrxc.mp4,REAL
D:\major project\dataset\face only\DFDC_REAL_Face_only_data\bxxynjbyth.mp4,REAL
D:\major project\dataset\face only\DFDC_REAL_Face_only_data\dsxmpdwjjq.mp4,REAL
D:\major project\dataset\face only\DFDC_REAL_Face_only_data\lperomvunw.mp4,REAL
D:\major project\dataset\face only\DFDC_REAL_Face_only_data\wqewxnshij.mp4,REAL
D:\major project\dataset\face only\DFDC_REAL_Face_only_data\puusxoqgev.mp4,REAL
D:\major project\dataset\face only\DFDC_REAL_Face_only_data\uffktidjaz.mp4,REAL
D:\major project\dataset\face only\DFDC_REAL_Face_only_data\ioitqcvyuk.mp4,REAL
D:\major project\dataset\face only\DFDC_FAKE_Face_only_data\cqqapjnjkx.mp4,FAKE
D:\major project\dataset\face only\DFDC_REAL_Face_only_data\uqhoxraupo.mp4,REAL
D:\major project\dataset\face only\DFDC_REAL_Face_only_data\ymkojzsvxz.mp4,REAL
D:\major project\dataset\face only\DFDC_REAL_Face_only_data\txljinhqzx.mp4,REAL
D:\major project\dataset\face only\DFDC_REAL_Face_only_data\zyvafancxz.mp4,REAL
D:\major project\dataset\face only\DFDC_REAL_Face_only_data\spcjqcmwri.mp4,REAL
D:\major project\dataset\face only\DFDC_REAL_Face_only_data\hlqychjycc.mp4,REAL
D:\major project\dataset\face only\DFDC_REAL_Face_only_data\ihfrmdxlid.mp4,REAL
D:\major project\dataset\face only\DFDC_REAL_Face_only_data\oecgmnxbjv.mp4,REAL
D:\major project\dataset\face only\DFDC_FAKE_Face_only_data\daygtjhalq.mp4,FAKE
D:\major project\dataset\face only\DFDC_REAL_Face_only_data\qsgwkephyr.mp4,REAL
D:\major project\dataset\face only\DFDC_REAL_Face_only_data\xaufrrlmgw.mp4,REAL
D:\major project\dataset\face only\DFDC_REAL_Face_only_data\vrihpmcikh.mp4,REAL
D:\major project\dataset\face only\DFDC_REAL_Face_only_data\fqbndyrupa.mp4,REAL
D:\major project\dataset\face only\DFDC_REAL_Face_only_data\sqladvmecy.mp4,REAL
D:\major project\dataset\face only\DFDC_REAL_Face_only_data\kyitsyzrme.mp4,REAL
D:\major project\dataset\face only\DFDC_REAL_Face_only_data\zgsolhunip.mp4,REAL
D:\major project\dataset\face only\DFDC_REAL_Face_only_data\vutkspfojq.mp4,REAL
D:\major project\dataset\face only\DFDC_FAKE_Face_only_data\dpnnwjdspi.mp4,FAKE
D:\major project\dataset\face only\DFDC_REAL_Face_only_data\bqbnuvouqp.mp4,REAL
D:\major project\dataset\face only\DFDC_REAL_Face_only_data\penmhaiumk.mp4,REAL
D:\major project\dataset\face only\DFDC_REAL_Face_only_data\bzbgfksqiq.mp4,REAL
D:\major project\dataset\face only\DFDC_REAL_Face_only_data\rxhqanmeew.mp4,REAL
D:\major project\dataset\face only\DFDC_REAL_Face_only_data\boaubpdrvk.mp4,REAL
D:\major project\dataset\face only\DFDC_REAL_Face_only_data\jyxdpfccde.mp4,REAL
D:\major project\dataset\face only\DFDC_REAL_Face_only_data\jiscrkliic.mp4,REAL
D:\major project\dataset\face only\DFDC_REAL_Face_only_data\wbpcawlkxt.mp4,REAL
D:\major project\dataset\face only\DFDC_REAL_Face_only_data\aqfytexxbl.mp4,REAL
D:\major project\dataset\face only\DFDC_REAL_Face_only_data\ctbonxvats.mp4,REAL
D:\major project\dataset\face only\DFDC_REAL_Face_only_data\fcfwzjbllp.mp4,REAL
D:\major project\dataset\face only\DFDC_FAKE_Face_only_data\alunjceitn.mp4,FAKE
D:\major project\dataset\face only\DFDC_REAL_Face_only_data\muxejwktkc.mp4,REAL
D:\major project\dataset\face only\DFDC_REAL_Face_only_data\mevjvsgbmk.mp4,REAL
D:\major project\dataset\face only\DFDC_FAKE_Face_only_data\bnlaajzsxt.mp4,FAKE
D:\major project\dataset\face only\DFDC_FAKE_Face_only_data\cgxpjplcke.mp4,FAKE
D:\major project\dataset\face only\DFDC_REAL_Face_only_data\xrnrtmxfad.mp4,REAL
D:\major project\dataset\face only\DFDC_REAL_Face_only_data\gbensgskzr.mp4,REAL
D:\major project\dataset\face only\DFDC_FAKE_Face_only_data\bxnsimvjlv.mp4,FAKE
D:\major project\dataset\face only\DFDC_REAL_Face_only_data\yrkcwbsofn.mp4,REAL
D:\major project\dataset\face only\DFDC_FAKE_Face_only_data\buwlbeygpx.mp4,FAKE
D:\major project\dataset\face only\DFDC_REAL_Face_only_data\dtgyycbylg.mp4,REAL
D:\major project\dataset\face only\DFDC_REAL_Face_only_data\hknucpztup.mp4,REAL
D:\major project\dataset\face only\DFDC_REAL_Face_only_data\khsvrymllj.mp4,REAL
D:\major project\dataset\face only\DFDC_REAL_Face_only_data\aajsqyyjni.mp4,REAL
D:\major project\dataset\face only\DFDC_REAL_Face_only_data\acgzblwsgw.mp4,REAL
D:\major project\dataset\face only\DFDC_REAL_Face_only_data\ypkehhhckj.mp4,REAL
D:\major project\dataset\face only\DFDC_REAL_Face_only_data\duhcgqzgic.mp4,REAL
D:\major project\dataset\face only\DFDC_REAL_Face_only_data\inxvgjgrrq.mp4,REAL
D:\major project\dataset\face only\DFDC_REAL_Face_only_data\owidtvgulx.mp4,REAL
D:\major project\dataset\face only\DFDC_REAL_Face_only_data\vtkyppsmdx.mp4,REAL
D:\major project\dataset\face only\DFDC_REAL_Face_only_data\johuaietaz.mp4,REAL
D:\major project\dataset\face only\DFDC_REAL_Face_only_data\kbddtkgnmu.mp4,REAL
D:\major project\dataset\face only\DFDC_REAL_Face_only_data\zttbanncxn.mp4,REAL
D:\major project\dataset\face only\DFDC_REAL_Face_only_data\uihudeajwz.mp4,REAL
D:\major project\dataset\face only\DFDC_FAKE_Face_only_data\dbrpqjttey.mp4,FAKE
D:\major project\dataset\face only\DFDC_REAL_Face_only_data\hjjsuvothd.mp4,REAL
D:\major project\dataset\face only\DFDC_REAL_Face_only_data\abbgqbrdiz.mp4,REAL
D:\major project\dataset\face only\DFDC_REAL_Face_only_data\pmbqvlqhhl.mp4,REAL
D:\major project\dataset\face only\DFDC_REAL_Face_only_data\uwbpcdtmlb.mp4,REAL
D:\major project\dataset\face only\DFDC_REAL_Face_only_data\heprffercd.mp4,REAL
D:\major project\dataset\face only\DFDC_REAL_Face_only_data\wjesnindbk.mp4,REAL
D:\major project\dataset\face only\DFDC_REAL_Face_only_data\ymfrgnrvfw.mp4,REAL
D:\major project\dataset\face only\DFDC_FAKE_Face_only_data\aiyqaylifg.mp4,FAKE
D:\major project\dataset\face only\DFDC_REAL_Face_only_data\epdncpntwx.mp4,REAL
D:\major project\dataset\face only\DFDC_REAL_Face_only_data\syacqpjjzr.mp4,REAL
D:\major project\dataset\face only\DFDC_REAL_Face_only_data\ojmwqqxjzk.mp4,REAL
D:\major project\dataset\face only\DFDC_REAL_Face_only_data\ocfiyleaic.mp4,REAL
D:\major project\dataset\face only\DFDC_REAL_Face_only_data\wtqrmqnqvf.mp4,REAL
D:\major project\dataset\face only\DFDC_FAKE_Face_only_data\dqnimegdrl.mp4,FAKE
D:\major project\dataset\face only\DFDC_FAKE_Face_only_data\bdcnzxibfz.mp4,FAKE
D:\major project\dataset\face only\DFDC_REAL_Face_only_data\xlgzsipnhf.mp4,REAL
D:\major project\dataset\face only\DFDC_REAL_Face_only_data\kptmhmbexi.mp4,REAL
D:\major project\dataset\face only\DFDC_REAL_Face_only_data\cgacynuzzc.mp4,REAL
D:\major project\dataset\face only\DFDC_REAL_Face_only_data\ewkakfpqmw.mp4,REAL
D:\major project\dataset\face only\DFDC_REAL_Face_only_data\ukacifecol.mp4,REAL
D:\major project\dataset\face only\DFDC_REAL_Face_only_data\nmjsymvggu.mp4,REAL
D:\major project\dataset\face only\DFDC_REAL_Face_only_data\sahwxlbrmg.mp4,REAL
D:\major project\dataset\face only\DFDC_REAL_Face_only_data\vtfzsqhfxt.mp4,REAL
D:\major project\dataset\face only\DFDC_REAL_Face_only_data\roeecmiguh.mp4,REAL
D:\major project\dataset\face only\DFDC_REAL_Face_only_data\kapzkxdgqb.mp4,REAL
D:\major project\dataset\face only\DFDC_REAL_Face_only_data\xugbywbvgv.mp4,REAL
D:\major project\dataset\face only\DFDC_REAL_Face_only_data\qdirksoqim.mp4,REAL
D:\major project\dataset\face only\DFDC_FAKE_Face_only_data\dtyxicmtwr.mp4,FAKE
D:\major project\dataset\face only\DFDC_FAKE_Face_only_data\cyqnqhfzsc.mp4,FAKE
D:\major project\dataset\face only\DFDC_REAL_Face_only_data\mqlnnysqzj.mp4,REAL
D:\major project\dataset\face only\DFDC_REAL_Face_only_data\httftywuok.mp4,REAL
D:\major project\dataset\face only\DFDC_REAL_Face_only_data\rjrudhdbpf.mp4,REAL
D:\major project\dataset\face only\DFDC_FAKE_Face_only_data\aebgvmafzx.mp4,FAKE
D:\major project\dataset\face only\DFDC_REAL_Face_only_data\elxlnjzmzi.mp4,REAL
D:\major project\dataset\face only\DFDC_REAL_Face_only_data\hgqpzhkoua.mp4,REAL
D:\major project\dataset\face only\DFDC_REAL_Face_only_data\tfgjykyhum.mp4,REAL
D:\major project\dataset\face only\DFDC_REAL_Face_only_data\rrlcbhagil.mp4,REAL
D:\major project\dataset\face only\DFDC_REAL_Face_only_data\uyfdoedjoj.mp4,REAL
D:\major project\dataset\face only\DFDC_REAL_Face_only_data\ujyowwqpri.mp4,REAL
D:\major project\dataset\face only\DFDC_REAL_Face_only_data\qotqjzqlnr.mp4,REAL
D:\major project\dataset\face only\DFDC_REAL_Face_only_data\xzayxilesu.mp4,REAL
D:\major project\dataset\face only\DFDC_REAL_Face_only_data\vtcrsoekze.mp4,REAL
D:\major project\dataset\face only\DFDC_REAL_Face_only_data\horbklyyni.mp4,REAL
D:\major project\dataset\face only\DFDC_REAL_Face_only_data\nofmjiduph.mp4,REAL
D:\major project\dataset\face only\DFDC_REAL_Face_only_data\fmuleeyhxj.mp4,REAL
D:\major project\dataset\face only\DFDC_REAL_Face_only_data\ueqxiroiqn.mp4,REAL
D:\major project\dataset\face only\DFDC_FAKE_Face_only_data\ctpzxfjbmt.mp4,FAKE
D:\major project\dataset\face only\DFDC_FAKE_Face_only_data\byzkrasazx.mp4,FAKE
D:\major project\dataset\face only\DFDC_REAL_Face_only_data\dmegwsvycz.mp4,REAL
D:\major project\dataset\face only\DFDC_REAL_Face_only_data\yovkaudkhn.mp4,REAL
D:\major project\dataset\face only\DFDC_REAL_Face_only_data\crjvhcpwis.mp4,REAL
D:\major project\dataset\face only\DFDC_FAKE_Face_only_data\aauhqwwncp.mp4,FAKE
D:\major project\dataset\face only\DFDC_FAKE_Face_only_data\bzxesmhumc.mp4,FAKE
D:\major project\dataset\face only\DFDC_FAKE_Face_only_data\dkecafbtqe.mp4,FAKE
D:\major project\dataset\face only\DFDC_FAKE_Face_only_data\dcwkheoips.mp4,FAKE
D:\major project\dataset\face only\DFDC_FAKE_Face_only_data\ccteennqhv.mp4,FAKE
D:\major project\dataset\face only\DFDC_REAL_Face_only_data\gmkuswweko.mp4,REAL
D:\major project\dataset\face only\DFDC_REAL_Face_only_data\urooekxlmq.mp4,REAL
D:\major project\dataset\face only\DFDC_REAL_Face_only_data\cxxgfpikji.mp4,REAL
D:\major project\dataset\face only\DFDC_REAL_Face_only_data\opzchpdtfl.mp4,REAL
D:\major project\dataset\face only\DFDC_REAL_Face_only_data\kqwflqwnfm.mp4,REAL
D:\major project\dataset\face only\DFDC_FAKE_Face_only_data\bvmplbmqde.mp4,FAKE
D:\major project\dataset\face only\DFDC_REAL_Face_only_data\anodbxmpne.mp4,REAL
D:\major project\dataset\face only\DFDC_REAL_Face_only_data\rupudccrgd.mp4,REAL
D:\major project\dataset\face only\DFDC_REAL_Face_only_data\ecblkidyfd.mp4,REAL
D:\major project\dataset\face only\DFDC_REAL_Face_only_data\cuafoggwku.mp4,REAL
D:\major project\dataset\face only\DFDC_REAL_Face_only_data\xwbjtlqxeo.mp4,REAL
D:\major project\dataset\face only\DFDC_REAL_Face_only_data\mnrnptdpec.mp4,REAL
D:\major project\dataset\face only\DFDC_REAL_Face_only_data\yihodfxbqj.mp4,REAL
D:\major project\dataset\face only\DFDC_REAL_Face_only_data\spsevdcrnu.mp4,REAL
D:\major project\dataset\face only\DFDC_FAKE_Face_only_data\ahrigbsxpt.mp4,FAKE
D:\major project\dataset\face only\DFDC_FAKE_Face_only_data\bhsbxnalvq.mp4,FAKE
D:\major project\dataset\face only\DFDC_FAKE_Face_only_data\dgcrrnrjyl.mp4,FAKE
D:\major project\dataset\face only\DFDC_REAL_Face_only_data\dyolakhvvw.mp4,REAL
D:\major project\dataset\face only\DFDC_REAL_Face_only_data\hlxgwlqtde.mp4,REAL
D:\major project\dataset\face only\DFDC_FAKE_Face_only_data\chgqmwtbyf.mp4,FAKE
D:\major project\dataset\face only\DFDC_REAL_Face_only_data\nonwqkyict.mp4,REAL
D:\major project\dataset\face only\DFDC_FAKE_Face_only_data\dszocsfvpr.mp4,FAKE
D:\major project\dataset\face only\DFDC_REAL_Face_only_data\uuniyowdis.mp4,REAL
D:\major project\dataset\face only\DFDC_REAL_Face_only_data\ojgetwmygj.mp4,REAL
D:\major project\dataset\face only\DFDC_REAL_Face_only_data\hvnhuymltm.mp4,REAL
D:\major project\dataset\face only\DFDC_FAKE_Face_only_data\dwnofqzcss.mp4,FAKE
D:\major project\dataset\face only\DFDC_FAKE_Face_only_data\alqayvaatm.mp4,FAKE
D:\major project\dataset\face only\DFDC_REAL_Face_only_data\ucwwycqpeu.mp4,REAL
D:\major project\dataset\face only\DFDC_FAKE_Face_only_data\cxsjnptter.mp4,FAKE
D:\major project\dataset\face only\DFDC_FAKE_Face_only_data\byuyjtloht.mp4,FAKE
D:\major project\dataset\face only\DFDC_FAKE_Face_only_data\adaoqecjet.mp4,FAKE
D:\major project\dataset\face only\DFDC_FAKE_Face_only_data\beborlpxuy.mp4,FAKE
D:\major project\dataset\face only\DFDC_REAL_Face_only_data\hlgkqylzrh.mp4,REAL
D:\major project\dataset\face only\DFDC_REAL_Face_only_data\akdaowzvvw.mp4,REAL
D:\major project\dataset\face only\DFDC_REAL_Face_only_data\idbaeatils.mp4,REAL
D:\major project\dataset\face only\DFDC_FAKE_Face_only_data\ckzxmjrjvi.mp4,FAKE
D:\major project\dataset\face only\DFDC_FAKE_Face_only_data\bztifpciva.mp4,FAKE
D:\major project\dataset\face only\DFDC_REAL_Face_only_data\jbpxyyacyj.mp4,REAL
D:\major project\dataset\face only\DFDC_FAKE_Face_only_data\dmaqwzrgkr.mp4,FAKE
D:\major project\dataset\face only\DFDC_FAKE_Face_only_data\cmyhcrqfnl.mp4,FAKE
D:\major project\dataset\face only\DFDC_FAKE_Face_only_data\bijnzrftzz.mp4,FAKE
D:\major project\dataset\face only\DFDC_FAKE_Face_only_data\dwgbqxlqzh.mp4,FAKE
D:\major project\dataset\face only\DFDC_FAKE_Face_only_data\bdfswhbxlh.mp4,FAKE
D:\major project\dataset\face only\DFDC_REAL_Face_only_data\ychnzdjprp.mp4,REAL
D:\major project\dataset\face only\DFDC_FAKE_Face_only_data\cqsgfwcots.mp4,FAKE
D:\major project\dataset\face only\DFDC_FAKE_Face_only_data\brvyquicjc.mp4,FAKE
D:\major project\dataset\face only\DFDC_REAL_Face_only_data\kseffrmenc.mp4,REAL
D:\major project\dataset\face only\DFDC_FAKE_Face_only_data\cibunztqcw.mp4,FAKE
D:\major project\dataset\face only\DFDC_REAL_Face_only_data\qoihghfryp.mp4,REAL
D:\major project\dataset\face only\DFDC_FAKE_Face_only_data\edtpirebkl.mp4,FAKE
D:\major project\dataset\face only\DFDC_FAKE_Face_only_data\dvlfqigkgr.mp4,FAKE
D:\major project\dataset\face only\DFDC_FAKE_Face_only_data\dargqdtmnl.mp4,FAKE
D:\major project\dataset\face only\DFDC_REAL_Face_only_data\jpazwswbjj.mp4,REAL
D:\major project\dataset\face only\DFDC_FAKE_Face_only_data\ehccxkudjh.mp4,FAKE
D:\major project\dataset\face only\DFDC_FAKE_Face_only_data\dngvaozylo.mp4,FAKE
D:\major project\dataset\face only\DFDC_REAL_Face_only_data\zzhtdtgdur.mp4,REAL
D:\major project\dataset\face only\DFDC_FAKE_Face_only_data\bzeovupukx.mp4,FAKE
D:\major project\dataset\face only\DFDC_FAKE_Face_only_data\czvtpopqok.mp4,FAKE
D:\major project\dataset\face only\DFDC_FAKE_Face_only_data\bwzpknlhhm.mp4,FAKE
D:\major project\dataset\face only\DFDC_REAL_Face_only_data\tfptxfvcqs.mp4,REAL
D:\major project\dataset\face only\DFDC_FAKE_Face_only_data\dgjuuohkmr.mp4,FAKE
D:\major project\dataset\face only\DFDC_FAKE_Face_only_data\bvrxamwgcl.mp4,FAKE
D:\major project\dataset\face only\DFDC_FAKE_Face_only_data\eivcumeuxu.mp4,FAKE
D:\major project\dataset\face only\DFDC_FAKE_Face_only_data\borvrzlpon.mp4,FAKE
D:\major project\dataset\face only\DFDC_FAKE_Face_only_data\cpcuxqcgzp.mp4,FAKE
D:\major project\dataset\face only\DFDC_FAKE_Face_only_data\djwtvksqup.mp4,FAKE
D:\major project\dataset\face only\DFDC_FAKE_Face_only_data\dkrknynayu.mp4,FAKE
D:\major project\dataset\face only\DFDC_REAL_Face_only_data\vgxfdvtnic.mp4,REAL
D:\major project\dataset\face only\DFDC_FAKE_Face_only_data\eescbdtoom.mp4,FAKE
D:\major project\dataset\face only\DFDC_FAKE_Face_only_data\agefbqufao.mp4,FAKE
D:\major project\dataset\face only\DFDC_FAKE_Face_only_data\cfolpcshqw.mp4,FAKE
D:\major project\dataset\face only\DFDC_REAL_Face_only_data\scpcdzexwo.mp4,REAL
D:\major project\dataset\face only\DFDC_REAL_Face_only_data\lwmufxrefm.mp4,REAL
D:\major project\dataset\face only\DFDC_FAKE_Face_only_data\dgrmcxvcok.mp4,FAKE
D:\major project\dataset\face only\DFDC_FAKE_Face_only_data\ehytkbagyq.mp4,FAKE
D:\major project\dataset\face only\DFDC_FAKE_Face_only_data\dneghxhqsr.mp4,FAKE
D:\major project\dataset\face only\DFDC_FAKE_Face_only_data\eahsxehlri.mp4,FAKE
D:\major project\dataset\face only\DFDC_FAKE_Face_only_data\bfjwtlumpn.mp4,FAKE
D:\major project\dataset\face only\DFDC_FAKE_Face_only_data\bckalnjoyq.mp4,FAKE
D:\major project\dataset\face only\DFDC_FAKE_Face_only_data\axtxpkejwb.mp4,FAKE
D:\major project\dataset\face only\DFDC_FAKE_Face_only_data\ehztvhixpt.mp4,FAKE
D:\major project\dataset\face only\DFDC_FAKE_Face_only_data\dqjvzwlpfb.mp4,FAKE
D:\major project\dataset\face only\DFDC_FAKE_Face_only_data\ckgkmmgevx.mp4,FAKE
D:\major project\dataset\face only\DFDC_FAKE_Face_only_data\dkpomvbzfh.mp4,FAKE
D:\major project\dataset\face only\DFDC_REAL_Face_only_data\wvxgxcukbb.mp4,REAL
D:\major project\dataset\face only\DFDC_FAKE_Face_only_data\cohlqbfxzu.mp4,FAKE
D:\major project\dataset\face only\DFDC_FAKE_Face_only_data\axazpptbwz.mp4,FAKE
D:\major project\dataset\face only\DFDC_FAKE_Face_only_data\ecqkcffgur.mp4,FAKE
D:\major project\dataset\face only\DFDC_FAKE_Face_only_data\dadqhcqwha.mp4,FAKE
D:\major project\dataset\face only\DFDC_FAKE_Face_only_data\cxmqothqql.mp4,FAKE
D:\major project\dataset\face only\DFDC_FAKE_Face_only_data\dnofupbivz.mp4,FAKE
D:\major project\dataset\face only\DFDC_REAL_Face_only_data\ntddufonlu.mp4,REAL
D:\major project\dataset\face only\DFDC_FAKE_Face_only_data\cwvvrbcchf.mp4,FAKE
D:\major project\dataset\face only\DFDC_REAL_Face_only_data\nvqiursmbh.mp4,REAL
D:\major project\dataset\face only\DFDC_REAL_Face_only_data\whffswfpqp.mp4,REAL
D:\major project\dataset\face only\DFDC_FAKE_Face_only_data\cnkbkvykej.mp4,FAKE
D:\major project\dataset\face only\DFDC_REAL_Face_only_data\vqybdfadtl.mp4,REAL
D:\major project\dataset\face only\DFDC_FAKE_Face_only_data\dgcdkewejs.mp4,FAKE
D:\major project\dataset\face only\DFDC_FAKE_Face_only_data\blprrfobos.mp4,FAKE
D:\major project\dataset\face only\DFDC_REAL_Face_only_data\fwjfbaqaux.mp4,REAL
D:\major project\dataset\face only\DFDC_FAKE_Face_only_data\bkzjlbokrx.mp4,FAKE
D:\major project\dataset\face only\DFDC_FAKE_Face_only_data\aabkwhhgwv.mp4,FAKE
D:\major project\dataset\face only\DFDC_REAL_Face_only_data\frwpjswdnr.mp4,REAL
D:\major project\dataset\face only\DFDC_FAKE_Face_only_data\dwrguqzmpl.mp4,FAKE
D:\major project\dataset\face only\DFDC_REAL_Face_only_data\wbsedosftd.mp4,REAL
D:\major project\dataset\face only\DFDC_REAL_Face_only_data\euwzjauqgi.mp4,REAL
D:\major project\dataset\face only\DFDC_REAL_Face_only_data\kilioqxnmq.mp4,REAL
D:\major project\dataset\face only\DFDC_FAKE_Face_only_data\debzyjrpxm.mp4,FAKE
D:\major project\dataset\face only\DFDC_FAKE_Face_only_data\aohtixcgqk.mp4,FAKE
D:\major project\dataset\face only\DFDC_FAKE_Face_only_data\adsxpxgjlp.mp4,FAKE
D:\major project\dataset\face only\DFDC_REAL_Face_only_data\afxtastwkm.mp4,REAL
D:\major project\dataset\face only\DFDC_REAL_Face_only_data\mxrnlrylrq.mp4,REAL
D:\major project\dataset\face only\DFDC_FAKE_Face_only_data\doxeyanlla.mp4,FAKE
D:\major project\dataset\face only\DFDC_REAL_Face_only_data\jtcdnrwmwn.mp4,REAL
D:\major project\dataset\face only\DFDC_FAKE_Face_only_data\bqgwnuocdo.mp4,FAKE
D:\major project\dataset\face only\DFDC_FAKE_Face_only_data\bkjqhzjyti.mp4,FAKE
D:\major project\dataset\face only\DFDC_FAKE_Face_only_data\czxtraxsnt.mp4,FAKE
D:\major project\dataset\face only\DFDC_FAKE_Face_only_data\coegoetjpm.mp4,FAKE
D:\major project\dataset\face only\DFDC_REAL_Face_only_data\ejwxolkwsr.mp4,REAL
D:\major project\dataset\face only\DFDC_FAKE_Face_only_data\dvqclmxwgd.mp4,FAKE
D:\major project\dataset\face only\DFDC_REAL_Face_only_data\sobblmyurt.mp4,REAL
D:\major project\dataset\face only\DFDC_FAKE_Face_only_data\bhwdqztgmq.mp4,FAKE
D:\major project\dataset\face only\DFDC_FAKE_Face_only_data\awuxsqvaez.mp4,FAKE
D:\major project\dataset\face only\DFDC_FAKE_Face_only_data\djibvjxokb.mp4,FAKE
D:\major project\dataset\face only\DFDC_FAKE_Face_only_data\bgdokxsepy.mp4,FAKE
D:\major project\dataset\face only\DFDC_REAL_Face_only_data\cmgotitvig.mp4,REAL
D:\major project\dataset\face only\DFDC_FAKE_Face_only_data\axvafppqre.mp4,FAKE
D:\major project\dataset\face only\DFDC_FAKE_Face_only_data\ctoeplyxsc.mp4,FAKE
D:\major project\dataset\face only\DFDC_REAL_Face_only_data\rmpvriplny.mp4,REAL
D:\major project\dataset\face only\DFDC_FAKE_Face_only_data\dqfvhvptda.mp4,FAKE
D:\major project\dataset\face only\DFDC_REAL_Face_only_data\fnudskjmbt.mp4,REAL
D:\major project\dataset\face only\DFDC_FAKE_Face_only_data\dxkqxgumzp.mp4,FAKE
D:\major project\dataset\face only\DFDC_FAKE_Face_only_data\dwnjghnnvx.mp4,FAKE
D:\major project\dataset\face only\DFDC_FAKE_Face_only_data\eewlybcbhd.mp4,FAKE
D:\major project\dataset\face only\DFDC_REAL_Face_only_data\yyaejjkbds.mp4,REAL
D:\major project\dataset\face only\DFDC_FAKE_Face_only_data\crqybwddzz.mp4,FAKE
D:\major project\dataset\face only\DFDC_FAKE_Face_only_data\arlklajpvk.mp4,FAKE
D:\major project\dataset\face only\DFDC_FAKE_Face_only_data\afouwfpdkd.mp4,FAKE
D:\major project\dataset\face only\DFDC_FAKE_Face_only_data\adxtihgjrs.mp4,FAKE
D:\major project\dataset\face only\DFDC_REAL_Face_only_data\engsjjoxfe.mp4,REAL
D:\major project\dataset\face only\DFDC_REAL_Face_only_data\fksksiyyty.mp4,REAL
D:\major project\dataset\face only\DFDC_FAKE_Face_only_data\abeibpdqhj.mp4,FAKE
D:\major project\dataset\face only\DFDC_REAL_Face_only_data\llagpqxcma.mp4,REAL
D:\major project\dataset\face only\DFDC_FAKE_Face_only_data\ddvpmqqrlj.mp4,FAKE
D:\major project\dataset\face only\DFDC_FAKE_Face_only_data\bbmstrmoaf.mp4,FAKE
D:\major project\dataset\face only\DFDC_FAKE_Face_only_data\ehfxohnspa.mp4,FAKE
D:\major project\dataset\face only\DFDC_FAKE_Face_only_data\benxwujzwl.mp4,FAKE
D:\major project\dataset\face only\DFDC_REAL_Face_only_data\rckdmkkfpe.mp4,REAL
D:\major project\dataset\face only\DFDC_FAKE_Face_only_data\dgcynprkrb.mp4,FAKE
D:\major project\dataset\face only\DFDC_FAKE_Face_only_data\davpwsqkog.mp4,FAKE
D:\major project\dataset\face only\DFDC_FAKE_Face_only_data\cgumdsscsh.mp4,FAKE
D:\major project\dataset\face only\DFDC_REAL_Face_only_data\iggixplyqf.mp4,REAL
D:\major project\dataset\face only\DFDC_REAL_Face_only_data\ipolpruzgf.mp4,REAL
D:\major project\dataset\face only\DFDC_REAL_Face_only_data\wxgwqnrvmw.mp4,REAL
D:\major project\dataset\face only\DFDC_FAKE_Face_only_data\craslvtlfq.mp4,FAKE
D:\major project\dataset\face only\DFDC_FAKE_Face_only_data\aisdsiyxvh.mp4,FAKE
D:\major project\dataset\face only\DFDC_REAL_Face_only_data\wudkmejywf.mp4,REAL
D:\major project\dataset\face only\DFDC_FAKE_Face_only_data\dbqrktaaub.mp4,FAKE
D:\major project\dataset\face only\DFDC_FAKE_Face_only_data\cuxqfnwzus.mp4,FAKE
D:\major project\dataset\face only\DFDC_FAKE_Face_only_data\ehypjoufkk.mp4,FAKE
D:\major project\dataset\face only\DFDC_REAL_Face_only_data\dbnrpkiwjx.mp4,REAL
D:\major project\dataset\face only\DFDC_REAL_Face_only_data\pswxwumwvb.mp4,REAL
D:\major project\dataset\face only\DFDC_FAKE_Face_only_data\conodqbmpe.mp4,FAKE
D:\major project\dataset\face only\DFDC_FAKE_Face_only_data\drxzulpsoz.mp4,FAKE
D:\major project\dataset\face only\DFDC_FAKE_Face_only_data\agetriarxi.mp4,FAKE
D:\major project\dataset\face only\DFDC_FAKE_Face_only_data\bkzcioseyf.mp4,FAKE
D:\major project\dataset\face only\DFDC_REAL_Face_only_data\dplfintlwc.mp4,REAL
D:\major project\dataset\face only\DFDC_FAKE_Face_only_data\dokclgqjgu.mp4,FAKE
D:\major project\dataset\face only\DFDC_FAKE_Face_only_data\ebkzdtebmn.mp4,FAKE
D:\major project\dataset\face only\DFDC_FAKE_Face_only_data\byofjwgexm.mp4,FAKE
D:\major project\dataset\face only\DFDC_FAKE_Face_only_data\aibiqkczez.mp4,FAKE
D:\major project\dataset\face only\DFDC_REAL_Face_only_data\yrkqvzrkmu.mp4,REAL
D:\major project\dataset\face only\DFDC_REAL_Face_only_data\lxswrmqcpw.mp4,REAL
D:\major project\dataset\face only\DFDC_FAKE_Face_only_data\aebenljufi.mp4,FAKE
D:\major project\dataset\face only\DFDC_FAKE_Face_only_data\cdwxurdymt.mp4,FAKE
D:\major project\dataset\face only\DFDC_FAKE_Face_only_data\axrsphinge.mp4,FAKE
D:\major project\dataset\face only\DFDC_REAL_Face_only_data\hjhxtcacvv.mp4,REAL
D:\major project\dataset\face only\DFDC_FAKE_Face_only_data\cuibixkynh.mp4,FAKE
D:\major project\dataset\face only\DFDC_REAL_Face_only_data\gvicncmstz.mp4,REAL
D:\major project\dataset\face only\DFDC_FAKE_Face_only_data\cryxhnrndp.mp4,FAKE
D:\major project\dataset\face only\DFDC_FAKE_Face_only_data\axnsynfgqo.mp4,FAKE
D:\major project\dataset\face only\DFDC_FAKE_Face_only_data\bidlydtbkf.mp4,FAKE
D:\major project\dataset\face only\DFDC_FAKE_Face_only_data\edghxugaar.mp4,FAKE
D:\major project\dataset\face only\DFDC_FAKE_Face_only_data\davhbwinyn.mp4,FAKE
D:\major project\dataset\face only\DFDC_REAL_Face_only_data\pgeromqhwc.mp4,REAL
D:\major project\dataset\face only\DFDC_FAKE_Face_only_data\bpwucdibhz.mp4,FAKE
D:\major project\dataset\face only\DFDC_FAKE_Face_only_data\bvugfvbvno.mp4,FAKE
D:\major project\dataset\face only\DFDC_FAKE_Face_only_data\aosizimfzi.mp4,FAKE
D:\major project\dataset\face only\DFDC_REAL_Face_only_data\bjtbmyfoyq.mp4,REAL
D:\major project\dataset\face only\DFDC_REAL_Face_only_data\hddvofqapm.mp4,REAL
D:\major project\dataset\face only\DFDC_REAL_Face_only_data\jcsqrhfgso.mp4,REAL
D:\major project\dataset\face only\DFDC_FAKE_Face_only_data\bkyqaqhdra.mp4,FAKE
D:\major project\dataset\face only\DFDC_FAKE_Face_only_data\bjqsyskiyq.mp4,FAKE
D:\major project\dataset\face only\DFDC_REAL_Face_only_data\tjmgpqjnla.mp4,REAL
D:\major project\dataset\face only\DFDC_FAKE_Face_only_data\dlmbhowqxi.mp4,FAKE
D:\major project\dataset\face only\DFDC_FAKE_Face_only_data\bqfyfhzjxk.mp4,FAKE
D:\major project\dataset\face only\DFDC_FAKE_Face_only_data\cspbxdvhzz.mp4,FAKE
D:\major project\dataset\face only\DFDC_FAKE_Face_only_data\dvgvdygwwy.mp4,FAKE
D:\major project\dataset\face only\DFDC_FAKE_Face_only_data\bmgnopxcdf.mp4,FAKE
D:\major project\dataset\face only\DFDC_FAKE_Face_only_data\aedbjztjwz.mp4,FAKE
D:\major project\dataset\face only\DFDC_REAL_Face_only_data\rqgzqwujgo.mp4,REAL
D:\major project\dataset\face only\DFDC_FAKE_Face_only_data\cyvbeyvgbd.mp4,FAKE
D:\major project\dataset\face only\DFDC_FAKE_Face_only_data\abiotberut.mp4,FAKE
D:\major project\dataset\face only\DFDC_FAKE_Face_only_data\ajgukoojpg.mp4,FAKE
D:\major project\dataset\face only\DFDC_FAKE_Face_only_data\duvffhbhlr.mp4,FAKE
D:\major project\dataset\face only\DFDC_FAKE_Face_only_data\djdawhgbsk.mp4,FAKE
D:\major project\dataset\face only\DFDC_REAL_Face_only_data\cwbubjzysv.mp4,REAL
D:\major project\dataset\face only\DFDC_REAL_Face_only_data\ngvvgveogh.mp4,REAL
D:\major project\dataset\face only\DFDC_REAL_Face_only_data\szhseoemfz.mp4,REAL
D:\major project\dataset\face only\DFDC_REAL_Face_only_data\pwwrycbwku.mp4,REAL
D:\major project\dataset\face only\DFDC_FAKE_Face_only_data\clwkkqwozj.mp4,FAKE
D:\major project\dataset\face only\DFDC_FAKE_Face_only_data\egsxemfpsx.mp4,FAKE
D:\major project\dataset\face only\DFDC_REAL_Face_only_data\mvmbdizipz.mp4,REAL
D:\major project\dataset\face only\DFDC_FAKE_Face_only_data\avjqdkzjdx.mp4,FAKE
D:\major project\dataset\face only\DFDC_FAKE_Face_only_data\augfkhqkbv.mp4,FAKE
D:\major project\dataset\face only\DFDC_REAL_Face_only_data\vchgbyqolg.mp4,REAL
D:\major project\dataset\face only\DFDC_FAKE_Face_only_data\dzngxjxwjy.mp4,FAKE
D:\major project\dataset\face only\DFDC_REAL_Face_only_data\qmifyvokds.mp4,REAL
D:\major project\dataset\face only\DFDC_FAKE_Face_only_data\chvwneqdcy.mp4,FAKE
D:\major project\dataset\face only\DFDC_FAKE_Face_only_data\aralaxkuwf.mp4,FAKE
D:\major project\dataset\face only\DFDC_FAKE_Face_only_data\dhvhfxtqsw.mp4,FAKE
D:\major project\dataset\face only\DFDC_FAKE_Face_only_data\awkknginsz.mp4,FAKE
D:\major project\dataset\face only\DFDC_REAL_Face_only_data\duufrtgxtq.mp4,REAL
D:\major project\dataset\face only\DFDC_FAKE_Face_only_data\ddgubuafql.mp4,FAKE
D:\major project\dataset\face only\DFDC_FAKE_Face_only_data\ckhqbkkswv.mp4,FAKE
D:\major project\dataset\face only\DFDC_REAL_Face_only_data\leoicyngqc.mp4,REAL
D:\major project\dataset\face only\DFDC_REAL_Face_only_data\eekfppyltt.mp4,REAL
D:\major project\dataset\face only\DFDC_REAL_Face_only_data\kpropgluhn.mp4,REAL
D:\major project\dataset\face only\DFDC_FAKE_Face_only_data\aqgwyuaijx.mp4,FAKE
D:\major project\dataset\face only\DFDC_FAKE_Face_only_data\dfejiindbl.mp4,FAKE
D:\major project\dataset\face only\DFDC_FAKE_Face_only_data\aicezwkwgl.mp4,FAKE
D:\major project\dataset\face only\DFDC_REAL_Face_only_data\dkntaifhkt.mp4,REAL
D:\major project\dataset\face only\DFDC_FAKE_Face_only_data\dvmvkmynha.mp4,FAKE
D:\major project\dataset\face only\DFDC_REAL_Face_only_data\whrmienink.mp4,REAL
D:\major project\dataset\face only\DFDC_FAKE_Face_only_data\avtfoeadnt.mp4,FAKE
D:\major project\dataset\face only\DFDC_FAKE_Face_only_data\bwmnobzril.mp4,FAKE
D:\major project\dataset\face only\DFDC_FAKE_Face_only_data\ddfscdlncl.mp4,FAKE
D:\major project\dataset\face only\DFDC_REAL_Face_only_data\tbiyacqeew.mp4,REAL
D:\major project\dataset\face only\DFDC_FAKE_Face_only_data\dfxtesniah.mp4,FAKE
D:\major project\dataset\face only\DFDC_REAL_Face_only_data\jnxninjsir.mp4,REAL
D:\major project\dataset\face only\DFDC_FAKE_Face_only_data\disgdyizyu.mp4,FAKE
D:\major project\dataset\face only\DFDC_FAKE_Face_only_data\ecfydhcubl.mp4,FAKE
D:\major project\dataset\face only\DFDC_FAKE_Face_only_data\bhzmcktrkb.mp4,FAKE
D:\major project\dataset\face only\DFDC_FAKE_Face_only_data\csakctnwak.mp4,FAKE
D:\major project\dataset\face only\DFDC_REAL_Face_only_data\lejzouanmd.mp4,REAL
D:\major project\dataset\face only\DFDC_FAKE_Face_only_data\aqkxylfqqc.mp4,FAKE
D:\major project\dataset\face only\DFDC_FAKE_Face_only_data\aqaoadlzlh.mp4,FAKE
D:\major project\dataset\face only\DFDC_FAKE_Face_only_data\cswvrrtrfi.mp4,FAKE
D:\major project\dataset\face only\DFDC_FAKE_Face_only_data\ayqywtrjhl.mp4,FAKE
D:\major project\dataset\face only\DFDC_REAL_Face_only_data\tfqrimpcfz.mp4,REAL
D:\major project\dataset\face only\DFDC_FAKE_Face_only_data\dasyfhyvuq.mp4,FAKE
D:\major project\dataset\face only\DFDC_FAKE_Face_only_data\convzgmiqk.mp4,FAKE
D:\major project\dataset\face only\DFDC_FAKE_Face_only_data\ajalgtjhgp.mp4,FAKE
D:\major project\dataset\face only\DFDC_FAKE_Face_only_data\ccirkpwvgi.mp4,FAKE
D:\major project\dataset\face only\DFDC_REAL_Face_only_data\iwfqatwnfa.mp4,REAL
D:\major project\dataset\face only\DFDC_FAKE_Face_only_data\cgdrgdldtn.mp4,FAKE
D:\major project\dataset\face only\DFDC_REAL_Face_only_data\rzgdszqase.mp4,REAL
D:\major project\dataset\face only\DFDC_REAL_Face_only_data\rutwnoagbl.mp4,REAL
D:\major project\dataset\face only\DFDC_FAKE_Face_only_data\angokkehzt.mp4,FAKE
D:\major project\dataset\face only\DFDC_FAKE_Face_only_data\eduorgiuji.mp4,FAKE
D:\major project\dataset\face only\DFDC_REAL_Face_only_data\ejmpycnatt.mp4,REAL
D:\major project\dataset\face only\DFDC_REAL_Face_only_data\fnxmqrygbm.mp4,REAL
D:\major project\dataset\face only\DFDC_FAKE_Face_only_data\bhkjrexduj.mp4,FAKE
D:\major project\dataset\face only\DFDC_REAL_Face_only_data\juuxucpukk.mp4,REAL
D:\major project\dataset\face only\DFDC_FAKE_Face_only_data\bvienyqobe.mp4,FAKE
D:\major project\dataset\face only\DFDC_FAKE_Face_only_data\ebjdmhnula.mp4,FAKE
D:\major project\dataset\face only\DFDC_REAL_Face_only_data\kguzqxckys.mp4,REAL
D:\major project\dataset\face only\DFDC_FAKE_Face_only_data\buzkrvzzlp.mp4,FAKE
D:\major project\dataset\face only\DFDC_FAKE_Face_only_data\dpihwwnser.mp4,FAKE
D:\major project\dataset\face only\DFDC_FAKE_Face_only_data\dqcmqcmmba.mp4,FAKE
D:\major project\dataset\face only\DFDC_FAKE_Face_only_data\aysrnwnhii.mp4,FAKE
D:\major project\dataset\face only\DFDC_FAKE_Face_only_data\bjhrnoxued.mp4,FAKE
D:\major project\dataset\face only\DFDC_FAKE_Face_only_data\cifhvelrvx.mp4,FAKE
D:\major project\dataset\face only\DFDC_FAKE_Face_only_data\dyioiacfyw.mp4,FAKE
D:\major project\dataset\face only\DFDC_FAKE_Face_only_data\dsvwtcrvwv.mp4,FAKE
D:\major project\dataset\face only\DFDC_FAKE_Face_only_data\aiuutdsmpd.mp4,FAKE
D:\major project\dataset\face only\DFDC_REAL_Face_only_data\lkppttaxoq.mp4,REAL
D:\major project\dataset\face only\DFDC_REAL_Face_only_data\udgswgspcm.mp4,REAL
D:\major project\dataset\face only\DFDC_REAL_Face_only_data\nfqpnrwvep.mp4,REAL
D:\major project\dataset\face only\DFDC_FAKE_Face_only_data\bspvtixfud.mp4,FAKE
D:\major project\dataset\face only\DFDC_FAKE_Face_only_data\dbkmxwlytr.mp4,FAKE
D:\major project\dataset\face only\DFDC_FAKE_Face_only_data\ahqbzhlgfd.mp4,FAKE
D:\major project\dataset\face only\DFDC_FAKE_Face_only_data\cbywmlmeds.mp4,FAKE
D:\major project\dataset\face only\DFDC_FAKE_Face_only_data\bhtrhmtfvu.mp4,FAKE
D:\major project\dataset\face only\DFDC_REAL_Face_only_data\jqqpgsorcl.mp4,REAL
D:\major project\dataset\face only\DFDC_REAL_Face_only_data\fuusxfhmrc.mp4,REAL
D:\major project\dataset\face only\DFDC_REAL_Face_only_data\aqmydibivi.mp4,REAL
D:\major project\dataset\face only\DFDC_REAL_Face_only_data\qhkwjzpuud.mp4,REAL
D:\major project\dataset\face only\DFDC_FAKE_Face_only_data\ayvkjimrki.mp4,FAKE
D:\major project\dataset\face only\DFDC_REAL_Face_only_data\rmuyiybkxk.mp4,REAL
D:\major project\dataset\face only\DFDC_REAL_Face_only_data\blyoxkhsdl.mp4,REAL
D:\major project\dataset\face only\DFDC_FAKE_Face_only_data\eahmseribf.mp4,FAKE
D:\major project\dataset\face only\DFDC_FAKE_Face_only_data\coatfjiush.mp4,FAKE
D:\major project\dataset\face only\DFDC_REAL_Face_only_data\nejuxyzoyd.mp4,REAL
D:\major project\dataset\face only\DFDC_REAL_Face_only_data\ulbqxiejgi.mp4,REAL
D:\major project\dataset\face only\DFDC_REAL_Face_only_data\wkrivltdys.mp4,REAL
D:\major project\dataset\face only\DFDC_FAKE_Face_only_data\aweyorxpto.mp4,FAKE
D:\major project\dataset\face only\DFDC_REAL_Face_only_data\fxtrbrdcgo.mp4,REAL
D:\major project\dataset\face only\DFDC_FAKE_Face_only_data\agsrndrnjg.mp4,FAKE
D:\major project\dataset\face only\DFDC_REAL_Face_only_data\dwhlwvplsz.mp4,REAL
D:\major project\dataset\face only\DFDC_FAKE_Face_only_data\bfajryuvdg.mp4,FAKE
D:\major project\dataset\face only\DFDC_FAKE_Face_only_data\agwtvukqyx.mp4,FAKE
D:\major project\dataset\face only\DFDC_FAKE_Face_only_data\abssilrpat.mp4,FAKE
D:\major project\dataset\face only\DFDC_FAKE_Face_only_data\eculwfsisv.mp4,FAKE
D:\major project\dataset\face only\DFDC_REAL_Face_only_data\rtcnwhskkw.mp4,REAL
D:\major project\dataset\face only\DFDC_FAKE_Face_only_data\eeqnbbafzq.mp4,FAKE
D:\major project\dataset\face only\DFDC_REAL_Face_only_data\nsfnxqvgxn.mp4,REAL
D:\major project\dataset\face only\DFDC_REAL_Face_only_data\ylntmnbfvk.mp4,REAL
D:\major project\dataset\face only\DFDC_REAL_Face_only_data\onavgkayge.mp4,REAL
D:\major project\dataset\face only\DFDC_REAL_Face_only_data\zhplmoxofo.mp4,REAL
D:\major project\dataset\face only\DFDC_FAKE_Face_only_data\bmtvkrvubb.mp4,FAKE
D:\major project\dataset\face only\DFDC_REAL_Face_only_data\yiwldoyyvv.mp4,REAL
D:\major project\dataset\face only\DFDC_REAL_Face_only_data\tlimufbiog.mp4,REAL
D:\major project\dataset\face only\DFDC_REAL_Face_only_data\kerpokjmkf.mp4,REAL
D:\major project\dataset\face only\DFDC_REAL_Face_only_data\zjnrllmowq.mp4,REAL
D:\major project\dataset\face only\DFDC_FAKE_Face_only_data\dtrasqdgid.mp4,FAKE
D:\major project\dataset\face only\DFDC_REAL_Face_only_data\knkhspjotx.mp4,REAL
D:\major project\dataset\face only\DFDC_FAKE_Face_only_data\dnrojrvdrw.mp4,FAKE
D:\major project\dataset\face only\DFDC_FAKE_Face_only_data\buxipbfbir.mp4,FAKE
D:\major project\dataset\face only\DFDC_REAL_Face_only_data\figsmtmzse.mp4,REAL
D:\major project\dataset\face only\DFDC_REAL_Face_only_data\zqfqdmqkyj.mp4,REAL
D:\major project\dataset\face only\DFDC_REAL_Face_only_data\mxjfuswavn.mp4,REAL
D:\major project\dataset\face only\DFDC_FAKE_Face_only_data\dvusgcaaji.mp4,FAKE
D:\major project\dataset\face only\DFDC_REAL_Face_only_data\dafhnjbgjp.mp4,REAL
D:\major project\dataset\face only\DFDC_FAKE_Face_only_data\dyhegporuf.mp4,FAKE
D:\major project\dataset\face only\DFDC_FAKE_Face_only_data\bilwtjqxak.mp4,FAKE
D:\major project\dataset\face only\DFDC_FAKE_Face_only_data\buavuaumij.mp4,FAKE
D:\major project\dataset\face only\DFDC_REAL_Face_only_data\gxsbbcjuzh.mp4,REAL
D:\major project\dataset\face only\DFDC_REAL_Face_only_data\gefugazrua.mp4,REAL
D:\major project\dataset\face only\DFDC_FAKE_Face_only_data\dewgobbsfq.mp4,FAKE
D:\major project\dataset\face only\DFDC_FAKE_Face_only_data\aemuyscfmg.mp4,FAKE
D:\major project\dataset\face only\DFDC_FAKE_Face_only_data\ajxqmncunn.mp4,FAKE
D:\major project\dataset\face only\DFDC_REAL_Face_only_data\lkfoelyxpq.mp4,REAL
D:\major project\dataset\face only\DFDC_REAL_Face_only_data\uzlkfyluxj.mp4,REAL
D:\major project\dataset\face only\DFDC_FAKE_Face_only_data\azqvligwls.mp4,FAKE
D:\major project\dataset\face only\DFDC_REAL_Face_only_data\tlcvcbarnk.mp4,REAL
D:\major project\dataset\face only\DFDC_REAL_Face_only_data\yieptjmvhm.mp4,REAL
D:\major project\dataset\face only\DFDC_FAKE_Face_only_data\buqjtkguuj.mp4,FAKE
D:\major project\dataset\face only\DFDC_FAKE_Face_only_data\dplgqdumdb.mp4,FAKE
D:\major project\dataset\face only\DFDC_REAL_Face_only_data\spyazeqqds.mp4,REAL
D:\major project\dataset\face only\DFDC_REAL_Face_only_data\plukixxapg.mp4,REAL
D:\major project\dataset\face only\DFDC_FAKE_Face_only_data\dvmmryecpe.mp4,FAKE
D:\major project\dataset\face only\DFDC_REAL_Face_only_data\nilxaonflk.mp4,REAL
D:\major project\dataset\face only\DFDC_FAKE_Face_only_data\ccaiyxmdut.mp4,FAKE
D:\major project\dataset\face only\DFDC_REAL_Face_only_data\ttgaikzvix.mp4,REAL
D:\major project\dataset\face only\DFDC_FAKE_Face_only_data\asiduvhsif.mp4,FAKE
D:\major project\dataset\face only\DFDC_REAL_Face_only_data\ejllqmhnyt.mp4,REAL
D:\major project\dataset\face only\DFDC_FAKE_Face_only_data\eixgvemqnk.mp4,FAKE
D:\major project\dataset\face only\DFDC_FAKE_Face_only_data\bttkvdunwu.mp4,FAKE
D:\major project\dataset\face only\DFDC_REAL_Face_only_data\zejwzdeabv.mp4,REAL
D:\major project\dataset\face only\DFDC_REAL_Face_only_data\fhioksfycd.mp4,REAL
D:\major project\dataset\face only\DFDC_FAKE_Face_only_data\bnthvgevmy.mp4,FAKE
D:\major project\dataset\face only\DFDC_FAKE_Face_only_data\dxexoyuqqf.mp4,FAKE
D:\major project\dataset\face only\DFDC_REAL_Face_only_data\vlxmqleltz.mp4,REAL
D:\major project\dataset\face only\DFDC_FAKE_Face_only_data\bptrqltmsx.mp4,FAKE
D:\major project\dataset\face only\DFDC_REAL_Face_only_data\xdkrcntpso.mp4,REAL
D:\major project\dataset\face only\DFDC_REAL_Face_only_data\crnbqgwbmt.mp4,REAL
D:\major project\dataset\face only\DFDC_REAL_Face_only_data\zwaxouvabs.mp4,REAL
D:\major project\dataset\face only\DFDC_REAL_Face_only_data\zzpbsapyyf.mp4,REAL
D:\major project\dataset\face only\DFDC_FAKE_Face_only_data\bsqnzpidrn.mp4,FAKE
D:\major project\dataset\face only\DFDC_REAL_Face_only_data\qvmadvtfzf.mp4,REAL
D:\major project\dataset\face only\DFDC_FAKE_Face_only_data\dmzupwmxjo.mp4,FAKE
D:\major project\dataset\face only\DFDC_FAKE_Face_only_data\bljlskjwsg.mp4,FAKE
D:\major project\dataset\face only\DFDC_REAL_Face_only_data\xgscdzbugy.mp4,REAL
D:\major project\dataset\face only\DFDC_FAKE_Face_only_data\cxngwglwnw.mp4,FAKE
D:\major project\dataset\face only\DFDC_REAL_Face_only_data\kpltzztlvj.mp4,REAL
D:\major project\dataset\face only\DFDC_REAL_Face_only_data\objlrnhyjq.mp4,REAL
D:\major project\dataset\face only\DFDC_FAKE_Face_only_data\eaakpmkvvp.mp4,FAKE
D:\major project\dataset\face only\DFDC_REAL_Face_only_data\ymwmhfiwmb.mp4,REAL
D:\major project\dataset\face only\DFDC_FAKE_Face_only_data\bxrlaehmdg.mp4,FAKE
D:\major project\dataset\face only\DFDC_REAL_Face_only_data\selrivfagu.mp4,REAL
D:\major project\dataset\face only\DFDC_REAL_Face_only_data\zwtmeatpkq.mp4,REAL
D:\major project\dataset\face only\DFDC_REAL_Face_only_data\ebxeniwdgc.mp4,REAL
D:\major project\dataset\face only\DFDC_FAKE_Face_only_data\ciminikxsj.mp4,FAKE
D:\major project\dataset\face only\DFDC_REAL_Face_only_data\nmmzvnlgek.mp4,REAL
D:\major project\dataset\face only\DFDC_REAL_Face_only_data\oovaksexmh.mp4,REAL
D:\major project\dataset\face only\DFDC_FAKE_Face_only_data\blplivuqcr.mp4,FAKE
D:\major project\dataset\face only\DFDC_FAKE_Face_only_data\bopzdqqfqi.mp4,FAKE
D:\major project\dataset\face only\DFDC_FAKE_Face_only_data\dywrvfnhme.mp4,FAKE
D:\major project\dataset\face only\DFDC_REAL_Face_only_data\wwsfqkfkep.mp4,REAL
D:\major project\dataset\face only\DFDC_REAL_Face_only_data\jtpjvsnwjc.mp4,REAL
D:\major project\dataset\face only\DFDC_FAKE_Face_only_data\aciykyosuy.mp4,FAKE
D:\major project\dataset\face only\DFDC_REAL_Face_only_data\ztdtnirdhh.mp4,REAL
D:\major project\dataset\face only\DFDC_REAL_Face_only_data\ikokogfuzz.mp4,REAL
D:\major project\dataset\face only\DFDC_FAKE_Face_only_data\dkeontafvh.mp4,FAKE
D:\major project\dataset\face only\DFDC_REAL_Face_only_data\yoqqryxlll.mp4,REAL
D:\major project\dataset\face only\DFDC_FAKE_Face_only_data\bavaszoflz.mp4,FAKE
D:\major project\dataset\face only\DFDC_REAL_Face_only_data\pllyywolvy.mp4,REAL
D:\major project\dataset\face only\DFDC_REAL_Face_only_data\fwiyjcfwta.mp4,REAL
D:\major project\dataset\face only\DFDC_REAL_Face_only_data\nlqyedaokg.mp4,REAL
D:\major project\dataset\face only\DFDC_REAL_Face_only_data\lcfikdgtrl.mp4,REAL
D:\major project\dataset\face only\DFDC_REAL_Face_only_data\owgnqjrscy.mp4,REAL
D:\major project\dataset\face only\DFDC_REAL_Face_only_data\xowmjjuavg.mp4,REAL
D:\major project\dataset\face only\DFDC_REAL_Face_only_data\przkpfwrmr.mp4,REAL
D:\major project\dataset\face only\DFDC_REAL_Face_only_data\ttgfcsyfcg.mp4,REAL
D:\major project\dataset\face only\DFDC_REAL_Face_only_data\mkcmhdexey.mp4,REAL
D:\major project\dataset\face only\DFDC_REAL_Face_only_data\wstgvdiflj.mp4,REAL
D:\major project\dataset\face only\DFDC_FAKE_Face_only_data\cnvkzbnefj.mp4,FAKE
D:\major project\dataset\face only\DFDC_REAL_Face_only_data\sxhwdvetbh.mp4,REAL
D:\major project\dataset\face only\DFDC_REAL_Face_only_data\egkaufznwj.mp4,REAL
D:\major project\dataset\face only\DFDC_FAKE_Face_only_data\bpgclzzckb.mp4,FAKE
D:\major project\dataset\face only\DFDC_FAKE_Face_only_data\copybkdfji.mp4,FAKE
D:\major project\dataset\face only\DFDC_REAL_Face_only_data\ywpbkpicbt.mp4,REAL
D:\major project\dataset\face only\DFDC_REAL_Face_only_data\lmgbrxnyjk.mp4,REAL
D:\major project\dataset\face only\DFDC_REAL_Face_only_data\matmepwiel.mp4,REAL
D:\major project\dataset\face only\DFDC_REAL_Face_only_data\dobyrqmayi.mp4,REAL
D:\major project\dataset\face only\DFDC_REAL_Face_only_data\ppmamjdpzw.mp4,REAL
D:\major project\dataset\face only\DFDC_FAKE_Face_only_data\bvfhvgdlnl.mp4,FAKE
D:\major project\dataset\face only\DFDC_REAL_Face_only_data\tpzecuwvyf.mp4,REAL
D:\major project\dataset\face only\DFDC_FAKE_Face_only_data\ajpwtcvoqm.mp4,FAKE
D:\major project\dataset\face only\DFDC_REAL_Face_only_data\titmflflrv.mp4,REAL
D:\major project\dataset\face only\DFDC_REAL_Face_only_data\lgvpvxzbje.mp4,REAL
D:\major project\dataset\face only\DFDC_REAL_Face_only_data\titvikgntw.mp4,REAL
D:\major project\dataset\face only\DFDC_REAL_Face_only_data\jmmrrmjjhc.mp4,REAL
D:\major project\dataset\face only\DFDC_REAL_Face_only_data\evtejfbbal.mp4,REAL
D:\major project\dataset\face only\DFDC_REAL_Face_only_data\bcorltkxuf.mp4,REAL
D:\major project\dataset\face only\DFDC_REAL_Face_only_data\fzjvdhvfhp.mp4,REAL
D:\major project\dataset\face only\DFDC_FAKE_Face_only_data\akmvjzulkz.mp4,FAKE
D:\major project\dataset\face only\DFDC_REAL_Face_only_data\ugehfvqgbq.mp4,REAL
D:\major project\dataset\face only\DFDC_REAL_Face_only_data\tcquctnaeu.mp4,REAL
D:\major project\dataset\face only\DFDC_REAL_Face_only_data\ovsraliubt.mp4,REAL
D:\major project\dataset\face only\DFDC_REAL_Face_only_data\bojeaxbyqw.mp4,REAL
D:\major project\dataset\face only\DFDC_FAKE_Face_only_data\dwwninqprc.mp4,FAKE
D:\major project\dataset\face only\DFDC_REAL_Face_only_data\dtvlwkzhwb.mp4,REAL
D:\major project\dataset\face only\DFDC_REAL_Face_only_data\mguicjhxmq.mp4,REAL
D:\major project\dataset\face only\DFDC_FAKE_Face_only_data\bwquverbcd.mp4,FAKE
D:\major project\dataset\face only\DFDC_FAKE_Face_only_data\bycktzkuax.mp4,FAKE
D:\major project\dataset\face only\DFDC_REAL_Face_only_data\zxiwxpuuce.mp4,REAL
D:\major project\dataset\face only\DFDC_REAL_Face_only_data\mbmiuwgixg.mp4,REAL
D:\major project\dataset\face only\DFDC_REAL_Face_only_data\xkokkanfcj.mp4,REAL
D:\major project\dataset\face only\DFDC_FAKE_Face_only_data\bfrwghgtrn.mp4,FAKE
D:\major project\dataset\face only\DFDC_FAKE_Face_only_data\azlwgfnjpi.mp4,FAKE
D:\major project\dataset\face only\DFDC_FAKE_Face_only_data\axntzvpfmh.mp4,FAKE
D:\major project\dataset\face only\DFDC_FAKE_Face_only_data\bgwmmwgmgk.mp4,FAKE
D:\major project\dataset\face only\DFDC_REAL_Face_only_data\pupojdyqlw.mp4,REAL
D:\major project\dataset\face only\DFDC_REAL_Face_only_data\lbaqljuzgt.mp4,REAL
D:\major project\dataset\face only\DFDC_REAL_Face_only_data\ldefkanmkf.mp4,REAL
D:\major project\dataset\face only\DFDC_REAL_Face_only_data\rdpumvchul.mp4,REAL
D:\major project\dataset\face only\DFDC_REAL_Face_only_data\hzhvexzokl.mp4,REAL
D:\major project\dataset\face only\DFDC_FAKE_Face_only_data\cgmyiexmbk.mp4,FAKE
D:\major project\dataset\face only\DFDC_REAL_Face_only_data\oildclpnpu.mp4,REAL
D:\major project\dataset\face only\DFDC_REAL_Face_only_data\biyldyzclj.mp4,REAL
D:\major project\dataset\face only\DFDC_REAL_Face_only_data\jxrejahpqa.mp4,REAL
D:\major project\dataset\face only\DFDC_REAL_Face_only_data\cbgerjhdzy.mp4,REAL
D:\major project\dataset\face only\DFDC_FAKE_Face_only_data\cintoxpsgf.mp4,FAKE
D:\major project\dataset\face only\DFDC_FAKE_Face_only_data\dowybibeqv.mp4,FAKE
D:\major project\dataset\face only\DFDC_REAL_Face_only_data\fsoanljfmx.mp4,REAL
D:\major project\dataset\face only\DFDC_FAKE_Face_only_data\ecemscsrgg.mp4,FAKE
D:\major project\dataset\face only\DFDC_REAL_Face_only_data\zquignrzhj.mp4,REAL
D:\major project\dataset\face only\DFDC_REAL_Face_only_data\cqvrufiicc.mp4,REAL
D:\major project\dataset\face only\DFDC_FAKE_Face_only_data\bykuvjnkuf.mp4,FAKE
D:\major project\dataset\face only\DFDC_FAKE_Face_only_data\dgzrkiuhre.mp4,FAKE
D:\major project\dataset\face only\DFDC_REAL_Face_only_data\yoosbxmtow.mp4,REAL
D:\major project\dataset\face only\DFDC_FAKE_Face_only_data\doiwcojvgj.mp4,FAKE
D:\major project\dataset\face only\DFDC_REAL_Face_only_data\domsajovzs.mp4,REAL
D:\major project\dataset\face only\DFDC_FAKE_Face_only_data\aldiaifkrb.mp4,FAKE
D:\major project\dataset\face only\DFDC_REAL_Face_only_data\qskstyrigj.mp4,REAL
D:\major project\dataset\face only\DFDC_FAKE_Face_only_data\daityhferh.mp4,FAKE
D:\major project\dataset\face only\DFDC_FAKE_Face_only_data\cfwkrubysq.mp4,FAKE
D:\major project\dataset\face only\DFDC_FAKE_Face_only_data\ctgradkbzn.mp4,FAKE
D:\major project\dataset\face only\DFDC_REAL_Face_only_data\hkplvhwibp.mp4,REAL
D:\major project\dataset\face only\DFDC_REAL_Face_only_data\wuhxicjmkj.mp4,REAL
D:\major project\dataset\face only\DFDC_REAL_Face_only_data\dkjxtelpyg.mp4,REAL
D:\major project\dataset\face only\DFDC_FAKE_Face_only_data\apgxbcqpko.mp4,FAKE
D:\major project\dataset\face only\DFDC_REAL_Face_only_data\anndvqgoko.mp4,REAL
D:\major project\dataset\face only\DFDC_REAL_Face_only_data\tsvbsrtcom.mp4,REAL
D:\major project\dataset\face only\DFDC_FAKE_Face_only_data\crvjayqqcl.mp4,FAKE
D:\major project\dataset\face only\DFDC_REAL_Face_only_data\chohzofpsz.mp4,REAL
D:\major project\dataset\face only\DFDC_REAL_Face_only_data\vpamslbafq.mp4,REAL
D:\major project\dataset\face only\DFDC_REAL_Face_only_data\dekubmzctv.mp4,REAL
D:\major project\dataset\face only\DFDC_REAL_Face_only_data\iqqckuassu.mp4,REAL
D:\major project\dataset\face only\DFDC_REAL_Face_only_data\nkqahghhxx.mp4,REAL
D:\major project\dataset\face only\DFDC_REAL_Face_only_data\ryggmbhrmc.mp4,REAL
D:\major project\dataset\face only\DFDC_FAKE_Face_only_data\ckmjeilxpy.mp4,FAKE
D:\major project\dataset\face only\DFDC_REAL_Face_only_data\vrygfsxghl.mp4,REAL
D:\major project\dataset\face only\DFDC_FAKE_Face_only_data\cjazrigwbq.mp4,FAKE
D:\major project\dataset\face only\DFDC_FAKE_Face_only_data\cczisiwrmd.mp4,FAKE
D:\major project\dataset\face only\DFDC_REAL_Face_only_data\ciarewcddo.mp4,REAL
D:\major project\dataset\face only\DFDC_REAL_Face_only_data\usxwvvhtih.mp4,REAL
D:\major project\dataset\face only\DFDC_FAKE_Face_only_data\ckkcbibrkd.mp4,FAKE
D:\major project\dataset\face only\DFDC_REAL_Face_only_data\tjbqbxpelz.mp4,REAL
D:\major project\dataset\face only\DFDC_FAKE_Face_only_data\bxnheaevzx.mp4,FAKE
D:\major project\dataset\face only\DFDC_REAL_Face_only_data\udfmguouqh.mp4,REAL
D:\major project\dataset\face only\DFDC_REAL_Face_only_data\nioqtolubb.mp4,REAL
D:\major project\dataset\face only\DFDC_REAL_Face_only_data\qvbhffochl.mp4,REAL
D:\major project\dataset\face only\DFDC_REAL_Face_only_data\uyrhbkmzat.mp4,REAL
D:\major project\dataset\face only\DFDC_REAL_Face_only_data\wrgflmpxpi.mp4,REAL
D:\major project\dataset\face only\DFDC_REAL_Face_only_data\sbmlekhkao.mp4,REAL
D:\major project\dataset\face only\DFDC_FAKE_Face_only_data\cpsttjlkme.mp4,FAKE
D:\major project\dataset\face only\DFDC_REAL_Face_only_data\jbaqarlltp.mp4,REAL
D:\major project\dataset\face only\DFDC_REAL_Face_only_data\mjtgoedhei.mp4,REAL
D:\major project\dataset\face only\DFDC_REAL_Face_only_data\pvlqsnxkpb.mp4,REAL
D:\major project\dataset\face only\DFDC_REAL_Face_only_data\qeopftwnwe.mp4,REAL
D:\major project\dataset\face only\DFDC_REAL_Face_only_data\pzvqmdizij.mp4,REAL
D:\major project\dataset\face only\DFDC_REAL_Face_only_data\zdhmhvkvqf.mp4,REAL
D:\major project\dataset\face only\DFDC_FAKE_Face_only_data\bsnxoayogp.mp4,FAKE
D:\major project\dataset\face only\DFDC_REAL_Face_only_data\aqshzvyucn.mp4,REAL
D:\major project\dataset\face only\DFDC_FAKE_Face_only_data\dkjbpakqzz.mp4,FAKE
D:\major project\dataset\face only\DFDC_REAL_Face_only_data\wetemidcey.mp4,REAL
D:\major project\dataset\face only\DFDC_REAL_Face_only_data\jrabtkjqwn.mp4,REAL
D:\major project\dataset\face only\DFDC_REAL_Face_only_data\hrifyziwgp.mp4,REAL
D:\major project\dataset\face only\DFDC_REAL_Face_only_data\hagwpqirru.mp4,REAL
D:\major project\dataset\face only\DFDC_REAL_Face_only_data\jtjeyowlxq.mp4,REAL
D:\major project\dataset\face only\DFDC_REAL_Face_only_data\obifapcvef.mp4,REAL
D:\major project\dataset\face only\DFDC_REAL_Face_only_data\nwjazksytp.mp4,REAL
D:\major project\dataset\face only\DFDC_REAL_Face_only_data\ocozccwdhg.mp4,REAL
D:\major project\dataset\face only\DFDC_REAL_Face_only_data\zupatqsmhr.mp4,REAL
D:\major project\dataset\face only\DFDC_REAL_Face_only_data\fvojjtkkdy.mp4,REAL
D:\major project\dataset\face only\DFDC_FAKE_Face_only_data\bomcfegdpt.mp4,FAKE
D:\major project\dataset\face only\DFDC_REAL_Face_only_data\pocznsxxuy.mp4,REAL
D:\major project\dataset\face only\DFDC_REAL_Face_only_data\hfkllixxkr.mp4,REAL
D:\major project\dataset\face only\DFDC_FAKE_Face_only_data\cvxnllaicc.mp4,FAKE
D:\major project\dataset\face only\DFDC_FAKE_Face_only_data\dahznkybpw.mp4,FAKE
D:\major project\dataset\face only\DFDC_FAKE_Face_only_data\dfufvvtqov.mp4,FAKE
D:\major project\dataset\face only\DFDC_REAL_Face_only_data\xjaamriopq.mp4,REAL
D:\major project\dataset\face only\DFDC_FAKE_Face_only_data\bnmkwtjris.mp4,FAKE
D:\major project\dataset\face only\DFDC_FAKE_Face_only_data\csvhhhydcr.mp4,FAKE
D:\major project\dataset\face only\DFDC_REAL_Face_only_data\hbbnbemsln.mp4,REAL
D:\major project\dataset\face only\DFDC_REAL_Face_only_data\apeftlgrqg.mp4,REAL
D:\major project\dataset\face only\DFDC_REAL_Face_only_data\hvwgiotrdg.mp4,REAL
D:\major project\dataset\face only\DFDC_REAL_Face_only_data\vqktsvqfdj.mp4,REAL
D:\major project\dataset\face only\DFDC_REAL_Face_only_data\bwavwszqqa.mp4,REAL
D:\major project\dataset\face only\DFDC_REAL_Face_only_data\yvqbiivsrs.mp4,REAL
D:\major project\dataset\face only\DFDC_REAL_Face_only_data\roykwzcnwf.mp4,REAL
D:\major project\dataset\face only\DFDC_FAKE_Face_only_data\dycmubnkqs.mp4,FAKE
D:\major project\dataset\face only\DFDC_REAL_Face_only_data\jjamkukusv.mp4,REAL
D:\major project\dataset\face only\DFDC_REAL_Face_only_data\rgwenetndf.mp4,REAL
D:\major project\dataset\face only\DFDC_REAL_Face_only_data\mlqtepcdhs.mp4,REAL
D:\major project\dataset\face only\DFDC_REAL_Face_only_data\creyvvrxcf.mp4,REAL
D:\major project\dataset\face only\DFDC_REAL_Face_only_data\dtfqodmape.mp4,REAL
D:\major project\dataset\face only\DFDC_FAKE_Face_only_data\anunyoghdg.mp4,FAKE
D:\major project\dataset\face only\DFDC_REAL_Face_only_data\odioowlayj.mp4,REAL
D:\major project\dataset\face only\DFDC_REAL_Face_only_data\iovykwzdjv.mp4,REAL
D:\major project\dataset\face only\DFDC_REAL_Face_only_data\wuoxykvoee.mp4,REAL
D:\major project\dataset\face only\DFDC_REAL_Face_only_data\xncqpmoabm.mp4,REAL
D:\major project\dataset\face only\DFDC_FAKE_Face_only_data\ahbjzjoucp.mp4,FAKE
D:\major project\dataset\face only\DFDC_REAL_Face_only_data\qlccwtarer.mp4,REAL
D:\major project\dataset\face only\DFDC_REAL_Face_only_data\jcvihxcuyc.mp4,REAL
D:\major project\dataset\face only\DFDC_REAL_Face_only_data\koiifpthwj.mp4,REAL
D:\major project\dataset\face only\DFDC_FAKE_Face_only_data\ddxydequdc.mp4,FAKE
D:\major project\dataset\face only\DFDC_REAL_Face_only_data\leospsirmn.mp4,REAL
D:\major project\dataset\face only\DFDC_REAL_Face_only_data\nauoqhhash.mp4,REAL
D:\major project\dataset\face only\DFDC_REAL_Face_only_data\ekvvevzkyu.mp4,REAL
D:\major project\dataset\face only\DFDC_REAL_Face_only_data\gyluavwkij.mp4,REAL
D:\major project\dataset\face only\DFDC_FAKE_Face_only_data\azqmircfhx.mp4,FAKE
D:\major project\dataset\face only\DFDC_REAL_Face_only_data\tnxvpbqxza.mp4,REAL
D:\major project\dataset\face only\DFDC_REAL_Face_only_data\coznguzsuq.mp4,REAL
D:\major project\dataset\face only\DFDC_REAL_Face_only_data\tinyzmufap.mp4,REAL
D:\major project\dataset\face only\DFDC_REAL_Face_only_data\hiadoidirz.mp4,REAL
D:\major project\dataset\face only\DFDC_REAL_Face_only_data\cftfpsgzil.mp4,REAL
D:\major project\dataset\face only\DFDC_REAL_Face_only_data\qyxlicusfv.mp4,REAL
D:\major project\dataset\face only\DFDC_FAKE_Face_only_data\doydmpebcj.mp4,FAKE
D:\major project\dataset\face only\DFDC_FAKE_Face_only_data\cnwryfbhjs.mp4,FAKE
D:\major project\dataset\face only\DFDC_FAKE_Face_only_data\aqgbewikxk.mp4,FAKE
D:\major project\dataset\face only\DFDC_FAKE_Face_only_data\dxrtunuxjb.mp4,FAKE
D:\major project\dataset\face only\DFDC_REAL_Face_only_data\kucosddfoi.mp4,REAL
D:\major project\dataset\face only\DFDC_REAL_Face_only_data\qhwndxvxrl.mp4,REAL
D:\major project\dataset\face only\DFDC_FAKE_Face_only_data\achakioceb.mp4,FAKE
D:\major project\dataset\face only\DFDC_REAL_Face_only_data\bqfbhkinte.mp4,REAL
D:\major project\dataset\face only\DFDC_FAKE_Face_only_data\aorwnetwso.mp4,FAKE
D:\major project\dataset\face only\DFDC_REAL_Face_only_data\ibdeoiczoh.mp4,REAL
D:\major project\dataset\face only\DFDC_REAL_Face_only_data\detsnvjgrp.mp4,REAL
D:\major project\dataset\face only\DFDC_REAL_Face_only_data\ybrgaiveux.mp4,REAL
D:\major project\dataset\face only\DFDC_FAKE_Face_only_data\adnnnmoqek.mp4,FAKE
D:\major project\dataset\face only\DFDC_REAL_Face_only_data\jpxmbjtlsq.mp4,REAL
D:\major project\dataset\face only\DFDC_FAKE_Face_only_data\crbieeifzf.mp4,FAKE
D:\major project\dataset\face only\DFDC_FAKE_Face_only_data\akcogqlmdd.mp4,FAKE
D:\major project\dataset\face only\DFDC_REAL_Face_only_data\mxxwxzeqib.mp4,REAL
D:\major project\dataset\face only\DFDC_REAL_Face_only_data\vxoaanowge.mp4,REAL
D:\major project\dataset\face only\DFDC_REAL_Face_only_data\cpvwreivtv.mp4,REAL
D:\major project\dataset\face only\DFDC_REAL_Face_only_data\xuldmmzgci.mp4,REAL
D:\major project\dataset\face only\DFDC_REAL_Face_only_data\jdnwqgdcgd.mp4,REAL
D:\major project\dataset\face only\DFDC_REAL_Face_only_data\nfozzfizpn.mp4,REAL
D:\major project\dataset\face only\DFDC_REAL_Face_only_data\ncdzufmnhc.mp4,REAL
D:\major project\dataset\face only\DFDC_REAL_Face_only_data\cavwtpmmbr.mp4,REAL
D:\major project\dataset\face only\DFDC_REAL_Face_only_data\whbxafllos.mp4,REAL
D:\major project\dataset\face only\DFDC_REAL_Face_only_data\wimbntkoha.mp4,REAL
D:\major project\dataset\face only\DFDC_FAKE_Face_only_data\cjdiezyedv.mp4,FAKE
D:\major project\dataset\face only\DFDC_FAKE_Face_only_data\anmzsfpcog.mp4,FAKE
D:\major project\dataset\face only\DFDC_REAL_Face_only_data\njrcaurral.mp4,REAL
D:\major project\dataset\face only\DFDC_REAL_Face_only_data\lcqqawbmnn.mp4,REAL
D:\major project\dataset\face only\DFDC_REAL_Face_only_data\locbjirkex.mp4,REAL
D:\major project\dataset\face only\DFDC_REAL_Face_only_data\vasbxjbiyl.mp4,REAL
D:\major project\dataset\face only\DFDC_REAL_Face_only_data\prwsdpvgvk.mp4,REAL
D:\major project\dataset\face only\DFDC_REAL_Face_only_data\kdcshrgdcw.mp4,REAL
D:\major project\dataset\face only\DFDC_FAKE_Face_only_data\ecjozlfeec.mp4,FAKE
D:\major project\dataset\face only\DFDC_REAL_Face_only_data\gwuvxanihp.mp4,REAL
D:\major project\dataset\face only\DFDC_REAL_Face_only_data\kpxymrpgxe.mp4,REAL
D:\major project\dataset\face only\DFDC_REAL_Face_only_data\djmyetudka.mp4,REAL
D:\major project\dataset\face only\DFDC_REAL_Face_only_data\gopykvbaxq.mp4,REAL
D:\major project\dataset\face only\DFDC_REAL_Face_only_data\rxfmyrgkti.mp4,REAL
D:\major project\dataset\face only\DFDC_REAL_Face_only_data\rstlwzctdt.mp4,REAL
D:\major project\dataset\face only\DFDC_REAL_Face_only_data\xebhvbcoxc.mp4,REAL
D:\major project\dataset\face only\DFDC_REAL_Face_only_data\elyogghqnr.mp4,REAL
D:\major project\dataset\face only\DFDC_FAKE_Face_only_data\alcymltoqb.mp4,FAKE
D:\major project\dataset\face only\DFDC_REAL_Face_only_data\xdyuwpzbyz.mp4,REAL
D:\major project\dataset\face only\DFDC_REAL_Face_only_data\vtgzzhtqjl.mp4,REAL
D:\major project\dataset\face only\DFDC_FAKE_Face_only_data\dlshgknsmq.mp4,FAKE
D:\major project\dataset\face only\DFDC_REAL_Face_only_data\utjlovulfq.mp4,REAL
D:\major project\dataset\face only\DFDC_FAKE_Face_only_data\bkbnfigppd.mp4,FAKE
D:\major project\dataset\face only\DFDC_REAL_Face_only_data\jsowtzdepc.mp4,REAL
D:\major project\dataset\face only\DFDC_REAL_Face_only_data\yiluzssiis.mp4,REAL
D:\major project\dataset\face only\DFDC_REAL_Face_only_data\paikwrklxc.mp4,REAL
D:\major project\dataset\face only\DFDC_REAL_Face_only_data\gdhtrbgmql.mp4,REAL
D:\major project\dataset\face only\DFDC_REAL_Face_only_data\rjgvucvdrq.mp4,REAL
D:\major project\dataset\face only\DFDC_REAL_Face_only_data\mbxblocpyw.mp4,REAL
D:\major project\dataset\face only\DFDC_REAL_Face_only_data\isebnqykad.mp4,REAL
D:\major project\dataset\face only\DFDC_REAL_Face_only_data\vbyjwspnie.mp4,REAL
D:\major project\dataset\face only\DFDC_REAL_Face_only_data\suleggscox.mp4,REAL
D:\major project\dataset\face only\Celeb_real_face_only\id0_0000.mp4,REAL
D:\major project\dataset\face only\Celeb_real_face_only\id0_0001.mp4,REAL
D:\major project\dataset\face only\Celeb_real_face_only\id0_0002.mp4,REAL
D:\major project\dataset\face only\Celeb_real_face_only\id0_0003.mp4,REAL
D:\major project\dataset\face only\Celeb_real_face_only\id0_0004.mp4,REAL
D:\major project\dataset\face only\Celeb_real_face_only\id0_0005.mp4,REAL
D:\major project\dataset\face only\Celeb_real_face_only\id0_0006.mp4,REAL
D:\major project\dataset\face only\Celeb_real_face_only\id0_0007.mp4,REAL
D:\major project\dataset\face only\Celeb_real_face_only\id0_0008.mp4,REAL
D:\major project\dataset\face only\Celeb_real_face_only\id0_0009.mp4,REAL
D:\major project\dataset\face only\Celeb_fake_face_only\id0_id1_0005.mp4,FAKE
D:\major project\dataset\face only\Celeb_fake_face_only\id0_id16_0000.mp4,FAKE
D:\major project\dataset\face only\Celeb_fake_face_only\id0_id16_0001.mp4,FAKE
D:\major project\dataset\face only\Celeb_fake_face_only\id0_id16_0008.mp4,FAKE
D:\major project\dataset\face only\Celeb_fake_face_only\id0_id17_0001.mp4,FAKE
D:\major project\dataset\face only\Celeb_fake_face_only\id0_id2_0005.mp4,FAKE
D:\major project\dataset\face only\Celeb_fake_face_only\id0_id20_0006.mp4,FAKE
D:\major project\dataset\face only\Celeb_fake_face_only\id0_id28_0002.mp4,FAKE
D:\major project\dataset\face only\Celeb_fake_face_only\id0_id4_0006.mp4,FAKE
D:\major project\dataset\face only\Celeb_fake_face_only\id0_id9_0002.mp4,FAKE
D:\major project\dataset\face only\Celeb_real_face_only\id1_0000.mp4,REAL
D:\major project\dataset\face only\Celeb_real_face_only\id1_0001.mp4,REAL
D:\major project\dataset\face only\Celeb_real_face_only\id1_0002.mp4,REAL
D:\major project\dataset\face only\Celeb_real_face_only\id1_0003.mp4,REAL
D:\major project\dataset\face only\Celeb_real_face_only\id1_0004.mp4,REAL
D:\major project\dataset\face only\Celeb_real_face_only\id1_0005.mp4,REAL
D:\major project\dataset\face only\Celeb_real_face_only\id1_0006.mp4,REAL
D:\major project\dataset\face only\Celeb_real_face_only\id1_0007.mp4,REAL
D:\major project\dataset\face only\Celeb_real_face_only\id1_0008.mp4,REAL
D:\major project\dataset\face only\Celeb_real_face_only\id1_0009.mp4,REAL
D:\major project\dataset\face only\Celeb_fake_face_only\id1_id16_0003.mp4,FAKE
D:\major project\dataset\face only\Celeb_fake_face_only\id1_id17_0002.mp4,FAKE
D:\major project\dataset\face only\Celeb_fake_face_only\id1_id2_0001.mp4,FAKE
D:\major project\dataset\face only\Celeb_fake_face_only\id1_id20_0004.mp4,FAKE
D:\major project\dataset\face only\Celeb_fake_face_only\id1_id20_0009.mp4,FAKE
D:\major project\dataset\face only\Celeb_fake_face_only\id1_id26_0005.mp4,FAKE
D:\major project\dataset\face only\Celeb_fake_face_only\id1_id28_0007.mp4,FAKE
D:\major project\dataset\face only\Celeb_fake_face_only\id1_id30_0005.mp4,FAKE
D:\major project\dataset\face only\Celeb_fake_face_only\id1_id37_0002.mp4,FAKE
D:\major project\dataset\face only\Celeb_fake_face_only\id1_id9_0007.mp4,FAKE
D:\major project\dataset\face only\Celeb_real_face_only\id10_0000.mp4,REAL
D:\major project\dataset\face only\Celeb_real_face_only\id10_0002.mp4,REAL
D:\major project\dataset\face only\Celeb_real_face_only\id10_0003.mp4,REAL
D:\major project\dataset\face only\Celeb_real_face_only\id10_0004.mp4,REAL
D:\major project\dataset\face only\Celeb_real_face_only\id10_0005.mp4,REAL
D:\major project\dataset\face only\Celeb_real_face_only\id10_0006.mp4,REAL
D:\major project\dataset\face only\Celeb_real_face_only\id10_0007.mp4,REAL
D:\major project\dataset\face only\Celeb_real_face_only\id10_0008.mp4,REAL
D:\major project\dataset\face only\Celeb_real_face_only\id10_0009.mp4,REAL
D:\major project\dataset\face only\Celeb_fake_face_only\id10_id11_0004.mp4,FAKE
D:\major project\dataset\face only\Celeb_fake_face_only\id10_id11_0005.mp4,FAKE
D:\major project\dataset\face only\Celeb_fake_face_only\id10_id11_0006.mp4,FAKE
D:\major project\dataset\face only\Celeb_fake_face_only\id10_id11_0007.mp4,FAKE
D:\major project\dataset\face only\Celeb_fake_face_only\id10_id12_0002.mp4,FAKE
D:\major project\dataset\face only\Celeb_fake_face_only\id10_id12_0005.mp4,FAKE
D:\major project\dataset\face only\Celeb_fake_face_only\id10_id12_0006.mp4,FAKE
D:\major project\dataset\face only\Celeb_fake_face_only\id10_id13_0002.mp4,FAKE
D:\major project\dataset\face only\Celeb_fake_face_only\id10_id13_0008.mp4,FAKE
D:\major project\dataset\face only\Celeb_fake_face_only\id10_id7_0004.mp4,FAKE
D:\major project\dataset\face only\Celeb_real_face_only\id11_0000.mp4,REAL
D:\major project\dataset\face only\Celeb_real_face_only\id11_0001.mp4,REAL
D:\major project\dataset\face only\Celeb_real_face_only\id11_0002.mp4,REAL
D:\major project\dataset\face only\Celeb_real_face_only\id11_0003.mp4,REAL
D:\major project\dataset\face only\Celeb_real_face_only\id11_0004.mp4,REAL
D:\major project\dataset\face only\Celeb_real_face_only\id11_0005.mp4,REAL
D:\major project\dataset\face only\Celeb_real_face_only\id11_0006.mp4,REAL
D:\major project\dataset\face only\Celeb_real_face_only\id11_0007.mp4,REAL
D:\major project\dataset\face only\Celeb_real_face_only\id11_0008.mp4,REAL
D:\major project\dataset\face only\Celeb_real_face_only\id11_0009.mp4,REAL
D:\major project\dataset\face only\Celeb_real_face_only\id11_0010.mp4,REAL
D:\major project\dataset\face only\Celeb_fake_face_only\id11_id7_0001.mp4,FAKE
D:\major project\dataset\face only\Celeb_fake_face_only\id11_id7_0002.mp4,FAKE
D:\major project\dataset\face only\Celeb_fake_face_only\id11_id7_0003.mp4,FAKE
D:\major project\dataset\face only\Celeb_fake_face_only\id11_id7_0004.mp4,FAKE
D:\major project\dataset\face only\Celeb_fake_face_only\id11_id7_0005.mp4,FAKE
D:\major project\dataset\face only\Celeb_fake_face_only\id11_id7_0006.mp4,FAKE
D:\major project\dataset\face only\Celeb_fake_face_only\id11_id7_0007.mp4,FAKE
D:\major project\dataset\face only\Celeb_fake_face_only\id11_id7_0008.mp4,FAKE
D:\major project\dataset\face only\Celeb_fake_face_only\id11_id7_0009.mp4,FAKE
D:\major project\dataset\face only\Celeb_fake_face_only\id11_id7_0010.mp4,FAKE
D:\major project\dataset\face only\Celeb_real_face_only\id12_0000.mp4,REAL
D:\major project\dataset\face only\Celeb_real_face_only\id12_0001.mp4,REAL
D:\major project\dataset\face only\Celeb_real_face_only\id12_0002.mp4,REAL
D:\major project\dataset\face only\Celeb_real_face_only\id12_0003.mp4,REAL
D:\major project\dataset\face only\Celeb_real_face_only\id12_0004.mp4,REAL
D:\major project\dataset\face only\Celeb_real_face_only\id12_0005.mp4,REAL
D:\major project\dataset\face only\Celeb_real_face_only\id12_0006.mp4,REAL
D:\major project\dataset\face only\Celeb_fake_face_only\id12_id10_0001.mp4,FAKE
D:\major project\dataset\face only\Celeb_fake_face_only\id12_id10_0004.mp4,FAKE
D:\major project\dataset\face only\Celeb_fake_face_only\id12_id10_0005.mp4,FAKE
D:\major project\dataset\face only\Celeb_fake_face_only\id12_id10_0006.mp4,FAKE
D:\major project\dataset\face only\Celeb_fake_face_only\id12_id7_0000.mp4,FAKE
D:\major project\dataset\face only\Celeb_fake_face_only\id12_id7_0001.mp4,FAKE
D:\major project\dataset\face only\Celeb_fake_face_only\id12_id7_0002.mp4,FAKE
D:\major project\dataset\face only\Celeb_fake_face_only\id12_id7_0004.mp4,FAKE
D:\major project\dataset\face only\Celeb_fake_face_only\id12_id7_0005.mp4,FAKE
D:\major project\dataset\face only\Celeb_fake_face_only\id12_id7_0006.mp4,FAKE
D:\major project\dataset\face only\Celeb_real_face_only\id13_0000.mp4,REAL
D:\major project\dataset\face only\Celeb_real_face_only\id13_0001.mp4,REAL
D:\major project\dataset\face only\Celeb_real_face_only\id13_0002.mp4,REAL
D:\major project\dataset\face only\Celeb_real_face_only\id13_0003.mp4,REAL
D:\major project\dataset\face only\Celeb_real_face_only\id13_0004.mp4,REAL
D:\major project\dataset\face only\Celeb_real_face_only\id13_0005.mp4,REAL
D:\major project\dataset\face only\Celeb_real_face_only\id13_0006.mp4,REAL
D:\major project\dataset\face only\Celeb_real_face_only\id13_0007.mp4,REAL
D:\major project\dataset\face only\Celeb_real_face_only\id13_0008.mp4,REAL
D:\major project\dataset\face only\Celeb_real_face_only\id13_0009.mp4,REAL
D:\major project\dataset\face only\Celeb_real_face_only\id13_0010.mp4,REAL
D:\major project\dataset\face only\Celeb_real_face_only\id13_0011.mp4,REAL
D:\major project\dataset\face only\Celeb_real_face_only\id13_0012.mp4,REAL
D:\major project\dataset\face only\Celeb_real_face_only\id13_0013.mp4,REAL
D:\major project\dataset\face only\Celeb_real_face_only\id13_0014.mp4,REAL
D:\major project\dataset\face only\Celeb_real_face_only\id13_0015.mp4,REAL
D:\major project\dataset\face only\Celeb_fake_face_only\id13_id10_0000.mp4,FAKE
D:\major project\dataset\face only\Celeb_fake_face_only\id13_id10_0004.mp4,FAKE
D:\major project\dataset\face only\Celeb_fake_face_only\id13_id10_0007.mp4,FAKE
D:\major project\dataset\face only\Celeb_fake_face_only\id13_id10_0011.mp4,FAKE
D:\major project\dataset\face only\Celeb_fake_face_only\id13_id10_0012.mp4,FAKE
D:\major project\dataset\face only\Celeb_fake_face_only\id13_id10_0014.mp4,FAKE
D:\major project\dataset\face only\Celeb_fake_face_only\id13_id7_0001.mp4,FAKE
D:\major project\dataset\face only\Celeb_fake_face_only\id13_id7_0002.mp4,FAKE
D:\major project\dataset\face only\Celeb_fake_face_only\id13_id7_0004.mp4,FAKE
D:\major project\dataset\face only\Celeb_fake_face_only\id13_id7_0011.mp4,FAKE
D:\major project\dataset\face only\Celeb_real_face_only\id16_0000.mp4,REAL
D:\major project\dataset\face only\Celeb_real_face_only\id16_0001.mp4,REAL
D:\major project\dataset\face only\Celeb_real_face_only\id16_0002.mp4,REAL
D:\major project\dataset\face only\Celeb_real_face_only\id16_0003.mp4,REAL
D:\major project\dataset\face only\Celeb_real_face_only\id16_0004.mp4,REAL
D:\major project\dataset\face only\Celeb_real_face_only\id16_0005.mp4,REAL
D:\major project\dataset\face only\Celeb_real_face_only\id16_0006.mp4,REAL
D:\major project\dataset\face only\Celeb_real_face_only\id16_0007.mp4,REAL
D:\major project\dataset\face only\Celeb_real_face_only\id16_0008.mp4,REAL
D:\major project\dataset\face only\Celeb_real_face_only\id16_0009.mp4,REAL
D:\major project\dataset\face only\Celeb_real_face_only\id16_0010.mp4,REAL
D:\major project\dataset\face only\Celeb_real_face_only\id16_0011.mp4,REAL
D:\major project\dataset\face only\Celeb_real_face_only\id16_0012.mp4,REAL
D:\major project\dataset\face only\Celeb_real_face_only\id16_0013.mp4,REAL
D:\major project\dataset\face only\Celeb_fake_face_only\id16_id1_0013.mp4,FAKE
D:\major project\dataset\face only\Celeb_fake_face_only\id16_id17_0004.mp4,FAKE
D:\major project\dataset\face only\Celeb_fake_face_only\id16_id20_0011.mp4,FAKE
D:\major project\dataset\face only\Celeb_fake_face_only\id16_id21_0002.mp4,FAKE
D:\major project\dataset\face only\Celeb_fake_face_only\id16_id28_0006.mp4,FAKE
D:\major project\dataset\face only\Celeb_fake_face_only\id16_id30_0001.mp4,FAKE
D:\major project\dataset\face only\Celeb_fake_face_only\id16_id31_0003.mp4,FAKE
D:\major project\dataset\face only\Celeb_fake_face_only\id16_id31_0010.mp4,FAKE
D:\major project\dataset\face only\Celeb_fake_face_only\id16_id35_0008.mp4,FAKE
D:\major project\dataset\face only\Celeb_fake_face_only\id16_id6_0001.mp4,FAKE
D:\major project\dataset\face only\Celeb_real_face_only\id17_0000.mp4,REAL
D:\major project\dataset\face only\Celeb_real_face_only\id17_0001.mp4,REAL
D:\major project\dataset\face only\Celeb_real_face_only\id17_0002.mp4,REAL
D:\major project\dataset\face only\Celeb_real_face_only\id17_0003.mp4,REAL
D:\major project\dataset\face only\Celeb_real_face_only\id17_0004.mp4,REAL
D:\major project\dataset\face only\Celeb_real_face_only\id17_0005.mp4,REAL
D:\major project\dataset\face only\Celeb_real_face_only\id17_0006.mp4,REAL
D:\major project\dataset\face only\Celeb_real_face_only\id17_0007.mp4,REAL
D:\major project\dataset\face only\Celeb_real_face_only\id17_0008.mp4,REAL
D:\major project\dataset\face only\Celeb_real_face_only\id17_0009.mp4,REAL
D:\major project\dataset\face only\Celeb_fake_face_only\id17_id0_0001.mp4,FAKE
D:\major project\dataset\face only\Celeb_fake_face_only\id17_id1_0002.mp4,FAKE
D:\major project\dataset\face only\Celeb_fake_face_only\id17_id16_0004.mp4,FAKE
D:\major project\dataset\face only\Celeb_fake_face_only\id17_id2_0004.mp4,FAKE
D:\major project\dataset\face only\Celeb_fake_face_only\id17_id23_0002.mp4,FAKE
D:\major project\dataset\face only\Celeb_fake_face_only\id17_id28_0000.mp4,FAKE
D:\major project\dataset\face only\Celeb_fake_face_only\id17_id3_0005.mp4,FAKE
D:\major project\dataset\face only\Celeb_fake_face_only\id17_id3_0006.mp4,FAKE
D:\major project\dataset\face only\Celeb_fake_face_only\id17_id37_0002.mp4,FAKE
D:\major project\dataset\face only\Celeb_fake_face_only\id17_id9_0009.mp4,FAKE
D:\major project\dataset\face only\Celeb_real_face_only\id19_0000.mp4,REAL
D:\major project\dataset\face only\Celeb_real_face_only\id19_0001.mp4,REAL
D:\major project\dataset\face only\Celeb_real_face_only\id19_0002.mp4,REAL
D:\major project\dataset\face only\Celeb_real_face_only\id19_0003.mp4,REAL
D:\major project\dataset\face only\Celeb_real_face_only\id19_0004.mp4,REAL
D:\major project\dataset\face only\Celeb_real_face_only\id19_0005.mp4,REAL
D:\major project\dataset\face only\Celeb_real_face_only\id19_0006.mp4,REAL
D:\major project\dataset\face only\Celeb_real_face_only\id19_0007.mp4,REAL
D:\major project\dataset\face only\Celeb_real_face_only\id19_0008.mp4,REAL
D:\major project\dataset\face only\Celeb_real_face_only\id19_0009.mp4,REAL
D:\major project\dataset\face only\Celeb_fake_face_only\id19_id20_0001.mp4,FAKE
D:\major project\dataset\face only\Celeb_fake_face_only\id19_id21_0007.mp4,FAKE
D:\major project\dataset\face only\Celeb_fake_face_only\id19_id22_0009.mp4,FAKE
D:\major project\dataset\face only\Celeb_fake_face_only\id19_id23_0005.mp4,FAKE
D:\major project\dataset\face only\Celeb_fake_face_only\id19_id23_0007.mp4,FAKE
D:\major project\dataset\face only\Celeb_fake_face_only\id19_id25_0004.mp4,FAKE
D:\major project\dataset\face only\Celeb_fake_face_only\id19_id25_0009.mp4,FAKE
D:\major project\dataset\face only\Celeb_fake_face_only\id19_id26_0001.mp4,FAKE
D:\major project\dataset\face only\Celeb_fake_face_only\id19_id26_0002.mp4,FAKE
D:\major project\dataset\face only\Celeb_fake_face_only\id19_id27_0006.mp4,FAKE
D:\major project\dataset\face only\Celeb_real_face_only\id2_0000.mp4,REAL
D:\major project\dataset\face only\Celeb_real_face_only\id2_0001.mp4,REAL
D:\major project\dataset\face only\Celeb_real_face_only\id2_0002.mp4,REAL
D:\major project\dataset\face only\Celeb_real_face_only\id2_0003.mp4,REAL
D:\major project\dataset\face only\Celeb_real_face_only\id2_0004.mp4,REAL
D:\major project\dataset\face only\Celeb_real_face_only\id2_0005.mp4,REAL
D:\major project\dataset\face only\Celeb_real_face_only\id2_0006.mp4,REAL
D:\major project\dataset\face only\Celeb_real_face_only\id2_0007.mp4,REAL
D:\major project\dataset\face only\Celeb_real_face_only\id2_0008.mp4,REAL
D:\major project\dataset\face only\Celeb_real_face_only\id2_0009.mp4,REAL
D:\major project\dataset\face only\Celeb_fake_face_only\id2_id1_0003.mp4,FAKE
D:\major project\dataset\face only\Celeb_fake_face_only\id2_id16_0008.mp4,FAKE
D:\major project\dataset\face only\Celeb_fake_face_only\id2_id17_0003.mp4,FAKE
D:\major project\dataset\face only\Celeb_fake_face_only\id2_id21_0007.mp4,FAKE
D:\major project\dataset\face only\Celeb_fake_face_only\id2_id23_0000.mp4,FAKE
D:\major project\dataset\face only\Celeb_fake_face_only\id2_id23_0006.mp4,FAKE
D:\major project\dataset\face only\Celeb_fake_face_only\id2_id35_0005.mp4,FAKE
D:\major project\dataset\face only\Celeb_fake_face_only\id2_id35_0009.mp4,FAKE
D:\major project\dataset\face only\Celeb_fake_face_only\id2_id37_0007.mp4,FAKE
D:\major project\dataset\face only\Celeb_fake_face_only\id2_id6_0002.mp4,FAKE
D:\major project\dataset\face only\Celeb_real_face_only\id20_0000.mp4,REAL
D:\major project\dataset\face only\Celeb_real_face_only\id20_0001.mp4,REAL
D:\major project\dataset\face only\Celeb_real_face_only\id20_0002.mp4,REAL
D:\major project\dataset\face only\Celeb_real_face_only\id20_0003.mp4,REAL
D:\major project\dataset\face only\Celeb_real_face_only\id20_0004.mp4,REAL
D:\major project\dataset\face only\Celeb_real_face_only\id20_0005.mp4,REAL
D:\major project\dataset\face only\Celeb_real_face_only\id20_0006.mp4,REAL
D:\major project\dataset\face only\Celeb_real_face_only\id20_0007.mp4,REAL
D:\major project\dataset\face only\Celeb_real_face_only\id20_0008.mp4,REAL
D:\major project\dataset\face only\Celeb_real_face_only\id20_0009.mp4,REAL
D:\major project\dataset\face only\Celeb_fake_face_only\id20_id19_0005.mp4,FAKE
D:\major project\dataset\face only\Celeb_fake_face_only\id20_id19_0006.mp4,FAKE
D:\major project\dataset\face only\Celeb_fake_face_only\id20_id23_0007.mp4,FAKE
D:\major project\dataset\face only\Celeb_fake_face_only\id20_id27_0008.mp4,FAKE
D:\major project\dataset\face only\Celeb_fake_face_only\id20_id27_0009.mp4,FAKE
D:\major project\dataset\face only\Celeb_fake_face_only\id20_id29_0003.mp4,FAKE
D:\major project\dataset\face only\Celeb_fake_face_only\id20_id29_0005.mp4,FAKE
D:\major project\dataset\face only\Celeb_fake_face_only\id20_id34_0003.mp4,FAKE
D:\major project\dataset\face only\Celeb_fake_face_only\id20_id35_0007.mp4,FAKE
D:\major project\dataset\face only\Celeb_fake_face_only\id20_id9_0005.mp4,FAKE
D:\major project\dataset\face only\Celeb_real_face_only\id21_0000.mp4,REAL
D:\major project\dataset\face only\Celeb_real_face_only\id21_0001.mp4,REAL
D:\major project\dataset\face only\Celeb_real_face_only\id21_0002.mp4,REAL
D:\major project\dataset\face only\Celeb_real_face_only\id21_0003.mp4,REAL
D:\major project\dataset\face only\Celeb_real_face_only\id21_0004.mp4,REAL
D:\major project\dataset\face only\Celeb_real_face_only\id21_0005.mp4,REAL
D:\major project\dataset\face only\Celeb_real_face_only\id21_0006.mp4,REAL
D:\major project\dataset\face only\Celeb_real_face_only\id21_0007.mp4,REAL
D:\major project\dataset\face only\Celeb_real_face_only\id21_0008.mp4,REAL
D:\major project\dataset\face only\Celeb_real_face_only\id21_0009.mp4,REAL
D:\major project\dataset\face only\Celeb_fake_face_only\id21_id1_0009.mp4,FAKE
D:\major project\dataset\face only\Celeb_fake_face_only\id21_id2_0009.mp4,FAKE
D:\major project\dataset\face only\Celeb_fake_face_only\id21_id20_0001.mp4,FAKE
D:\major project\dataset\face only\Celeb_fake_face_only\id21_id23_0001.mp4,FAKE
D:\major project\dataset\face only\Celeb_fake_face_only\id21_id24_0009.mp4,FAKE
D:\major project\dataset\face only\Celeb_fake_face_only\id21_id26_0009.mp4,FAKE
D:\major project\dataset\face only\Celeb_fake_face_only\id21_id29_0001.mp4,FAKE
D:\major project\dataset\face only\Celeb_fake_face_only\id21_id30_0008.mp4,FAKE
D:\major project\dataset\face only\Celeb_fake_face_only\id21_id31_0006.mp4,FAKE
D:\major project\dataset\face only\Celeb_fake_face_only\id21_id9_0005.mp4,FAKE
D:\major project\dataset\face only\Celeb_real_face_only\id22_0000.mp4,REAL
D:\major project\dataset\face only\Celeb_real_face_only\id22_0001.mp4,REAL
D:\major project\dataset\face only\Celeb_real_face_only\id22_0002.mp4,REAL
D:\major project\dataset\face only\Celeb_real_face_only\id22_0003.mp4,REAL
D:\major project\dataset\face only\Celeb_real_face_only\id22_0004.mp4,REAL
D:\major project\dataset\face only\Celeb_real_face_only\id22_0005.mp4,REAL
D:\major project\dataset\face only\Celeb_real_face_only\id22_0006.mp4,REAL
D:\major project\dataset\face only\Celeb_real_face_only\id22_0007.mp4,REAL
D:\major project\dataset\face only\Celeb_real_face_only\id22_0008.mp4,REAL
D:\major project\dataset\face only\Celeb_real_face_only\id22_0009.mp4,REAL
D:\major project\dataset\face only\Celeb_fake_face_only\id22_id19_0002.mp4,FAKE
D:\major project\dataset\face only\Celeb_fake_face_only\id22_id19_0005.mp4,FAKE
D:\major project\dataset\face only\Celeb_fake_face_only\id22_id20_0002.mp4,FAKE
D:\major project\dataset\face only\Celeb_fake_face_only\id22_id24_0002.mp4,FAKE
D:\major project\dataset\face only\Celeb_fake_face_only\id22_id24_0006.mp4,FAKE
D:\major project\dataset\face only\Celeb_fake_face_only\id22_id25_0006.mp4,FAKE
D:\major project\dataset\face only\Celeb_fake_face_only\id22_id26_0003.mp4,FAKE
D:\major project\dataset\face only\Celeb_fake_face_only\id22_id26_0004.mp4,FAKE
D:\major project\dataset\face only\Celeb_fake_face_only\id22_id28_0004.mp4,FAKE
D:\major project\dataset\face only\Celeb_fake_face_only\id22_id28_0005.mp4,FAKE
D:\major project\dataset\face only\Celeb_real_face_only\id23_0000.mp4,REAL
D:\major project\dataset\face only\Celeb_real_face_only\id23_0001.mp4,REAL
D:\major project\dataset\face only\Celeb_real_face_only\id23_0002.mp4,REAL
D:\major project\dataset\face only\Celeb_real_face_only\id23_0003.mp4,REAL
D:\major project\dataset\face only\Celeb_real_face_only\id23_0004.mp4,REAL
D:\major project\dataset\face only\Celeb_real_face_only\id23_0005.mp4,REAL
D:\major project\dataset\face only\Celeb_real_face_only\id23_0006.mp4,REAL
D:\major project\dataset\face only\Celeb_real_face_only\id23_0007.mp4,REAL
D:\major project\dataset\face only\Celeb_real_face_only\id23_0008.mp4,REAL
D:\major project\dataset\face only\Celeb_real_face_only\id23_0009.mp4,REAL
D:\major project\dataset\face only\Celeb_fake_face_only\id23_id16_0001.mp4,FAKE
D:\major project\dataset\face only\Celeb_fake_face_only\id23_id17_0004.mp4,FAKE
D:\major project\dataset\face only\Celeb_fake_face_only\id23_id22_0000.mp4,FAKE
D:\major project\dataset\face only\Celeb_fake_face_only\id23_id24_0006.mp4,FAKE
D:\major project\dataset\face only\Celeb_fake_face_only\id23_id26_0001.mp4,FAKE
D:\major project\dataset\face only\Celeb_fake_face_only\id23_id26_0009.mp4,FAKE
D:\major project\dataset\face only\Celeb_fake_face_only\id23_id27_0002.mp4,FAKE
D:\major project\dataset\face only\Celeb_fake_face_only\id23_id27_0003.mp4,FAKE
D:\major project\dataset\face only\Celeb_fake_face_only\id23_id31_0006.mp4,FAKE
D:\major project\dataset\face only\Celeb_fake_face_only\id23_id6_0001.mp4,FAKE
D:\major project\dataset\face only\Celeb_real_face_only\id24_0000.mp4,REAL
D:\major project\dataset\face only\Celeb_real_face_only\id24_0001.mp4,REAL
D:\major project\dataset\face only\Celeb_real_face_only\id24_0002.mp4,REAL
D:\major project\dataset\face only\Celeb_real_face_only\id24_0003.mp4,REAL
D:\major project\dataset\face only\Celeb_real_face_only\id24_0004.mp4,REAL
D:\major project\dataset\face only\Celeb_real_face_only\id24_0005.mp4,REAL
D:\major project\dataset\face only\Celeb_real_face_only\id24_0006.mp4,REAL
D:\major project\dataset\face only\Celeb_real_face_only\id24_0007.mp4,REAL
D:\major project\dataset\face only\Celeb_real_face_only\id24_0008.mp4,REAL
D:\major project\dataset\face only\Celeb_real_face_only\id24_0009.mp4,REAL
D:\major project\dataset\face only\Celeb_fake_face_only\id24_id20_0005.mp4,FAKE
D:\major project\dataset\face only\Celeb_fake_face_only\id24_id23_0006.mp4,FAKE
D:\major project\dataset\face only\Celeb_fake_face_only\id24_id23_0007.mp4,FAKE
D:\major project\dataset\face only\Celeb_fake_face_only\id24_id25_0005.mp4,FAKE
D:\major project\dataset\face only\Celeb_fake_face_only\id24_id25_0007.mp4,FAKE
D:\major project\dataset\face only\Celeb_fake_face_only\id24_id26_0003.mp4,FAKE
D:\major project\dataset\face only\Celeb_fake_face_only\id24_id26_0006.mp4,FAKE
D:\major project\dataset\face only\Celeb_fake_face_only\id24_id26_0007.mp4,FAKE
D:\major project\dataset\face only\Celeb_fake_face_only\id24_id27_0000.mp4,FAKE
D:\major project\dataset\face only\Celeb_fake_face_only\id24_id27_0009.mp4,FAKE
D:\major project\dataset\face only\Celeb_real_face_only\id25_0000.mp4,REAL
D:\major project\dataset\face only\Celeb_real_face_only\id25_0001.mp4,REAL
D:\major project\dataset\face only\Celeb_real_face_only\id25_0002.mp4,REAL
D:\major project\dataset\face only\Celeb_real_face_only\id25_0003.mp4,REAL
D:\major project\dataset\face only\Celeb_real_face_only\id25_0004.mp4,REAL
D:\major project\dataset\face only\Celeb_real_face_only\id25_0005.mp4,REAL
D:\major project\dataset\face only\Celeb_real_face_only\id25_0006.mp4,REAL
D:\major project\dataset\face only\Celeb_real_face_only\id25_0007.mp4,REAL
D:\major project\dataset\face only\Celeb_real_face_only\id25_0008.mp4,REAL
D:\major project\dataset\face only\Celeb_real_face_only\id25_0009.mp4,REAL
D:\major project\dataset\face only\Celeb_real_face_only\id25_0010.mp4,REAL
D:\major project\dataset\face only\Celeb_fake_face_only\id25_id19_0003.mp4,FAKE
D:\major project\dataset\face only\Celeb_fake_face_only\id25_id19_0008.mp4,FAKE
D:\major project\dataset\face only\Celeb_fake_face_only\id25_id20_0002.mp4,FAKE
D:\major project\dataset\face only\Celeb_fake_face_only\id25_id21_0007.mp4,FAKE
D:\major project\dataset\face only\Celeb_fake_face_only\id25_id23_0008.mp4,FAKE
D:\major project\dataset\face only\Celeb_fake_face_only\id25_id26_0000.mp4,FAKE
D:\major project\dataset\face only\Celeb_fake_face_only\id25_id27_0005.mp4,FAKE
D:\major project\dataset\face only\Celeb_fake_face_only\id25_id27_0008.mp4,FAKE
D:\major project\dataset\face only\Celeb_fake_face_only\id25_id27_0010.mp4,FAKE
D:\major project\dataset\face only\Celeb_fake_face_only\id25_id28_0005.mp4,FAKE
D:\major project\dataset\face only\Celeb_real_face_only\id26_0000.mp4,REAL
D:\major project\dataset\face only\Celeb_real_face_only\id26_0001.mp4,REAL
D:\major project\dataset\face only\Celeb_real_face_only\id26_0002.mp4,REAL
D:\major project\dataset\face only\Celeb_real_face_only\id26_0003.mp4,REAL
D:\major project\dataset\face only\Celeb_real_face_only\id26_0004.mp4,REAL
D:\major project\dataset\face only\Celeb_real_face_only\id26_0005.mp4,REAL
D:\major project\dataset\face only\Celeb_real_face_only\id26_0006.mp4,REAL
D:\major project\dataset\face only\Celeb_real_face_only\id26_0007.mp4,REAL
D:\major project\dataset\face only\Celeb_real_face_only\id26_0008.mp4,REAL
D:\major project\dataset\face only\Celeb_real_face_only\id26_0009.mp4,REAL
D:\major project\dataset\face only\Celeb_fake_face_only\id26_id1_0006.mp4,FAKE
D:\major project\dataset\face only\Celeb_fake_face_only\id26_id22_0009.mp4,FAKE
D:\major project\dataset\face only\Celeb_fake_face_only\id26_id24_0001.mp4,FAKE
D:\major project\dataset\face only\Celeb_fake_face_only\id26_id27_0001.mp4,FAKE
D:\major project\dataset\face only\Celeb_fake_face_only\id26_id28_0005.mp4,FAKE
D:\major project\dataset\face only\Celeb_fake_face_only\id26_id29_0009.mp4,FAKE
D:\major project\dataset\face only\Celeb_fake_face_only\id26_id30_0006.mp4,FAKE
D:\major project\dataset\face only\Celeb_fake_face_only\id26_id37_0001.mp4,FAKE
D:\major project\dataset\face only\Celeb_fake_face_only\id26_id37_0009.mp4,FAKE
D:\major project\dataset\face only\Celeb_fake_face_only\id26_id6_0004.mp4,FAKE
D:\major project\dataset\face only\Celeb_real_face_only\id27_0000.mp4,REAL
D:\major project\dataset\face only\Celeb_real_face_only\id27_0001.mp4,REAL
D:\major project\dataset\face only\Celeb_real_face_only\id27_0002.mp4,REAL
D:\major project\dataset\face only\Celeb_real_face_only\id27_0003.mp4,REAL
D:\major project\dataset\face only\Celeb_real_face_only\id27_0004.mp4,REAL
D:\major project\dataset\face only\Celeb_real_face_only\id27_0006.mp4,REAL
D:\major project\dataset\face only\Celeb_real_face_only\id27_0007.mp4,REAL
D:\major project\dataset\face only\Celeb_real_face_only\id27_0008.mp4,REAL
D:\major project\dataset\face only\Celeb_real_face_only\id27_0009.mp4,REAL
D:\major project\dataset\face only\Celeb_fake_face_only\id27_id20_0000.mp4,FAKE
D:\major project\dataset\face only\Celeb_fake_face_only\id27_id20_0007.mp4,FAKE
D:\major project\dataset\face only\Celeb_fake_face_only\id27_id21_0004.mp4,FAKE
D:\major project\dataset\face only\Celeb_fake_face_only\id27_id21_0008.mp4,FAKE
D:\major project\dataset\face only\Celeb_fake_face_only\id27_id23_0004.mp4,FAKE
D:\major project\dataset\face only\Celeb_fake_face_only\id27_id25_0000.mp4,FAKE
D:\major project\dataset\face only\Celeb_fake_face_only\id27_id25_0001.mp4,FAKE
D:\major project\dataset\face only\Celeb_fake_face_only\id27_id26_0003.mp4,FAKE
D:\major project\dataset\face only\Celeb_fake_face_only\id27_id28_0006.mp4,FAKE
D:\major project\dataset\face only\Celeb_fake_face_only\id27_id28_0007.mp4,FAKE
D:\major project\dataset\face only\Celeb_real_face_only\id28_0000.mp4,REAL
D:\major project\dataset\face only\Celeb_real_face_only\id28_0001.mp4,REAL
D:\major project\dataset\face only\Celeb_real_face_only\id28_0002.mp4,REAL
D:\major project\dataset\face only\Celeb_real_face_only\id28_0003.mp4,REAL
D:\major project\dataset\face only\Celeb_real_face_only\id28_0004.mp4,REAL
D:\major project\dataset\face only\Celeb_real_face_only\id28_0005.mp4,REAL
D:\major project\dataset\face only\Celeb_real_face_only\id28_0006.mp4,REAL
D:\major project\dataset\face only\Celeb_real_face_only\id28_0007.mp4,REAL
D:\major project\dataset\face only\Celeb_real_face_only\id28_0008.mp4,REAL
D:\major project\dataset\face only\Celeb_real_face_only\id28_0009.mp4,REAL
D:\major project\dataset\face only\Celeb_fake_face_only\id28_id0_0004.mp4,FAKE
D:\major project\dataset\face only\Celeb_fake_face_only\id28_id24_0003.mp4,FAKE
D:\major project\dataset\face only\Celeb_fake_face_only\id28_id26_0003.mp4,FAKE
D:\major project\dataset\face only\Celeb_fake_face_only\id28_id26_0007.mp4,FAKE
D:\major project\dataset\face only\Celeb_fake_face_only\id28_id30_0009.mp4,FAKE
D:\major project\dataset\face only\Celeb_fake_face_only\id28_id35_0001.mp4,FAKE
D:\major project\dataset\face only\Celeb_fake_face_only\id28_id38_0003.mp4,FAKE
D:\major project\dataset\face only\Celeb_fake_face_only\id28_id38_0009.mp4,FAKE
D:\major project\dataset\face only\Celeb_fake_face_only\id28_id9_0000.mp4,FAKE
D:\major project\dataset\face only\Celeb_fake_face_only\id28_id9_0003.mp4,FAKE
D:\major project\dataset\face only\Celeb_real_face_only\id29_0000.mp4,REAL
D:\major project\dataset\face only\Celeb_real_face_only\id29_0001.mp4,REAL
D:\major project\dataset\face only\Celeb_real_face_only\id29_0002.mp4,REAL
D:\major project\dataset\face only\Celeb_real_face_only\id29_0003.mp4,REAL
D:\major project\dataset\face only\Celeb_real_face_only\id29_0004.mp4,REAL
D:\major project\dataset\face only\Celeb_real_face_only\id29_0005.mp4,REAL
D:\major project\dataset\face only\Celeb_real_face_only\id29_0006.mp4,REAL
D:\major project\dataset\face only\Celeb_real_face_only\id29_0007.mp4,REAL
D:\major project\dataset\face only\Celeb_real_face_only\id29_0008.mp4,REAL
D:\major project\dataset\face only\Celeb_real_face_only\id29_0009.mp4,REAL
D:\major project\dataset\face only\Celeb_fake_face_only\id29_id21_0009.mp4,FAKE
D:\major project\dataset\face only\Celeb_fake_face_only\id29_id26_0009.mp4,FAKE
D:\major project\dataset\face only\Celeb_fake_face_only\id29_id28_0007.mp4,FAKE
D:\major project\dataset\face only\Celeb_fake_face_only\id29_id30_0005.mp4,FAKE
D:\major project\dataset\face only\Celeb_fake_face_only\id29_id31_0003.mp4,FAKE
D:\major project\dataset\face only\Celeb_fake_face_only\id29_id34_0005.mp4,FAKE
D:\major project\dataset\face only\Celeb_fake_face_only\id29_id35_0006.mp4,FAKE
D:\major project\dataset\face only\Celeb_fake_face_only\id29_id37_0004.mp4,FAKE
D:\major project\dataset\face only\Celeb_fake_face_only\id29_id37_0005.mp4,FAKE
D:\major project\dataset\face only\Celeb_fake_face_only\id29_id38_0004.mp4,FAKE
D:\major project\dataset\face only\Celeb_real_face_only\id3_0000.mp4,REAL
D:\major project\dataset\face only\Celeb_real_face_only\id3_0001.mp4,REAL
D:\major project\dataset\face only\Celeb_real_face_only\id3_0002.mp4,REAL
D:\major project\dataset\face only\Celeb_real_face_only\id3_0003.mp4,REAL
D:\major project\dataset\face only\Celeb_real_face_only\id3_0004.mp4,REAL
D:\major project\dataset\face only\Celeb_real_face_only\id3_0005.mp4,REAL
D:\major project\dataset\face only\Celeb_real_face_only\id3_0006.mp4,REAL
D:\major project\dataset\face only\Celeb_real_face_only\id3_0007.mp4,REAL
D:\major project\dataset\face only\Celeb_real_face_only\id3_0008.mp4,REAL
D:\major project\dataset\face only\Celeb_real_face_only\id3_0009.mp4,REAL
D:\major project\dataset\face only\Celeb_fake_face_only\id3_id17_0000.mp4,FAKE
D:\major project\dataset\face only\Celeb_fake_face_only\id3_id2_0004.mp4,FAKE
D:\major project\dataset\face only\Celeb_fake_face_only\id3_id20_0003.mp4,FAKE
D:\major project\dataset\face only\Celeb_fake_face_only\id3_id23_0007.mp4,FAKE
D:\major project\dataset\face only\Celeb_fake_face_only\id3_id28_0001.mp4,FAKE
D:\major project\dataset\face only\Celeb_fake_face_only\id3_id31_0007.mp4,FAKE
D:\major project\dataset\face only\Celeb_fake_face_only\id3_id35_0009.mp4,FAKE
D:\major project\dataset\face only\Celeb_fake_face_only\id3_id37_0001.mp4,FAKE
D:\major project\dataset\face only\Celeb_fake_face_only\id3_id6_0006.mp4,FAKE
D:\major project\dataset\face only\Celeb_fake_face_only\id3_id9_0001.mp4,FAKE
D:\major project\dataset\face only\Celeb_real_face_only\id30_0000.mp4,REAL
D:\major project\dataset\face only\Celeb_real_face_only\id30_0001.mp4,REAL
D:\major project\dataset\face only\Celeb_real_face_only\id30_0002.mp4,REAL
D:\major project\dataset\face only\Celeb_real_face_only\id30_0003.mp4,REAL
D:\major project\dataset\face only\Celeb_real_face_only\id30_0004.mp4,REAL
D:\major project\dataset\face only\Celeb_real_face_only\id30_0005.mp4,REAL
D:\major project\dataset\face only\Celeb_real_face_only\id30_0006.mp4,REAL
D:\major project\dataset\face only\Celeb_real_face_only\id30_0007.mp4,REAL
D:\major project\dataset\face only\Celeb_real_face_only\id30_0008.mp4,REAL
D:\major project\dataset\face only\Celeb_real_face_only\id30_0009.mp4,REAL
D:\major project\dataset\face only\Celeb_fake_face_only\id30_id16_0008.mp4,FAKE
D:\major project\dataset\face only\Celeb_fake_face_only\id30_id17_0004.mp4,FAKE
D:\major project\dataset\face only\Celeb_fake_face_only\id30_id20_0005.mp4,FAKE
D:\major project\dataset\face only\Celeb_fake_face_only\id30_id21_0005.mp4,FAKE
D:\major project\dataset\face only\Celeb_fake_face_only\id30_id21_0008.mp4,FAKE
D:\major project\dataset\face only\Celeb_fake_face_only\id30_id28_0009.mp4,FAKE
D:\major project\dataset\face only\Celeb_fake_face_only\id30_id29_0008.mp4,FAKE
D:\major project\dataset\face only\Celeb_fake_face_only\id30_id31_0004.mp4,FAKE
D:\major project\dataset\face only\Celeb_fake_face_only\id30_id32_0004.mp4,FAKE
D:\major project\dataset\face only\Celeb_fake_face_only\id30_id35_0002.mp4,FAKE
D:\major project\dataset\face only\Celeb_real_face_only\id31_0000.mp4,REAL
D:\major project\dataset\face only\Celeb_real_face_only\id31_0001.mp4,REAL
D:\major project\dataset\face only\Celeb_real_face_only\id31_0002.mp4,REAL
D:\major project\dataset\face only\Celeb_real_face_only\id31_0003.mp4,REAL
D:\major project\dataset\face only\Celeb_real_face_only\id31_0004.mp4,REAL
D:\major project\dataset\face only\Celeb_real_face_only\id31_0005.mp4,REAL
D:\major project\dataset\face only\Celeb_real_face_only\id31_0006.mp4,REAL
D:\major project\dataset\face only\Celeb_real_face_only\id31_0007.mp4,REAL
D:\major project\dataset\face only\Celeb_real_face_only\id31_0008.mp4,REAL
D:\major project\dataset\face only\Celeb_real_face_only\id31_0009.mp4,REAL
D:\major project\dataset\face only\Celeb_fake_face_only\id31_id1_0002.mp4,FAKE
D:\major project\dataset\face only\Celeb_fake_face_only\id31_id1_0006.mp4,FAKE
D:\major project\dataset\face only\Celeb_fake_face_only\id31_id2_0001.mp4,FAKE
D:\major project\dataset\face only\Celeb_fake_face_only\id31_id21_0006.mp4,FAKE
D:\major project\dataset\face only\Celeb_fake_face_only\id31_id32_0006.mp4,FAKE
D:\major project\dataset\face only\Celeb_fake_face_only\id31_id34_0005.mp4,FAKE
D:\major project\dataset\face only\Celeb_fake_face_only\id31_id38_0001.mp4,FAKE
D:\major project\dataset\face only\Celeb_fake_face_only\id31_id38_0006.mp4,FAKE
D:\major project\dataset\face only\Celeb_fake_face_only\id31_id38_0009.mp4,FAKE
D:\major project\dataset\face only\Celeb_fake_face_only\id31_id9_0002.mp4,FAKE
D:\major project\dataset\face only\Celeb_real_face_only\id32_0000.mp4,REAL
D:\major project\dataset\face only\Celeb_real_face_only\id32_0001.mp4,REAL
D:\major project\dataset\face only\Celeb_real_face_only\id32_0002.mp4,REAL
D:\major project\dataset\face only\Celeb_real_face_only\id32_0003.mp4,REAL
D:\major project\dataset\face only\Celeb_real_face_only\id32_0004.mp4,REAL
D:\major project\dataset\face only\Celeb_real_face_only\id32_0005.mp4,REAL
D:\major project\dataset\face only\Celeb_real_face_only\id32_0006.mp4,REAL
D:\major project\dataset\face only\Celeb_real_face_only\id32_0007.mp4,REAL
D:\major project\dataset\face only\Celeb_real_face_only\id32_0008.mp4,REAL
D:\major project\dataset\face only\Celeb_real_face_only\id32_0009.mp4,REAL
D:\major project\dataset\face only\Celeb_fake_face_only\id32_id21_0008.mp4,FAKE
D:\major project\dataset\face only\Celeb_fake_face_only\id32_id23_0006.mp4,FAKE
D:\major project\dataset\face only\Celeb_fake_face_only\id32_id30_0006.mp4,FAKE
D:\major project\dataset\face only\Celeb_fake_face_only\id32_id31_0006.mp4,FAKE
D:\major project\dataset\face only\Celeb_fake_face_only\id32_id33_0004.mp4,FAKE
D:\major project\dataset\face only\Celeb_fake_face_only\id32_id33_0005.mp4,FAKE
D:\major project\dataset\face only\Celeb_fake_face_only\id32_id34_0006.mp4,FAKE
D:\major project\dataset\face only\Celeb_fake_face_only\id32_id35_0000.mp4,FAKE
D:\major project\dataset\face only\Celeb_fake_face_only\id32_id35_0006.mp4,FAKE
D:\major project\dataset\face only\Celeb_fake_face_only\id32_id37_0005.mp4,FAKE
D:\major project\dataset\face only\Celeb_real_face_only\id33_0000.mp4,REAL
D:\major project\dataset\face only\Celeb_real_face_only\id33_0001.mp4,REAL
D:\major project\dataset\face only\Celeb_real_face_only\id33_0002.mp4,REAL
D:\major project\dataset\face only\Celeb_real_face_only\id33_0003.mp4,REAL
D:\major project\dataset\face only\Celeb_real_face_only\id33_0004.mp4,REAL
D:\major project\dataset\face only\Celeb_real_face_only\id33_0005.mp4,REAL
D:\major project\dataset\face only\Celeb_real_face_only\id33_0006.mp4,REAL
D:\major project\dataset\face only\Celeb_real_face_only\id33_0007.mp4,REAL
D:\major project\dataset\face only\Celeb_real_face_only\id33_0008.mp4,REAL
D:\major project\dataset\face only\Celeb_real_face_only\id33_0009.mp4,REAL
D:\major project\dataset\face only\Celeb_fake_face_only\id33_id23_0004.mp4,FAKE
D:\major project\dataset\face only\Celeb_fake_face_only\id33_id23_0008.mp4,FAKE
D:\major project\dataset\face only\Celeb_fake_face_only\id33_id30_0008.mp4,FAKE
D:\major project\dataset\face only\Celeb_fake_face_only\id33_id30_0009.mp4,FAKE
D:\major project\dataset\face only\Celeb_fake_face_only\id33_id31_0008.mp4,FAKE
D:\major project\dataset\face only\Celeb_fake_face_only\id33_id32_0004.mp4,FAKE
D:\major project\dataset\face only\Celeb_fake_face_only\id33_id34_0001.mp4,FAKE
D:\major project\dataset\face only\Celeb_fake_face_only\id33_id34_0002.mp4,FAKE
D:\major project\dataset\face only\Celeb_fake_face_only\id33_id34_0007.mp4,FAKE
D:\major project\dataset\face only\Celeb_fake_face_only\id33_id37_0009.mp4,FAKE
D:\major project\dataset\face only\Celeb_real_face_only\id34_0000.mp4,REAL
D:\major project\dataset\face only\Celeb_real_face_only\id34_0001.mp4,REAL
D:\major project\dataset\face only\Celeb_real_face_only\id34_0002.mp4,REAL
D:\major project\dataset\face only\Celeb_real_face_only\id34_0003.mp4,REAL
D:\major project\dataset\face only\Celeb_real_face_only\id34_0004.mp4,REAL
D:\major project\dataset\face only\Celeb_real_face_only\id34_0005.mp4,REAL
D:\major project\dataset\face only\Celeb_real_face_only\id34_0006.mp4,REAL
D:\major project\dataset\face only\Celeb_real_face_only\id34_0007.mp4,REAL
D:\major project\dataset\face only\Celeb_real_face_only\id34_0008.mp4,REAL
D:\major project\dataset\face only\Celeb_real_face_only\id34_0009.mp4,REAL
D:\major project\dataset\face only\Celeb_fake_face_only\id34_id20_0003.mp4,FAKE
D:\major project\dataset\face only\Celeb_fake_face_only\id34_id28_0008.mp4,FAKE
D:\major project\dataset\face only\Celeb_fake_face_only\id34_id29_0002.mp4,FAKE
D:\major project\dataset\face only\Celeb_fake_face_only\id34_id29_0005.mp4,FAKE
D:\major project\dataset\face only\Celeb_fake_face_only\id34_id31_0005.mp4,FAKE
D:\major project\dataset\face only\Celeb_fake_face_only\id34_id32_0002.mp4,FAKE
D:\major project\dataset\face only\Celeb_fake_face_only\id34_id32_0007.mp4,FAKE
D:\major project\dataset\face only\Celeb_fake_face_only\id34_id33_0003.mp4,FAKE
D:\major project\dataset\face only\Celeb_fake_face_only\id34_id37_0002.mp4,FAKE
D:\major project\dataset\face only\Celeb_fake_face_only\id34_id38_0009.mp4,FAKE
D:\major project\dataset\face only\Celeb_real_face_only\id35_0000.mp4,REAL
D:\major project\dataset\face only\Celeb_real_face_only\id35_0001.mp4,REAL
D:\major project\dataset\face only\Celeb_real_face_only\id35_0002.mp4,REAL
D:\major project\dataset\face only\Celeb_real_face_only\id35_0003.mp4,REAL
D:\major project\dataset\face only\Celeb_real_face_only\id35_0004.mp4,REAL
D:\major project\dataset\face only\Celeb_real_face_only\id35_0005.mp4,REAL
D:\major project\dataset\face only\Celeb_real_face_only\id35_0006.mp4,REAL
D:\major project\dataset\face only\Celeb_real_face_only\id35_0007.mp4,REAL
D:\major project\dataset\face only\Celeb_real_face_only\id35_0008.mp4,REAL
D:\major project\dataset\face only\Celeb_real_face_only\id35_0009.mp4,REAL
D:\major project\dataset\face only\Celeb_fake_face_only\id35_id16_0001.mp4,FAKE
D:\major project\dataset\face only\Celeb_fake_face_only\id35_id20_0003.mp4,FAKE
D:\major project\dataset\face only\Celeb_fake_face_only\id35_id23_0000.mp4,FAKE
D:\major project\dataset\face only\Celeb_fake_face_only\id35_id23_0003.mp4,FAKE
D:\major project\dataset\face only\Celeb_fake_face_only\id35_id26_0007.mp4,FAKE
D:\major project\dataset\face only\Celeb_fake_face_only\id35_id3_0003.mp4,FAKE
D:\major project\dataset\face only\Celeb_fake_face_only\id35_id6_0000.mp4,FAKE
D:\major project\dataset\face only\Celeb_fake_face_only\id35_id6_0007.mp4,FAKE
D:\major project\dataset\face only\Celeb_fake_face_only\id35_id9_0000.mp4,FAKE
D:\major project\dataset\face only\Celeb_fake_face_only\id35_id9_0006.mp4,FAKE
D:\major project\dataset\face only\Celeb_real_face_only\id36_0000.mp4,REAL
D:\major project\dataset\face only\Celeb_real_face_only\id36_0001.mp4,REAL
D:\major project\dataset\face only\Celeb_real_face_only\id36_0002.mp4,REAL
D:\major project\dataset\face only\Celeb_real_face_only\id36_0003.mp4,REAL
D:\major project\dataset\face only\Celeb_real_face_only\id36_0004.mp4,REAL
D:\major project\dataset\face only\Celeb_real_face_only\id36_0005.mp4,REAL
D:\major project\dataset\face only\Celeb_real_face_only\id36_0006.mp4,REAL
D:\major project\dataset\face only\Celeb_real_face_only\id36_0007.mp4,REAL
D:\major project\dataset\face only\Celeb_real_face_only\id36_0008.mp4,REAL
D:\major project\dataset\face only\Celeb_real_face_only\id36_0009.mp4,REAL
D:\major project\dataset\face only\Celeb_real_face_only\id37_0000.mp4,REAL
D:\major project\dataset\face only\Celeb_real_face_only\id37_0001.mp4,REAL
D:\major project\dataset\face only\Celeb_real_face_only\id37_0002.mp4,REAL
D:\major project\dataset\face only\Celeb_real_face_only\id37_0003.mp4,REAL
D:\major project\dataset\face only\Celeb_real_face_only\id37_0004.mp4,REAL
D:\major project\dataset\face only\Celeb_real_face_only\id37_0005.mp4,REAL
D:\major project\dataset\face only\Celeb_real_face_only\id37_0006.mp4,REAL
D:\major project\dataset\face only\Celeb_real_face_only\id37_0007.mp4,REAL
D:\major project\dataset\face only\Celeb_real_face_only\id37_0008.mp4,REAL
D:\major project\dataset\face only\Celeb_real_face_only\id37_0009.mp4,REAL
D:\major project\dataset\face only\Celeb_fake_face_only\id37_id17_0001.mp4,FAKE
D:\major project\dataset\face only\Celeb_fake_face_only\id37_id17_0003.mp4,FAKE
D:\major project\dataset\face only\Celeb_fake_face_only\id37_id28_0008.mp4,FAKE
D:\major project\dataset\face only\Celeb_fake_face_only\id37_id29_0006.mp4,FAKE
D:\major project\dataset\face only\Celeb_fake_face_only\id37_id3_0004.mp4,FAKE
D:\major project\dataset\face only\Celeb_fake_face_only\id37_id34_0001.mp4,FAKE
D:\major project\dataset\face only\Celeb_fake_face_only\id37_id34_0006.mp4,FAKE
D:\major project\dataset\face only\Celeb_fake_face_only\id37_id35_0000.mp4,FAKE
D:\major project\dataset\face only\Celeb_fake_face_only\id37_id38_0001.mp4,FAKE
D:\major project\dataset\face only\Celeb_fake_face_only\id37_id9_0008.mp4,FAKE
D:\major project\dataset\face only\Celeb_real_face_only\id38_0000.mp4,REAL
D:\major project\dataset\face only\Celeb_real_face_only\id38_0001.mp4,REAL
D:\major project\dataset\face only\Celeb_real_face_only\id38_0002.mp4,REAL
D:\major project\dataset\face only\Celeb_real_face_only\id38_0003.mp4,REAL
D:\major project\dataset\face only\Celeb_real_face_only\id38_0004.mp4,REAL
D:\major project\dataset\face only\Celeb_real_face_only\id38_0005.mp4,REAL
D:\major project\dataset\face only\Celeb_real_face_only\id38_0006.mp4,REAL
D:\major project\dataset\face only\Celeb_real_face_only\id38_0007.mp4,REAL
D:\major project\dataset\face only\Celeb_real_face_only\id38_0008.mp4,REAL
D:\major project\dataset\face only\Celeb_real_face_only\id38_0009.mp4,REAL
D:\major project\dataset\face only\Celeb_fake_face_only\id38_id20_0002.mp4,FAKE
D:\major project\dataset\face only\Celeb_fake_face_only\id38_id26_0007.mp4,FAKE
D:\major project\dataset\face only\Celeb_fake_face_only\id38_id28_0002.mp4,FAKE
D:\major project\dataset\face only\Celeb_fake_face_only\id38_id29_0000.mp4,FAKE
D:\major project\dataset\face only\Celeb_fake_face_only\id38_id29_0001.mp4,FAKE
D:\major project\dataset\face only\Celeb_fake_face_only\id38_id29_0009.mp4,FAKE
D:\major project\dataset\face only\Celeb_fake_face_only\id38_id32_0005.mp4,FAKE
D:\major project\dataset\face only\Celeb_fake_face_only\id38_id34_0008.mp4,FAKE
D:\major project\dataset\face only\Celeb_fake_face_only\id38_id35_0005.mp4,FAKE
D:\major project\dataset\face only\Celeb_fake_face_only\id38_id37_0007.mp4,FAKE
D:\major project\dataset\face only\Celeb_real_face_only\id39_0000.mp4,REAL
D:\major project\dataset\face only\Celeb_real_face_only\id39_0001.mp4,REAL
D:\major project\dataset\face only\Celeb_real_face_only\id39_0002.mp4,REAL
D:\major project\dataset\face only\Celeb_real_face_only\id39_0003.mp4,REAL
D:\major project\dataset\face only\Celeb_real_face_only\id39_0004.mp4,REAL
D:\major project\dataset\face only\Celeb_real_face_only\id39_0005.mp4,REAL
D:\major project\dataset\face only\Celeb_real_face_only\id39_0006.mp4,REAL
D:\major project\dataset\face only\Celeb_real_face_only\id39_0007.mp4,REAL
D:\major project\dataset\face only\Celeb_real_face_only\id39_0008.mp4,REAL
D:\major project\dataset\face only\Celeb_real_face_only\id39_0009.mp4,REAL
D:\major project\dataset\face only\Celeb_fake_face_only\id39_id42_0002.mp4,FAKE
D:\major project\dataset\face only\Celeb_fake_face_only\id39_id42_0007.mp4,FAKE
D:\major project\dataset\face only\Celeb_fake_face_only\id39_id43_0003.mp4,FAKE
D:\major project\dataset\face only\Celeb_fake_face_only\id39_id43_0008.mp4,FAKE
D:\major project\dataset\face only\Celeb_fake_face_only\id39_id44_0003.mp4,FAKE
D:\major project\dataset\face only\Celeb_fake_face_only\id39_id45_0004.mp4,FAKE
D:\major project\dataset\face only\Celeb_fake_face_only\id39_id46_0004.mp4,FAKE
D:\major project\dataset\face only\Celeb_fake_face_only\id39_id46_0006.mp4,FAKE
D:\major project\dataset\face only\Celeb_fake_face_only\id39_id47_0000.mp4,FAKE
D:\major project\dataset\face only\Celeb_fake_face_only\id39_id47_0005.mp4,FAKE
D:\major project\dataset\face only\Celeb_real_face_only\id4_0000.mp4,REAL
D:\major project\dataset\face only\Celeb_real_face_only\id4_0001.mp4,REAL
D:\major project\dataset\face only\Celeb_real_face_only\id4_0002.mp4,REAL
D:\major project\dataset\face only\Celeb_real_face_only\id4_0003.mp4,REAL
D:\major project\dataset\face only\Celeb_real_face_only\id4_0004.mp4,REAL
D:\major project\dataset\face only\Celeb_real_face_only\id4_0005.mp4,REAL
D:\major project\dataset\face only\Celeb_real_face_only\id4_0006.mp4,REAL
D:\major project\dataset\face only\Celeb_real_face_only\id4_0007.mp4,REAL
D:\major project\dataset\face only\Celeb_real_face_only\id4_0008.mp4,REAL
D:\major project\dataset\face only\Celeb_real_face_only\id4_0009.mp4,REAL
D:\major project\dataset\face only\Celeb_fake_face_only\id4_id1_0005.mp4,FAKE
D:\major project\dataset\face only\Celeb_fake_face_only\id4_id20_0003.mp4,FAKE
D:\major project\dataset\face only\Celeb_fake_face_only\id4_id20_0007.mp4,FAKE
D:\major project\dataset\face only\Celeb_fake_face_only\id4_id23_0006.mp4,FAKE
D:\major project\dataset\face only\Celeb_fake_face_only\id4_id26_0008.mp4,FAKE
D:\major project\dataset\face only\Celeb_fake_face_only\id4_id28_0009.mp4,FAKE
D:\major project\dataset\face only\Celeb_fake_face_only\id4_id30_0007.mp4,FAKE
D:\major project\dataset\face only\Celeb_fake_face_only\id4_id30_0009.mp4,FAKE
D:\major project\dataset\face only\Celeb_fake_face_only\id4_id31_0005.mp4,FAKE
D:\major project\dataset\face only\Celeb_fake_face_only\id4_id9_0003.mp4,FAKE
D:\major project\dataset\face only\Celeb_real_face_only\id40_0000.mp4,REAL
D:\major project\dataset\face only\Celeb_real_face_only\id40_0001.mp4,REAL
D:\major project\dataset\face only\Celeb_real_face_only\id40_0002.mp4,REAL
D:\major project\dataset\face only\Celeb_real_face_only\id40_0003.mp4,REAL
D:\major project\dataset\face only\Celeb_real_face_only\id40_0004.mp4,REAL
D:\major project\dataset\face only\Celeb_real_face_only\id40_0005.mp4,REAL
D:\major project\dataset\face only\Celeb_real_face_only\id40_0006.mp4,REAL
D:\major project\dataset\face only\Celeb_real_face_only\id40_0007.mp4,REAL
D:\major project\dataset\face only\Celeb_real_face_only\id40_0008.mp4,REAL
D:\major project\dataset\face only\Celeb_real_face_only\id40_0009.mp4,REAL
D:\major project\dataset\face only\Celeb_fake_face_only\id40_id42_0002.mp4,FAKE
D:\major project\dataset\face only\Celeb_fake_face_only\id40_id43_0001.mp4,FAKE
D:\major project\dataset\face only\Celeb_fake_face_only\id40_id44_0000.mp4,FAKE
D:\major project\dataset\face only\Celeb_fake_face_only\id40_id45_0001.mp4,FAKE
D:\major project\dataset\face only\Celeb_fake_face_only\id40_id45_0003.mp4,FAKE
D:\major project\dataset\face only\Celeb_fake_face_only\id40_id45_0008.mp4,FAKE
D:\major project\dataset\face only\Celeb_fake_face_only\id40_id46_0001.mp4,FAKE
D:\major project\dataset\face only\Celeb_fake_face_only\id40_id47_0000.mp4,FAKE
D:\major project\dataset\face only\Celeb_fake_face_only\id40_id47_0002.mp4,FAKE
D:\major project\dataset\face only\Celeb_fake_face_only\id40_id47_0008.mp4,FAKE
D:\major project\dataset\face only\Celeb_real_face_only\id41_0000.mp4,REAL
D:\major project\dataset\face only\Celeb_real_face_only\id41_0001.mp4,REAL
D:\major project\dataset\face only\Celeb_real_face_only\id41_0002.mp4,REAL
D:\major project\dataset\face only\Celeb_real_face_only\id41_0003.mp4,REAL
D:\major project\dataset\face only\Celeb_real_face_only\id41_0004.mp4,REAL
D:\major project\dataset\face only\Celeb_real_face_only\id41_0005.mp4,REAL
D:\major project\dataset\face only\Celeb_real_face_only\id41_0006.mp4,REAL
D:\major project\dataset\face only\Celeb_real_face_only\id41_0007.mp4,REAL
D:\major project\dataset\face only\Celeb_real_face_only\id41_0008.mp4,REAL
D:\major project\dataset\face only\Celeb_real_face_only\id41_0009.mp4,REAL
D:\major project\dataset\face only\Celeb_fake_face_only\id41_id40_0008.mp4,FAKE
D:\major project\dataset\face only\Celeb_fake_face_only\id41_id42_0002.mp4,FAKE
D:\major project\dataset\face only\Celeb_fake_face_only\id41_id42_0007.mp4,FAKE
D:\major project\dataset\face only\Celeb_fake_face_only\id41_id44_0002.mp4,FAKE
D:\major project\dataset\face only\Celeb_fake_face_only\id41_id45_0000.mp4,FAKE
D:\major project\dataset\face only\Celeb_fake_face_only\id41_id45_0009.mp4,FAKE
D:\major project\dataset\face only\Celeb_fake_face_only\id41_id46_0002.mp4,FAKE
D:\major project\dataset\face only\Celeb_fake_face_only\id41_id46_0003.mp4,FAKE
D:\major project\dataset\face only\Celeb_fake_face_only\id41_id46_0004.mp4,FAKE
D:\major project\dataset\face only\Celeb_fake_face_only\id41_id47_0003.mp4,FAKE
D:\major project\dataset\face only\Celeb_real_face_only\id42_0000.mp4,REAL
D:\major project\dataset\face only\Celeb_real_face_only\id42_0001.mp4,REAL
D:\major project\dataset\face only\Celeb_real_face_only\id42_0002.mp4,REAL
D:\major project\dataset\face only\Celeb_real_face_only\id42_0003.mp4,REAL
D:\major project\dataset\face only\Celeb_real_face_only\id42_0004.mp4,REAL
D:\major project\dataset\face only\Celeb_fake_face_only\id42_id39_0003.mp4,FAKE
D:\major project\dataset\face only\Celeb_fake_face_only\id42_id40_0001.mp4,FAKE
D:\major project\dataset\face only\Celeb_fake_face_only\id42_id40_0003.mp4,FAKE
D:\major project\dataset\face only\Celeb_fake_face_only\id42_id41_0001.mp4,FAKE
D:\major project\dataset\face only\Celeb_fake_face_only\id42_id45_0001.mp4,FAKE
D:\major project\dataset\face only\Celeb_fake_face_only\id42_id46_0000.mp4,FAKE
D:\major project\dataset\face only\Celeb_fake_face_only\id42_id47_0002.mp4,FAKE
D:\major project\dataset\face only\Celeb_fake_face_only\id42_id47_0003.mp4,FAKE
D:\major project\dataset\face only\Celeb_fake_face_only\id42_id48_0000.mp4,FAKE
D:\major project\dataset\face only\Celeb_fake_face_only\id42_id48_0002.mp4,FAKE
D:\major project\dataset\face only\Celeb_real_face_only\id43_0000.mp4,REAL
D:\major project\dataset\face only\Celeb_real_face_only\id43_0001.mp4,REAL
D:\major project\dataset\face only\Celeb_real_face_only\id43_0002.mp4,REAL
D:\major project\dataset\face only\Celeb_real_face_only\id43_0003.mp4,REAL
D:\major project\dataset\face only\Celeb_real_face_only\id43_0004.mp4,REAL
D:\major project\dataset\face only\Celeb_real_face_only\id43_0005.mp4,REAL
D:\major project\dataset\face only\Celeb_real_face_only\id43_0006.mp4,REAL
D:\major project\dataset\face only\Celeb_real_face_only\id43_0007.mp4,REAL
D:\major project\dataset\face only\Celeb_real_face_only\id43_0008.mp4,REAL
D:\major project\dataset\face only\Celeb_real_face_only\id43_0009.mp4,REAL
D:\major project\dataset\face only\Celeb_fake_face_only\id43_id39_0005.mp4,FAKE
D:\major project\dataset\face only\Celeb_fake_face_only\id43_id40_0009.mp4,FAKE
D:\major project\dataset\face only\Celeb_fake_face_only\id43_id41_0005.mp4,FAKE
D:\major project\dataset\face only\Celeb_fake_face_only\id43_id41_0007.mp4,FAKE
D:\major project\dataset\face only\Celeb_fake_face_only\id43_id44_0001.mp4,FAKE
D:\major project\dataset\face only\Celeb_fake_face_only\id43_id44_0008.mp4,FAKE
D:\major project\dataset\face only\Celeb_fake_face_only\id43_id44_0009.mp4,FAKE
D:\major project\dataset\face only\Celeb_fake_face_only\id43_id45_0002.mp4,FAKE
D:\major project\dataset\face only\Celeb_fake_face_only\id43_id48_0000.mp4,FAKE
D:\major project\dataset\face only\Celeb_fake_face_only\id43_id48_0004.mp4,FAKE
D:\major project\dataset\face only\Celeb_real_face_only\id44_0000.mp4,REAL
D:\major project\dataset\face only\Celeb_real_face_only\id44_0001.mp4,REAL
D:\major project\dataset\face only\Celeb_real_face_only\id44_0002.mp4,REAL
D:\major project\dataset\face only\Celeb_real_face_only\id44_0003.mp4,REAL
D:\major project\dataset\face only\Celeb_real_face_only\id44_0004.mp4,REAL
D:\major project\dataset\face only\Celeb_real_face_only\id44_0005.mp4,REAL
D:\major project\dataset\face only\Celeb_fake_face_only\id44_id39_0001.mp4,FAKE
D:\major project\dataset\face only\Celeb_fake_face_only\id44_id41_0000.mp4,FAKE
D:\major project\dataset\face only\Celeb_fake_face_only\id44_id42_0004.mp4,FAKE
D:\major project\dataset\face only\Celeb_fake_face_only\id44_id42_0005.mp4,FAKE
D:\major project\dataset\face only\Celeb_fake_face_only\id44_id45_0001.mp4,FAKE
D:\major project\dataset\face only\Celeb_fake_face_only\id44_id47_0000.mp4,FAKE
D:\major project\dataset\face only\Celeb_fake_face_only\id44_id47_0001.mp4,FAKE
D:\major project\dataset\face only\Celeb_fake_face_only\id44_id47_0005.mp4,FAKE
D:\major project\dataset\face only\Celeb_fake_face_only\id44_id48_0001.mp4,FAKE
D:\major project\dataset\face only\Celeb_fake_face_only\id44_id48_0002.mp4,FAKE
D:\major project\dataset\face only\Celeb_real_face_only\id45_0000.mp4,REAL
D:\major project\dataset\face only\Celeb_real_face_only\id45_0001.mp4,REAL
D:\major project\dataset\face only\Celeb_real_face_only\id45_0002.mp4,REAL
D:\major project\dataset\face only\Celeb_real_face_only\id45_0003.mp4,REAL
D:\major project\dataset\face only\Celeb_real_face_only\id45_0004.mp4,REAL
D:\major project\dataset\face only\Celeb_real_face_only\id45_0005.mp4,REAL
D:\major project\dataset\face only\Celeb_real_face_only\id45_0006.mp4,REAL
D:\major project\dataset\face only\Celeb_real_face_only\id45_0007.mp4,REAL
D:\major project\dataset\face only\Celeb_real_face_only\id45_0008.mp4,REAL
D:\major project\dataset\face only\Celeb_real_face_only\id45_0009.mp4,REAL
D:\major project\dataset\face only\Celeb_fake_face_only\id45_id39_0001.mp4,FAKE
D:\major project\dataset\face only\Celeb_fake_face_only\id45_id41_0002.mp4,FAKE
D:\major project\dataset\face only\Celeb_fake_face_only\id45_id41_0005.mp4,FAKE
D:\major project\dataset\face only\Celeb_fake_face_only\id45_id42_0005.mp4,FAKE
D:\major project\dataset\face only\Celeb_fake_face_only\id45_id43_0001.mp4,FAKE
D:\major project\dataset\face only\Celeb_fake_face_only\id45_id44_0000.mp4,FAKE
D:\major project\dataset\face only\Celeb_fake_face_only\id45_id44_0008.mp4,FAKE
D:\major project\dataset\face only\Celeb_fake_face_only\id45_id46_0000.mp4,FAKE
D:\major project\dataset\face only\Celeb_fake_face_only\id45_id47_0008.mp4,FAKE
D:\major project\dataset\face only\Celeb_fake_face_only\id45_id48_0002.mp4,FAKE
D:\major project\dataset\face only\Celeb_real_face_only\id46_0000.mp4,REAL
D:\major project\dataset\face only\Celeb_real_face_only\id46_0001.mp4,REAL
D:\major project\dataset\face only\Celeb_real_face_only\id46_0002.mp4,REAL
D:\major project\dataset\face only\Celeb_real_face_only\id46_0003.mp4,REAL
D:\major project\dataset\face only\Celeb_real_face_only\id46_0004.mp4,REAL
D:\major project\dataset\face only\Celeb_real_face_only\id46_0005.mp4,REAL
D:\major project\dataset\face only\Celeb_real_face_only\id46_0006.mp4,REAL
D:\major project\dataset\face only\Celeb_real_face_only\id46_0007.mp4,REAL
D:\major project\dataset\face only\Celeb_real_face_only\id46_0008.mp4,REAL
D:\major project\dataset\face only\Celeb_real_face_only\id46_0009.mp4,REAL
D:\major project\dataset\face only\Celeb_fake_face_only\id46_id41_0000.mp4,FAKE
D:\major project\dataset\face only\Celeb_fake_face_only\id46_id41_0009.mp4,FAKE
D:\major project\dataset\face only\Celeb_fake_face_only\id46_id42_0007.mp4,FAKE
D:\major project\dataset\face only\Celeb_fake_face_only\id46_id42_0009.mp4,FAKE
D:\major project\dataset\face only\Celeb_fake_face_only\id46_id44_0000.mp4,FAKE
D:\major project\dataset\face only\Celeb_fake_face_only\id46_id45_0005.mp4,FAKE
D:\major project\dataset\face only\Celeb_fake_face_only\id46_id47_0003.mp4,FAKE
D:\major project\dataset\face only\Celeb_fake_face_only\id46_id47_0004.mp4,FAKE
D:\major project\dataset\face only\Celeb_fake_face_only\id46_id47_0009.mp4,FAKE
D:\major project\dataset\face only\Celeb_fake_face_only\id46_id48_0003.mp4,FAKE
D:\major project\dataset\face only\Celeb_real_face_only\id47_0000.mp4,REAL
D:\major project\dataset\face only\Celeb_real_face_only\id47_0001.mp4,REAL
D:\major project\dataset\face only\Celeb_real_face_only\id47_0002.mp4,REAL
D:\major project\dataset\face only\Celeb_real_face_only\id47_0003.mp4,REAL
D:\major project\dataset\face only\Celeb_real_face_only\id47_0004.mp4,REAL
D:\major project\dataset\face only\Celeb_real_face_only\id47_0005.mp4,REAL
D:\major project\dataset\face only\Celeb_real_face_only\id47_0006.mp4,REAL
D:\major project\dataset\face only\Celeb_real_face_only\id47_0007.mp4,REAL
D:\major project\dataset\face only\Celeb_real_face_only\id47_0008.mp4,REAL
D:\major project\dataset\face only\Celeb_real_face_only\id47_0009.mp4,REAL
D:\major project\dataset\face only\Celeb_fake_face_only\id47_id39_0004.mp4,FAKE
D:\major project\dataset\face only\Celeb_fake_face_only\id47_id40_0004.mp4,FAKE
D:\major project\dataset\face only\Celeb_fake_face_only\id47_id41_0001.mp4,FAKE
D:\major project\dataset\face only\Celeb_fake_face_only\id47_id42_0008.mp4,FAKE
D:\major project\dataset\face only\Celeb_fake_face_only\id47_id43_0002.mp4,FAKE
D:\major project\dataset\face only\Celeb_fake_face_only\id47_id44_0007.mp4,FAKE
D:\major project\dataset\face only\Celeb_fake_face_only\id47_id45_0001.mp4,FAKE
D:\major project\dataset\face only\Celeb_fake_face_only\id47_id45_0002.mp4,FAKE
D:\major project\dataset\face only\Celeb_fake_face_only\id47_id45_0004.mp4,FAKE
D:\major project\dataset\face only\Celeb_fake_face_only\id47_id45_0008.mp4,FAKE
D:\major project\dataset\face only\Celeb_real_face_only\id48_0000.mp4,REAL
D:\major project\dataset\face only\Celeb_real_face_only\id48_0001.mp4,REAL
D:\major project\dataset\face only\Celeb_real_face_only\id48_0002.mp4,REAL
D:\major project\dataset\face only\Celeb_real_face_only\id48_0003.mp4,REAL
D:\major project\dataset\face only\Celeb_real_face_only\id48_0004.mp4,REAL
D:\major project\dataset\face only\Celeb_real_face_only\id48_0005.mp4,REAL
D:\major project\dataset\face only\Celeb_real_face_only\id48_0006.mp4,REAL
D:\major project\dataset\face only\Celeb_real_face_only\id48_0007.mp4,REAL
D:\major project\dataset\face only\Celeb_real_face_only\id48_0008.mp4,REAL
D:\major project\dataset\face only\Celeb_real_face_only\id48_0009.mp4,REAL
D:\major project\dataset\face only\Celeb_fake_face_only\id48_id39_0001.mp4,FAKE
D:\major project\dataset\face only\Celeb_fake_face_only\id48_id39_0003.mp4,FAKE
D:\major project\dataset\face only\Celeb_fake_face_only\id48_id39_0007.mp4,FAKE
D:\major project\dataset\face only\Celeb_fake_face_only\id48_id41_0009.mp4,FAKE
D:\major project\dataset\face only\Celeb_fake_face_only\id48_id42_0000.mp4,FAKE
D:\major project\dataset\face only\Celeb_fake_face_only\id48_id43_0003.mp4,FAKE
D:\major project\dataset\face only\Celeb_fake_face_only\id48_id45_0005.mp4,FAKE
D:\major project\dataset\face only\Celeb_fake_face_only\id48_id45_0008.mp4,FAKE
D:\major project\dataset\face only\Celeb_fake_face_only\id48_id47_0002.mp4,FAKE
D:\major project\dataset\face only\Celeb_fake_face_only\id48_id47_0007.mp4,FAKE
D:\major project\dataset\face only\Celeb_real_face_only\id49_0000.mp4,REAL
D:\major project\dataset\face only\Celeb_real_face_only\id49_0001.mp4,REAL
D:\major project\dataset\face only\Celeb_real_face_only\id49_0002.mp4,REAL
D:\major project\dataset\face only\Celeb_real_face_only\id49_0003.mp4,REAL
D:\major project\dataset\face only\Celeb_real_face_only\id49_0004.mp4,REAL
D:\major project\dataset\face only\Celeb_real_face_only\id49_0005.mp4,REAL
D:\major project\dataset\face only\Celeb_real_face_only\id49_0006.mp4,REAL
D:\major project\dataset\face only\Celeb_real_face_only\id49_0007.mp4,REAL
D:\major project\dataset\face only\Celeb_real_face_only\id49_0008.mp4,REAL
D:\major project\dataset\face only\Celeb_real_face_only\id49_0009.mp4,REAL
D:\major project\dataset\face only\Celeb_fake_face_only\id49_id50_0007.mp4,FAKE
D:\major project\dataset\face only\Celeb_fake_face_only\id49_id51_0000.mp4,FAKE
D:\major project\dataset\face only\Celeb_fake_face_only\id49_id52_0002.mp4,FAKE
D:\major project\dataset\face only\Celeb_fake_face_only\id49_id52_0003.mp4,FAKE
D:\major project\dataset\face only\Celeb_fake_face_only\id49_id52_0008.mp4,FAKE
D:\major project\dataset\face only\Celeb_fake_face_only\id49_id53_0004.mp4,FAKE
D:\major project\dataset\face only\Celeb_fake_face_only\id49_id53_0006.mp4,FAKE
D:\major project\dataset\face only\Celeb_fake_face_only\id49_id54_0005.mp4,FAKE
D:\major project\dataset\face only\Celeb_fake_face_only\id49_id55_0002.mp4,FAKE
D:\major project\dataset\face only\Celeb_fake_face_only\id49_id55_0005.mp4,FAKE
D:\major project\dataset\face only\Celeb_real_face_only\id5_0000.mp4,REAL
D:\major project\dataset\face only\Celeb_real_face_only\id5_0001.mp4,REAL
D:\major project\dataset\face only\Celeb_real_face_only\id5_0002.mp4,REAL
D:\major project\dataset\face only\Celeb_real_face_only\id5_0003.mp4,REAL
D:\major project\dataset\face only\Celeb_real_face_only\id5_0004.mp4,REAL
D:\major project\dataset\face only\Celeb_real_face_only\id5_0005.mp4,REAL
D:\major project\dataset\face only\Celeb_real_face_only\id5_0006.mp4,REAL
D:\major project\dataset\face only\Celeb_real_face_only\id5_0007.mp4,REAL
D:\major project\dataset\face only\Celeb_real_face_only\id5_0008.mp4,REAL
D:\major project\dataset\face only\Celeb_real_face_only\id5_0009.mp4,REAL
D:\major project\dataset\face only\Celeb_fake_face_only\id5_id59_0004.mp4,FAKE
D:\major project\dataset\face only\Celeb_fake_face_only\id5_id59_0007.mp4,FAKE
D:\major project\dataset\face only\Celeb_fake_face_only\id5_id60_0001.mp4,FAKE
D:\major project\dataset\face only\Celeb_fake_face_only\id5_id60_0003.mp4,FAKE
D:\major project\dataset\face only\Celeb_fake_face_only\id5_id60_0004.mp4,FAKE
D:\major project\dataset\face only\Celeb_fake_face_only\id5_id61_0000.mp4,FAKE
D:\major project\dataset\face only\Celeb_fake_face_only\id5_id61_0003.mp4,FAKE
D:\major project\dataset\face only\Celeb_fake_face_only\id5_id61_0004.mp4,FAKE
D:\major project\dataset\face only\Celeb_fake_face_only\id5_id61_0007.mp4,FAKE
D:\major project\dataset\face only\Celeb_fake_face_only\id5_id61_0008.mp4,FAKE
D:\major project\dataset\face only\Celeb_real_face_only\id50_0000.mp4,REAL
D:\major project\dataset\face only\Celeb_real_face_only\id50_0001.mp4,REAL
D:\major project\dataset\face only\Celeb_real_face_only\id50_0002.mp4,REAL
D:\major project\dataset\face only\Celeb_real_face_only\id50_0003.mp4,REAL
D:\major project\dataset\face only\Celeb_real_face_only\id50_0004.mp4,REAL
D:\major project\dataset\face only\Celeb_real_face_only\id50_0005.mp4,REAL
D:\major project\dataset\face only\Celeb_real_face_only\id50_0006.mp4,REAL
D:\major project\dataset\face only\Celeb_real_face_only\id50_0007.mp4,REAL
D:\major project\dataset\face only\Celeb_real_face_only\id50_0008.mp4,REAL
D:\major project\dataset\face only\Celeb_real_face_only\id50_0009.mp4,REAL
D:\major project\dataset\face only\Celeb_fake_face_only\id50_id49_0005.mp4,FAKE
D:\major project\dataset\face only\Celeb_fake_face_only\id50_id51_0005.mp4,FAKE
D:\major project\dataset\face only\Celeb_fake_face_only\id50_id52_0009.mp4,FAKE
D:\major project\dataset\face only\Celeb_fake_face_only\id50_id53_0000.mp4,FAKE
D:\major project\dataset\face only\Celeb_fake_face_only\id50_id55_0000.mp4,FAKE
D:\major project\dataset\face only\Celeb_fake_face_only\id50_id55_0002.mp4,FAKE
D:\major project\dataset\face only\Celeb_fake_face_only\id50_id56_0000.mp4,FAKE
D:\major project\dataset\face only\Celeb_fake_face_only\id50_id57_0004.mp4,FAKE
D:\major project\dataset\face only\Celeb_fake_face_only\id50_id57_0006.mp4,FAKE
D:\major project\dataset\face only\Celeb_fake_face_only\id50_id57_0007.mp4,FAKE
D:\major project\dataset\face only\Celeb_real_face_only\id51_0000.mp4,REAL
D:\major project\dataset\face only\Celeb_real_face_only\id51_0001.mp4,REAL
D:\major project\dataset\face only\Celeb_real_face_only\id51_0002.mp4,REAL
D:\major project\dataset\face only\Celeb_real_face_only\id51_0003.mp4,REAL
D:\major project\dataset\face only\Celeb_real_face_only\id51_0004.mp4,REAL
D:\major project\dataset\face only\Celeb_real_face_only\id51_0005.mp4,REAL
D:\major project\dataset\face only\Celeb_real_face_only\id51_0006.mp4,REAL
D:\major project\dataset\face only\Celeb_real_face_only\id51_0007.mp4,REAL
D:\major project\dataset\face only\Celeb_real_face_only\id51_0008.mp4,REAL
D:\major project\dataset\face only\Celeb_real_face_only\id51_0009.mp4,REAL
D:\major project\dataset\face only\Celeb_fake_face_only\id51_id49_0002.mp4,FAKE
D:\major project\dataset\face only\Celeb_fake_face_only\id51_id49_0008.mp4,FAKE
D:\major project\dataset\face only\Celeb_fake_face_only\id51_id50_0002.mp4,FAKE
D:\major project\dataset\face only\Celeb_fake_face_only\id51_id53_0006.mp4,FAKE
D:\major project\dataset\face only\Celeb_fake_face_only\id51_id54_0004.mp4,FAKE
D:\major project\dataset\face only\Celeb_fake_face_only\id51_id54_0009.mp4,FAKE
D:\major project\dataset\face only\Celeb_fake_face_only\id51_id55_0001.mp4,FAKE
D:\major project\dataset\face only\Celeb_fake_face_only\id51_id55_0002.mp4,FAKE
D:\major project\dataset\face only\Celeb_fake_face_only\id51_id57_0002.mp4,FAKE
D:\major project\dataset\face only\Celeb_fake_face_only\id51_id58_0004.mp4,FAKE
D:\major project\dataset\face only\Celeb_real_face_only\id52_0000.mp4,REAL
D:\major project\dataset\face only\Celeb_real_face_only\id52_0001.mp4,REAL
D:\major project\dataset\face only\Celeb_real_face_only\id52_0002.mp4,REAL
D:\major project\dataset\face only\Celeb_real_face_only\id52_0003.mp4,REAL
D:\major project\dataset\face only\Celeb_real_face_only\id52_0004.mp4,REAL
D:\major project\dataset\face only\Celeb_real_face_only\id52_0005.mp4,REAL
D:\major project\dataset\face only\Celeb_real_face_only\id52_0006.mp4,REAL
D:\major project\dataset\face only\Celeb_real_face_only\id52_0007.mp4,REAL
D:\major project\dataset\face only\Celeb_real_face_only\id52_0008.mp4,REAL
D:\major project\dataset\face only\Celeb_real_face_only\id52_0009.mp4,REAL
D:\major project\dataset\face only\Celeb_fake_face_only\id52_id49_0001.mp4,FAKE
D:\major project\dataset\face only\Celeb_fake_face_only\id52_id49_0006.mp4,FAKE
D:\major project\dataset\face only\Celeb_fake_face_only\id52_id49_0008.mp4,FAKE
D:\major project\dataset\face only\Celeb_fake_face_only\id52_id53_0002.mp4,FAKE
D:\major project\dataset\face only\Celeb_fake_face_only\id52_id55_0002.mp4,FAKE
D:\major project\dataset\face only\Celeb_fake_face_only\id52_id57_0006.mp4,FAKE
D:\major project\dataset\face only\Celeb_fake_face_only\id52_id57_0009.mp4,FAKE
D:\major project\dataset\face only\Celeb_fake_face_only\id52_id58_0000.mp4,FAKE
D:\major project\dataset\face only\Celeb_fake_face_only\id52_id58_0001.mp4,FAKE
D:\major project\dataset\face only\Celeb_fake_face_only\id52_id58_0008.mp4,FAKE
D:\major project\dataset\face only\Celeb_real_face_only\id53_0000.mp4,REAL
D:\major project\dataset\face only\Celeb_real_face_only\id53_0001.mp4,REAL
D:\major project\dataset\face only\Celeb_real_face_only\id53_0002.mp4,REAL
D:\major project\dataset\face only\Celeb_real_face_only\id53_0003.mp4,REAL
D:\major project\dataset\face only\Celeb_real_face_only\id53_0004.mp4,REAL
D:\major project\dataset\face only\Celeb_real_face_only\id53_0005.mp4,REAL
D:\major project\dataset\face only\Celeb_real_face_only\id53_0006.mp4,REAL
D:\major project\dataset\face only\Celeb_real_face_only\id53_0007.mp4,REAL
D:\major project\dataset\face only\Celeb_real_face_only\id53_0008.mp4,REAL
D:\major project\dataset\face only\Celeb_real_face_only\id53_0009.mp4,REAL
D:\major project\dataset\face only\Celeb_fake_face_only\id53_id49_0008.mp4,FAKE
D:\major project\dataset\face only\Celeb_fake_face_only\id53_id50_0005.mp4,FAKE
D:\major project\dataset\face only\Celeb_fake_face_only\id53_id50_0007.mp4,FAKE
D:\major project\dataset\face only\Celeb_fake_face_only\id53_id51_0000.mp4,FAKE
D:\major project\dataset\face only\Celeb_fake_face_only\id53_id52_0007.mp4,FAKE
D:\major project\dataset\face only\Celeb_fake_face_only\id53_id54_0000.mp4,FAKE
D:\major project\dataset\face only\Celeb_fake_face_only\id53_id55_0002.mp4,FAKE
D:\major project\dataset\face only\Celeb_fake_face_only\id53_id55_0005.mp4,FAKE
D:\major project\dataset\face only\Celeb_fake_face_only\id53_id56_0003.mp4,FAKE
D:\major project\dataset\face only\Celeb_fake_face_only\id53_id56_0008.mp4,FAKE
D:\major project\dataset\face only\Celeb_real_face_only\id54_0000.mp4,REAL
D:\major project\dataset\face only\Celeb_real_face_only\id54_0001.mp4,REAL
D:\major project\dataset\face only\Celeb_real_face_only\id54_0002.mp4,REAL
D:\major project\dataset\face only\Celeb_real_face_only\id54_0003.mp4,REAL
D:\major project\dataset\face only\Celeb_real_face_only\id54_0004.mp4,REAL
D:\major project\dataset\face only\Celeb_real_face_only\id54_0005.mp4,REAL
D:\major project\dataset\face only\Celeb_real_face_only\id54_0006.mp4,REAL
D:\major project\dataset\face only\Celeb_real_face_only\id54_0007.mp4,REAL
D:\major project\dataset\face only\Celeb_real_face_only\id54_0008.mp4,REAL
D:\major project\dataset\face only\Celeb_real_face_only\id54_0009.mp4,REAL
D:\major project\dataset\face only\Celeb_fake_face_only\id54_id49_0000.mp4,FAKE
D:\major project\dataset\face only\Celeb_fake_face_only\id54_id49_0003.mp4,FAKE
D:\major project\dataset\face only\Celeb_fake_face_only\id54_id49_0004.mp4,FAKE
D:\major project\dataset\face only\Celeb_fake_face_only\id54_id49_0007.mp4,FAKE
D:\major project\dataset\face only\Celeb_fake_face_only\id54_id50_0004.mp4,FAKE
D:\major project\dataset\face only\Celeb_fake_face_only\id54_id51_0008.mp4,FAKE
D:\major project\dataset\face only\Celeb_fake_face_only\id54_id55_0005.mp4,FAKE
D:\major project\dataset\face only\Celeb_fake_face_only\id54_id57_0004.mp4,FAKE
D:\major project\dataset\face only\Celeb_fake_face_only\id54_id58_0001.mp4,FAKE
D:\major project\dataset\face only\Celeb_fake_face_only\id54_id58_0007.mp4,FAKE
D:\major project\dataset\face only\Celeb_real_face_only\id55_0000.mp4,REAL
D:\major project\dataset\face only\Celeb_real_face_only\id55_0001.mp4,REAL
D:\major project\dataset\face only\Celeb_real_face_only\id55_0002.mp4,REAL
D:\major project\dataset\face only\Celeb_real_face_only\id55_0003.mp4,REAL
D:\major project\dataset\face only\Celeb_real_face_only\id55_0004.mp4,REAL
D:\major project\dataset\face only\Celeb_real_face_only\id55_0005.mp4,REAL
D:\major project\dataset\face only\Celeb_real_face_only\id55_0006.mp4,REAL
D:\major project\dataset\face only\Celeb_real_face_only\id55_0007.mp4,REAL
D:\major project\dataset\face only\Celeb_real_face_only\id55_0008.mp4,REAL
D:\major project\dataset\face only\Celeb_real_face_only\id55_0009.mp4,REAL
D:\major project\dataset\face only\Celeb_fake_face_only\id55_id49_0009.mp4,FAKE
D:\major project\dataset\face only\Celeb_fake_face_only\id55_id50_0001.mp4,FAKE
D:\major project\dataset\face only\Celeb_fake_face_only\id55_id51_0000.mp4,FAKE
D:\major project\dataset\face only\Celeb_fake_face_only\id55_id51_0009.mp4,FAKE
D:\major project\dataset\face only\Celeb_fake_face_only\id55_id52_0005.mp4,FAKE
D:\major project\dataset\face only\Celeb_fake_face_only\id55_id52_0007.mp4,FAKE
D:\major project\dataset\face only\Celeb_fake_face_only\id55_id53_0007.mp4,FAKE
D:\major project\dataset\face only\Celeb_fake_face_only\id55_id56_0002.mp4,FAKE
D:\major project\dataset\face only\Celeb_fake_face_only\id55_id57_0001.mp4,FAKE
D:\major project\dataset\face only\Celeb_fake_face_only\id55_id58_0008.mp4,FAKE
D:\major project\dataset\face only\Celeb_real_face_only\id56_0000.mp4,REAL
D:\major project\dataset\face only\Celeb_real_face_only\id56_0001.mp4,REAL
D:\major project\dataset\face only\Celeb_real_face_only\id56_0002.mp4,REAL
D:\major project\dataset\face only\Celeb_real_face_only\id56_0003.mp4,REAL
D:\major project\dataset\face only\Celeb_real_face_only\id56_0004.mp4,REAL
D:\major project\dataset\face only\Celeb_real_face_only\id56_0005.mp4,REAL
D:\major project\dataset\face only\Celeb_real_face_only\id56_0006.mp4,REAL
D:\major project\dataset\face only\Celeb_real_face_only\id56_0007.mp4,REAL
D:\major project\dataset\face only\Celeb_real_face_only\id56_0008.mp4,REAL
D:\major project\dataset\face only\Celeb_real_face_only\id56_0009.mp4,REAL
D:\major project\dataset\face only\Celeb_fake_face_only\id56_id49_0006.mp4,FAKE
D:\major project\dataset\face only\Celeb_fake_face_only\id56_id50_0002.mp4,FAKE
D:\major project\dataset\face only\Celeb_fake_face_only\id56_id51_0001.mp4,FAKE
D:\major project\dataset\face only\Celeb_fake_face_only\id56_id52_0000.mp4,FAKE
D:\major project\dataset\face only\Celeb_fake_face_only\id56_id52_0001.mp4,FAKE
D:\major project\dataset\face only\Celeb_fake_face_only\id56_id52_0003.mp4,FAKE
D:\major project\dataset\face only\Celeb_fake_face_only\id56_id54_0008.mp4,FAKE
D:\major project\dataset\face only\Celeb_fake_face_only\id56_id55_0008.mp4,FAKE
D:\major project\dataset\face only\Celeb_fake_face_only\id56_id55_0009.mp4,FAKE
D:\major project\dataset\face only\Celeb_fake_face_only\id56_id58_0000.mp4,FAKE
D:\major project\dataset\face only\Celeb_real_face_only\id57_0000.mp4,REAL
D:\major project\dataset\face only\Celeb_real_face_only\id57_0001.mp4,REAL
D:\major project\dataset\face only\Celeb_real_face_only\id57_0002.mp4,REAL
D:\major project\dataset\face only\Celeb_real_face_only\id57_0003.mp4,REAL
D:\major project\dataset\face only\Celeb_real_face_only\id57_0004.mp4,REAL
D:\major project\dataset\face only\Celeb_real_face_only\id57_0005.mp4,REAL
D:\major project\dataset\face only\Celeb_real_face_only\id57_0006.mp4,REAL
D:\major project\dataset\face only\Celeb_real_face_only\id57_0007.mp4,REAL
D:\major project\dataset\face only\Celeb_real_face_only\id57_0008.mp4,REAL
D:\major project\dataset\face only\Celeb_real_face_only\id57_0009.mp4,REAL
D:\major project\dataset\face only\Celeb_fake_face_only\id57_id50_0000.mp4,FAKE
D:\major project\dataset\face only\Celeb_fake_face_only\id57_id52_0003.mp4,FAKE
D:\major project\dataset\face only\Celeb_fake_face_only\id57_id53_0003.mp4,FAKE
D:\major project\dataset\face only\Celeb_fake_face_only\id57_id54_0007.mp4,FAKE
D:\major project\dataset\face only\Celeb_fake_face_only\id57_id55_0000.mp4,FAKE
D:\major project\dataset\face only\Celeb_fake_face_only\id57_id55_0001.mp4,FAKE
D:\major project\dataset\face only\Celeb_fake_face_only\id57_id55_0007.mp4,FAKE
D:\major project\dataset\face only\Celeb_fake_face_only\id57_id56_0004.mp4,FAKE
D:\major project\dataset\face only\Celeb_fake_face_only\id57_id58_0000.mp4,FAKE
D:\major project\dataset\face only\Celeb_fake_face_only\id57_id58_0004.mp4,FAKE
D:\major project\dataset\face only\Celeb_real_face_only\id58_0000.mp4,REAL
D:\major project\dataset\face only\Celeb_real_face_only\id58_0001.mp4,REAL
D:\major project\dataset\face only\Celeb_real_face_only\id58_0002.mp4,REAL
D:\major project\dataset\face only\Celeb_real_face_only\id58_0003.mp4,REAL
D:\major project\dataset\face only\Celeb_real_face_only\id58_0004.mp4,REAL
D:\major project\dataset\face only\Celeb_real_face_only\id58_0005.mp4,REAL
D:\major project\dataset\face only\Celeb_real_face_only\id58_0006.mp4,REAL
D:\major project\dataset\face only\Celeb_real_face_only\id58_0007.mp4,REAL
D:\major project\dataset\face only\Celeb_real_face_only\id58_0008.mp4,REAL
D:\major project\dataset\face only\Celeb_real_face_only\id58_0009.mp4,REAL
D:\major project\dataset\face only\Celeb_fake_face_only\id58_id49_0002.mp4,FAKE
D:\major project\dataset\face only\Celeb_fake_face_only\id58_id51_0004.mp4,FAKE
D:\major project\dataset\face only\Celeb_fake_face_only\id58_id51_0007.mp4,FAKE
D:\major project\dataset\face only\Celeb_fake_face_only\id58_id52_0004.mp4,FAKE
D:\major project\dataset\face only\Celeb_fake_face_only\id58_id54_0002.mp4,FAKE
D:\major project\dataset\face only\Celeb_fake_face_only\id58_id55_0002.mp4,FAKE
D:\major project\dataset\face only\Celeb_fake_face_only\id58_id55_0005.mp4,FAKE
D:\major project\dataset\face only\Celeb_fake_face_only\id58_id55_0007.mp4,FAKE
D:\major project\dataset\face only\Celeb_fake_face_only\id58_id55_0008.mp4,FAKE
D:\major project\dataset\face only\Celeb_fake_face_only\id58_id57_0006.mp4,FAKE
D:\major project\dataset\face only\Celeb_real_face_only\id59_0000.mp4,REAL
D:\major project\dataset\face only\Celeb_real_face_only\id59_0001.mp4,REAL
D:\major project\dataset\face only\Celeb_real_face_only\id59_0002.mp4,REAL
D:\major project\dataset\face only\Celeb_real_face_only\id59_0003.mp4,REAL
D:\major project\dataset\face only\Celeb_real_face_only\id59_0004.mp4,REAL
D:\major project\dataset\face only\Celeb_real_face_only\id59_0005.mp4,REAL
D:\major project\dataset\face only\Celeb_real_face_only\id59_0006.mp4,REAL
D:\major project\dataset\face only\Celeb_real_face_only\id59_0007.mp4,REAL
D:\major project\dataset\face only\Celeb_real_face_only\id59_0008.mp4,REAL
D:\major project\dataset\face only\Celeb_real_face_only\id59_0009.mp4,REAL
D:\major project\dataset\face only\Celeb_fake_face_only\id59_id5_0000.mp4,FAKE
D:\major project\dataset\face only\Celeb_fake_face_only\id59_id5_0001.mp4,FAKE
D:\major project\dataset\face only\Celeb_fake_face_only\id59_id5_0005.mp4,FAKE
D:\major project\dataset\face only\Celeb_fake_face_only\id59_id5_0006.mp4,FAKE
D:\major project\dataset\face only\Celeb_fake_face_only\id59_id60_0000.mp4,FAKE
D:\major project\dataset\face only\Celeb_fake_face_only\id59_id60_0005.mp4,FAKE
D:\major project\dataset\face only\Celeb_fake_face_only\id59_id60_0006.mp4,FAKE
D:\major project\dataset\face only\Celeb_fake_face_only\id59_id61_0000.mp4,FAKE
D:\major project\dataset\face only\Celeb_fake_face_only\id59_id61_0005.mp4,FAKE
D:\major project\dataset\face only\Celeb_fake_face_only\id59_id61_0007.mp4,FAKE
D:\major project\dataset\face only\Celeb_real_face_only\id6_0000.mp4,REAL
D:\major project\dataset\face only\Celeb_real_face_only\id6_0001.mp4,REAL
D:\major project\dataset\face only\Celeb_real_face_only\id6_0002.mp4,REAL
D:\major project\dataset\face only\Celeb_real_face_only\id6_0003.mp4,REAL
D:\major project\dataset\face only\Celeb_real_face_only\id6_0004.mp4,REAL
D:\major project\dataset\face only\Celeb_real_face_only\id6_0005.mp4,REAL
D:\major project\dataset\face only\Celeb_real_face_only\id6_0006.mp4,REAL
D:\major project\dataset\face only\Celeb_real_face_only\id6_0007.mp4,REAL
D:\major project\dataset\face only\Celeb_real_face_only\id6_0008.mp4,REAL
D:\major project\dataset\face only\Celeb_real_face_only\id6_0009.mp4,REAL
D:\major project\dataset\face only\Celeb_fake_face_only\id6_id1_0001.mp4,FAKE
D:\major project\dataset\face only\Celeb_fake_face_only\id6_id2_0002.mp4,FAKE
D:\major project\dataset\face only\Celeb_fake_face_only\id6_id23_0000.mp4,FAKE
D:\major project\dataset\face only\Celeb_fake_face_only\id6_id26_0005.mp4,FAKE
D:\major project\dataset\face only\Celeb_fake_face_only\id6_id28_0004.mp4,FAKE
D:\major project\dataset\face only\Celeb_fake_face_only\id6_id3_0000.mp4,FAKE
D:\major project\dataset\face only\Celeb_fake_face_only\id6_id30_0001.mp4,FAKE
D:\major project\dataset\face only\Celeb_fake_face_only\id6_id37_0004.mp4,FAKE
D:\major project\dataset\face only\Celeb_fake_face_only\id6_id37_0009.mp4,FAKE
D:\major project\dataset\face only\Celeb_fake_face_only\id6_id9_0001.mp4,FAKE
D:\major project\dataset\face only\Celeb_real_face_only\id60_0000.mp4,REAL
D:\major project\dataset\face only\Celeb_real_face_only\id60_0001.mp4,REAL
D:\major project\dataset\face only\Celeb_real_face_only\id60_0002.mp4,REAL
D:\major project\dataset\face only\Celeb_real_face_only\id60_0003.mp4,REAL
D:\major project\dataset\face only\Celeb_real_face_only\id60_0004.mp4,REAL
D:\major project\dataset\face only\Celeb_real_face_only\id60_0005.mp4,REAL
D:\major project\dataset\face only\Celeb_real_face_only\id60_0006.mp4,REAL
D:\major project\dataset\face only\Celeb_real_face_only\id60_0007.mp4,REAL
D:\major project\dataset\face only\Celeb_real_face_only\id60_0008.mp4,REAL
D:\major project\dataset\face only\Celeb_real_face_only\id60_0009.mp4,REAL
D:\major project\dataset\face only\Celeb_fake_face_only\id60_id5_0000.mp4,FAKE
D:\major project\dataset\face only\Celeb_fake_face_only\id60_id5_0004.mp4,FAKE
D:\major project\dataset\face only\Celeb_fake_face_only\id60_id5_0006.mp4,FAKE
D:\major project\dataset\face only\Celeb_fake_face_only\id60_id5_0008.mp4,FAKE
D:\major project\dataset\face only\Celeb_fake_face_only\id60_id59_0004.mp4,FAKE
D:\major project\dataset\face only\Celeb_fake_face_only\id60_id61_0000.mp4,FAKE
D:\major project\dataset\face only\Celeb_fake_face_only\id60_id61_0003.mp4,FAKE
D:\major project\dataset\face only\Celeb_fake_face_only\id60_id61_0005.mp4,FAKE
D:\major project\dataset\face only\Celeb_fake_face_only\id60_id61_0006.mp4,FAKE
D:\major project\dataset\face only\Celeb_fake_face_only\id60_id61_0008.mp4,FAKE
D:\major project\dataset\face only\Celeb_real_face_only\id61_0000.mp4,REAL
D:\major project\dataset\face only\Celeb_real_face_only\id61_0001.mp4,REAL
D:\major project\dataset\face only\Celeb_real_face_only\id61_0002.mp4,REAL
D:\major project\dataset\face only\Celeb_real_face_only\id61_0003.mp4,REAL
D:\major project\dataset\face only\Celeb_real_face_only\id61_0004.mp4,REAL
D:\major project\dataset\face only\Celeb_real_face_only\id61_0005.mp4,REAL
D:\major project\dataset\face only\Celeb_real_face_only\id61_0006.mp4,REAL
D:\major project\dataset\face only\Celeb_real_face_only\id61_0007.mp4,REAL
D:\major project\dataset\face only\Celeb_real_face_only\id61_0008.mp4,REAL
D:\major project\dataset\face only\Celeb_real_face_only\id61_0009.mp4,REAL
D:\major project\dataset\face only\Celeb_fake_face_only\id61_id5_0000.mp4,FAKE
D:\major project\dataset\face only\Celeb_fake_face_only\id61_id5_0005.mp4,FAKE
D:\major project\dataset\face only\Celeb_fake_face_only\id61_id5_0006.mp4,FAKE
D:\major project\dataset\face only\Celeb_fake_face_only\id61_id5_0009.mp4,FAKE
D:\major project\dataset\face only\Celeb_fake_face_only\id61_id59_0006.mp4,FAKE
D:\major project\dataset\face only\Celeb_fake_face_only\id61_id60_0000.mp4,FAKE
D:\major project\dataset\face only\Celeb_fake_face_only\id61_id60_0002.mp4,FAKE
D:\major project\dataset\face only\Celeb_fake_face_only\id61_id60_0005.mp4,FAKE
D:\major project\dataset\face only\Celeb_fake_face_only\id61_id60_0006.mp4,FAKE
D:\major project\dataset\face only\Celeb_fake_face_only\id61_id60_0009.mp4,FAKE
D:\major project\dataset\face only\Celeb_real_face_only\id7_0000.mp4,REAL
D:\major project\dataset\face only\Celeb_real_face_only\id7_0001.mp4,REAL
D:\major project\dataset\face only\Celeb_real_face_only\id7_0002.mp4,REAL
D:\major project\dataset\face only\Celeb_real_face_only\id7_0003.mp4,REAL
D:\major project\dataset\face only\Celeb_real_face_only\id7_0004.mp4,REAL
D:\major project\dataset\face only\Celeb_real_face_only\id7_0005.mp4,REAL
D:\major project\dataset\face only\Celeb_real_face_only\id7_0006.mp4,REAL
D:\major project\dataset\face only\Celeb_real_face_only\id7_0007.mp4,REAL
D:\major project\dataset\face only\Celeb_real_face_only\id7_0008.mp4,REAL
D:\major project\dataset\face only\Celeb_real_face_only\id7_0009.mp4,REAL
D:\major project\dataset\face only\Celeb_fake_face_only\id7_id10_0001.mp4,FAKE
D:\major project\dataset\face only\Celeb_fake_face_only\id7_id10_0004.mp4,FAKE
D:\major project\dataset\face only\Celeb_fake_face_only\id7_id10_0009.mp4,FAKE
D:\major project\dataset\face only\Celeb_fake_face_only\id7_id11_0000.mp4,FAKE
D:\major project\dataset\face only\Celeb_fake_face_only\id7_id11_0002.mp4,FAKE
D:\major project\dataset\face only\Celeb_fake_face_only\id7_id11_0004.mp4,FAKE
D:\major project\dataset\face only\Celeb_fake_face_only\id7_id12_0002.mp4,FAKE
D:\major project\dataset\face only\Celeb_fake_face_only\id7_id13_0000.mp4,FAKE
D:\major project\dataset\face only\Celeb_fake_face_only\id7_id13_0006.mp4,FAKE
D:\major project\dataset\face only\Celeb_fake_face_only\id7_id13_0007.mp4,FAKE
D:\major project\dataset\face only\Celeb_real_face_only\id8_0000.mp4,REAL
D:\major project\dataset\face only\Celeb_real_face_only\id8_0001.mp4,REAL
D:\major project\dataset\face only\Celeb_real_face_only\id8_0002.mp4,REAL
D:\major project\dataset\face only\Celeb_real_face_only\id8_0003.mp4,REAL
D:\major project\dataset\face only\Celeb_real_face_only\id8_0004.mp4,REAL
D:\major project\dataset\face only\Celeb_real_face_only\id8_0005.mp4,REAL
D:\major project\dataset\face only\Celeb_real_face_only\id8_0006.mp4,REAL
D:\major project\dataset\face only\Celeb_real_face_only\id8_0007.mp4,REAL
D:\major project\dataset\face only\Celeb_real_face_only\id8_0008.mp4,REAL
D:\major project\dataset\face only\Celeb_real_face_only\id8_0009.mp4,REAL
D:\major project\dataset\face only\Celeb_fake_face_only\id8_id1_0002.mp4,FAKE
D:\major project\dataset\face only\Celeb_fake_face_only\id8_id2_0003.mp4,FAKE
D:\major project\dataset\face only\Celeb_fake_face_only\id8_id2_0008.mp4,FAKE
D:\major project\dataset\face only\Celeb_fake_face_only\id8_id3_0002.mp4,FAKE
D:\major project\dataset\face only\Celeb_fake_face_only\id8_id3_0007.mp4,FAKE
D:\major project\dataset\face only\Celeb_fake_face_only\id8_id4_0007.mp4,FAKE
D:\major project\dataset\face only\Celeb_fake_face_only\id8_id5_0008.mp4,FAKE
D:\major project\dataset\face only\Celeb_fake_face_only\id8_id6_0007.mp4,FAKE
D:\major project\dataset\face only\Celeb_fake_face_only\id8_id9_0003.mp4,FAKE
D:\major project\dataset\face only\Celeb_fake_face_only\id8_id9_0007.mp4,FAKE
D:\major project\dataset\face only\Celeb_real_face_only\id9_0000.mp4,REAL
D:\major project\dataset\face only\Celeb_real_face_only\id9_0001.mp4,REAL
D:\major project\dataset\face only\Celeb_real_face_only\id9_0002.mp4,REAL
D:\major project\dataset\face only\Celeb_real_face_only\id9_0003.mp4,REAL
D:\major project\dataset\face only\Celeb_real_face_only\id9_0004.mp4,REAL
D:\major project\dataset\face only\Celeb_real_face_only\id9_0005.mp4,REAL
D:\major project\dataset\face only\Celeb_real_face_only\id9_0006.mp4,REAL
D:\major project\dataset\face only\Celeb_real_face_only\id9_0007.mp4,REAL
D:\major project\dataset\face only\Celeb_real_face_only\id9_0008.mp4,REAL
D:\major project\dataset\face only\Celeb_real_face_only\id9_0009.mp4,REAL
D:\major project\dataset\face only\Celeb_fake_face_only\id9_id0_0007.mp4,FAKE
D:\major project\dataset\face only\Celeb_fake_face_only\id9_id16_0009.mp4,FAKE
D:\major project\dataset\face only\Celeb_fake_face_only\id9_id20_0004.mp4,FAKE
D:\major project\dataset\face only\Celeb_fake_face_only\id9_id21_0006.mp4,FAKE
D:\major project\dataset\face only\Celeb_fake_face_only\id9_id26_0000.mp4,FAKE
D:\major project\dataset\face only\Celeb_fake_face_only\id9_id31_0003.mp4,FAKE
D:\major project\dataset\face only\Celeb_fake_face_only\id9_id31_0006.mp4,FAKE
D:\major project\dataset\face only\Celeb_fake_face_only\id9_id35_0005.mp4,FAKE
D:\major project\dataset\face only\Celeb_fake_face_only\id9_id37_0006.mp4,FAKE
D:\major project\dataset\face only\Celeb_fake_face_only\id9_id4_0005.mp4,FAKE
D:\major project\dataset\face only\DFDC_FAKE_Face_only_data\aaqaifqrwn.mp4,FAKE
D:\major project\dataset\face only\DFDC_FAKE_Face_only_data\abhggqdift.mp4,FAKE
D:\major project\dataset\face only\DFDC_FAKE_Face_only_data\acagallncj.mp4,FAKE
D:\major project\dataset\face only\DFDC_FAKE_Face_only_data\acdkfksyev.mp4,FAKE
D:\major project\dataset\face only\DFDC_FAKE_Face_only_data\achdeirhym.mp4,FAKE
D:\major project\dataset\face only\DFDC_FAKE_Face_only_data\acryukkddn.mp4,FAKE
D:\major project\dataset\face only\DFDC_FAKE_Face_only_data\adftmlvzfs.mp4,FAKE
D:\major project\dataset\face only\DFDC_FAKE_Face_only_data\aegvtnwqoe.mp4,FAKE
D:\major project\dataset\face only\DFDC_FAKE_Face_only_data\aejvkfbtxs.mp4,FAKE
D:\major project\dataset\face only\DFDC_FAKE_Face_only_data\agplffthuy.mp4,FAKE
D:\major project\dataset\face only\DFDC_FAKE_Face_only_data\ahhdprhoww.mp4,FAKE
D:\major project\dataset\face only\DFDC_FAKE_Face_only_data\aimzesksew.mp4,FAKE
D:\major project\dataset\face only\DFDC_FAKE_Face_only_data\ajeegjgyzk.mp4,FAKE
D:\major project\dataset\face only\DFDC_FAKE_Face_only_data\akfjqoantp.mp4,FAKE
D:\major project\dataset\face only\DFDC_FAKE_Face_only_data\akpuczgfpk.mp4,FAKE
D:\major project\dataset\face only\DFDC_FAKE_Face_only_data\alidfjtwvg.mp4,FAKE
D:\major project\dataset\face only\DFDC_FAKE_Face_only_data\alnkzqihau.mp4,FAKE
D:\major project\dataset\face only\DFDC_FAKE_Face_only_data\ambabjrwbt.mp4,FAKE
D:\major project\dataset\face only\DFDC_FAKE_Face_only_data\amluexcfvi.mp4,FAKE
D:\major project\dataset\face only\DFDC_FAKE_Face_only_data\anorupqpeo.mp4,FAKE
D:\major project\dataset\face only\DFDC_REAL_Face_only_data\aokxvqadsx.mp4,REAL
D:\major project\dataset\face only\DFDC_FAKE_Face_only_data\aoydktojny.mp4,FAKE
D:\major project\dataset\face only\DFDC_FAKE_Face_only_data\apmzxocjio.mp4,FAKE
D:\major project\dataset\face only\DFDC_REAL_Face_only_data\apvzjkvnwn.mp4,REAL
D:\major project\dataset\face only\DFDC_FAKE_Face_only_data\apzckowxpy.mp4,FAKE
D:\major project\dataset\face only\DFDC_FAKE_Face_only_data\ardmfelhgw.mp4,FAKE
D:\major project\dataset\face only\DFDC_FAKE_Face_only_data\arvqhnzltg.mp4,FAKE
D:\major project\dataset\face only\DFDC_FAKE_Face_only_data\arwyjgnvlp.mp4,FAKE
D:\major project\dataset\face only\DFDC_FAKE_Face_only_data\asdzplbhnm.mp4,FAKE
D:\major project\dataset\face only\DFDC_FAKE_Face_only_data\asxhhsants.mp4,FAKE
D:\major project\dataset\face only\DFDC_FAKE_Face_only_data\atisizneup.mp4,FAKE
D:\major project\dataset\face only\DFDC_FAKE_Face_only_data\atpngxfnhr.mp4,FAKE
D:\major project\dataset\face only\DFDC_FAKE_Face_only_data\atrteuctxr.mp4,FAKE
D:\major project\dataset\face only\DFDC_FAKE_Face_only_data\atuvrbyqor.mp4,FAKE
D:\major project\dataset\face only\DFDC_FAKE_Face_only_data\atzwrsivnb.mp4,FAKE
D:\major project\dataset\face only\DFDC_FAKE_Face_only_data\augowetyej.mp4,FAKE
D:\major project\dataset\face only\DFDC_FAKE_Face_only_data\augwyjvlqa.mp4,FAKE
D:\major project\dataset\face only\DFDC_FAKE_Face_only_data\auquqlmsts.mp4,FAKE
D:\major project\dataset\face only\DFDC_FAKE_Face_only_data\avoqheikrk.mp4,FAKE
D:\major project\dataset\face only\DFDC_FAKE_Face_only_data\avznxuwvbx.mp4,FAKE
D:\major project\dataset\face only\DFDC_FAKE_Face_only_data\awfjdqqygu.mp4,FAKE
D:\major project\dataset\face only\DFDC_FAKE_Face_only_data\awigxxbbpb.mp4,FAKE
D:\major project\dataset\face only\DFDC_FAKE_Face_only_data\axbvoepbdc.mp4,FAKE
D:\major project\dataset\face only\DFDC_FAKE_Face_only_data\axfhbpkdlc.mp4,FAKE
D:\major project\dataset\face only\DFDC_FAKE_Face_only_data\axzjovaktp.mp4,FAKE
D:\major project\dataset\face only\DFDC_FAKE_Face_only_data\aylqthgnhe.mp4,FAKE
D:\major project\dataset\face only\DFDC_FAKE_Face_only_data\aymlynzeni.mp4,FAKE
D:\major project\dataset\face only\DFDC_FAKE_Face_only_data\bbnesewcot.mp4,FAKE
D:\major project\dataset\face only\DFDC_FAKE_Face_only_data\bbxqtnztyy.mp4,FAKE
D:\major project\dataset\face only\DFDC_FAKE_Face_only_data\bdnoxibdvz.mp4,FAKE
D:\major project\dataset\face only\DFDC_FAKE_Face_only_data\bemkbovwsz.mp4,FAKE
D:\major project\dataset\face only\DFDC_FAKE_Face_only_data\bfktkdugru.mp4,FAKE
D:\major project\dataset\face only\DFDC_FAKE_Face_only_data\bhbbqmdjkv.mp4,FAKE
D:\major project\dataset\face only\DFDC_FAKE_Face_only_data\bhvnfaylpk.mp4,FAKE
D:\major project\dataset\face only\DFDC_FAKE_Face_only_data\biatmogsbv.mp4,FAKE
D:\major project\dataset\face only\DFDC_FAKE_Face_only_data\bihlajjbnl.mp4,FAKE
D:\major project\dataset\face only\DFDC_FAKE_Face_only_data\birmbtezni.mp4,FAKE
D:\major project\dataset\face only\DFDC_FAKE_Face_only_data\bjuhnomrsu.mp4,FAKE
D:\major project\dataset\face only\DFDC_FAKE_Face_only_data\bjxasekfcx.mp4,FAKE
D:\major project\dataset\face only\DFDC_FAKE_Face_only_data\bkxxbtsvkz.mp4,FAKE
D:\major project\dataset\face only\DFDC_REAL_Face_only_data\blkbkvcffn.mp4,REAL
D:\major project\dataset\face only\DFDC_FAKE_Face_only_data\bmfkkzheii.mp4,FAKE
D:\major project\dataset\face only\DFDC_FAKE_Face_only_data\bnitzihcqs.mp4,FAKE
D:\major project\dataset\face only\DFDC_FAKE_Face_only_data\bobihhgccf.mp4,FAKE
D:\major project\dataset\face only\DFDC_FAKE_Face_only_data\bqamrsyvnf.mp4,FAKE
D:\major project\dataset\face only\DFDC_FAKE_Face_only_data\bqvhlqlrba.mp4,FAKE
D:\major project\dataset\face only\DFDC_FAKE_Face_only_data\brihlutndc.mp4,FAKE
D:\major project\dataset\face only\DFDC_FAKE_Face_only_data\brpkkgdggv.mp4,FAKE
D:\major project\dataset\face only\DFDC_FAKE_Face_only_data\brtujopkby.mp4,FAKE
D:\major project\dataset\face only\DFDC_FAKE_Face_only_data\btyxvpjgcc.mp4,FAKE
D:\major project\dataset\face only\DFDC_FAKE_Face_only_data\buzdtxdyid.mp4,FAKE
D:\major project\dataset\face only\DFDC_FAKE_Face_only_data\bwlxucgxro.mp4,FAKE
D:\major project\dataset\face only\DFDC_FAKE_Face_only_data\bwsytelwkm.mp4,FAKE
D:\major project\dataset\face only\DFDC_FAKE_Face_only_data\bxdhnnffvw.mp4,FAKE
D:\major project\dataset\face only\DFDC_FAKE_Face_only_data\bxgbpdjgjv.mp4,FAKE
D:\major project\dataset\face only\DFDC_FAKE_Face_only_data\bxooifrfzo.mp4,FAKE
D:\major project\dataset\face only\DFDC_FAKE_Face_only_data\bytfrsxnwi.mp4,FAKE
D:\major project\dataset\face only\DFDC_FAKE_Face_only_data\bzqzktvzdn.mp4,FAKE
D:\major project\dataset\face only\DFDC_FAKE_Face_only_data\bztdemptfg.mp4,FAKE
D:\major project\dataset\face only\DFDC_FAKE_Face_only_data\bzxauvpscl.mp4,FAKE
D:\major project\dataset\face only\DFDC_FAKE_Face_only_data\calhtslbzf.mp4,FAKE
D:\major project\dataset\face only\DFDC_FAKE_Face_only_data\cbybbxuusl.mp4,FAKE
D:\major project\dataset\face only\DFDC_FAKE_Face_only_data\ccrrlidqnp.mp4,FAKE
D:\major project\dataset\face only\DFDC_FAKE_Face_only_data\cctrhqvein.mp4,FAKE
D:\major project\dataset\face only\DFDC_FAKE_Face_only_data\cdcdoqbdmi.mp4,FAKE
D:\major project\dataset\face only\DFDC_FAKE_Face_only_data\cdyotmvujc.mp4,FAKE
D:\major project\dataset\face only\DFDC_FAKE_Face_only_data\cemftmsxis.mp4,FAKE
D:\major project\dataset\face only\DFDC_REAL_Face_only_data\chqqxfuuzi.mp4,REAL
D:\major project\dataset\face only\DFDC_FAKE_Face_only_data\cmxooumvba.mp4,FAKE
D:\major project\dataset\face only\DFDC_REAL_Face_only_data\comqkwjrft.mp4,REAL
D:\major project\dataset\face only\DFDC_REAL_Face_only_data\ddtbarpcgo.mp4,REAL
D:\major project\dataset\face only\DFDC_REAL_Face_only_data\dhjnjkzuhq.mp4,REAL
D:\major project\dataset\face only\DFDC_REAL_Face_only_data\didzujjhtg.mp4,REAL
D:\major project\dataset\face only\DFDC_REAL_Face_only_data\djjgzhluss.mp4,REAL
D:\major project\dataset\face only\DFDC_REAL_Face_only_data\doniqevxeg.mp4,REAL
D:\major project\dataset\face only\DFDC_REAL_Face_only_data\dpevefkefv.mp4,REAL
D:\major project\dataset\face only\DFDC_REAL_Face_only_data\dxfdovivlw.mp4,REAL
D:\major project\dataset\face only\DFDC_REAL_Face_only_data\eiwtggvtfp.mp4,REAL
D:\major project\dataset\face only\DFDC_REAL_Face_only_data\exseruhiuk.mp4,REAL
D:\major project\dataset\face only\DFDC_REAL_Face_only_data\exxqlfpnbz.mp4,REAL
D:\major project\dataset\face only\DFDC_REAL_Face_only_data\fdpisghkmd.mp4,REAL
D:\major project\dataset\face only\DFDC_REAL_Face_only_data\fmhiujydwo.mp4,REAL
D:\major project\dataset\face only\DFDC_REAL_Face_only_data\fneqiqpqvs.mp4,REAL
D:\major project\dataset\face only\DFDC_REAL_Face_only_data\fnslimfagb.mp4,REAL
D:\major project\dataset\face only\DFDC_REAL_Face_only_data\fopjiyxiqd.mp4,REAL
D:\major project\dataset\face only\DFDC_REAL_Face_only_data\fsaronfupy.mp4,REAL
D:\major project\dataset\face only\DFDC_REAL_Face_only_data\fufcmupzen.mp4,REAL
D:\major project\dataset\face only\DFDC_REAL_Face_only_data\gsshxchgqv.mp4,REAL
D:\major project\dataset\face only\DFDC_REAL_Face_only_data\gvasarkpfh.mp4,REAL
D:\major project\dataset\face only\DFDC_REAL_Face_only_data\hicjuubiau.mp4,REAL
D:\major project\dataset\face only\DFDC_REAL_Face_only_data\hivnldfvyl.mp4,REAL
D:\major project\dataset\face only\DFDC_REAL_Face_only_data\hntguogkqd.mp4,REAL
D:\major project\dataset\face only\DFDC_REAL_Face_only_data\hplxtssgnz.mp4,REAL
D:\major project\dataset\face only\DFDC_REAL_Face_only_data\hsbwhlolsn.mp4,REAL
D:\major project\dataset\face only\DFDC_REAL_Face_only_data\jawgcggquk.mp4,REAL
D:\major project\dataset\face only\DFDC_REAL_Face_only_data\jytrvwlewz.mp4,REAL
D:\major project\dataset\face only\DFDC_REAL_Face_only_data\jzupayeuln.mp4,REAL
D:\major project\dataset\face only\DFDC_REAL_Face_only_data\kqlvggiqee.mp4,REAL
D:\major project\dataset\face only\DFDC_REAL_Face_only_data\kvmpmhdxly.mp4,REAL
D:\major project\dataset\face only\DFDC_REAL_Face_only_data\kwfdyqofzw.mp4,REAL
D:\major project\dataset\face only\DFDC_REAL_Face_only_data\ldtgofdaqg.mp4,REAL
D:\major project\dataset\face only\DFDC_REAL_Face_only_data\ljuuovfkgi.mp4,REAL
D:\major project\dataset\face only\DFDC_REAL_Face_only_data\lnhkjhyhvw.mp4,REAL
D:\major project\dataset\face only\DFDC_REAL_Face_only_data\lnjkpdviqb.mp4,REAL
D:\major project\dataset\face only\DFDC_REAL_Face_only_data\lokzwdldxp.mp4,REAL
D:\major project\dataset\face only\DFDC_REAL_Face_only_data\lsmnqsnqld.mp4,REAL
D:\major project\dataset\face only\DFDC_REAL_Face_only_data\lujvyveojc.mp4,REAL
D:\major project\dataset\face only\DFDC_REAL_Face_only_data\lzbmwwejxb.mp4,REAL
D:\major project\dataset\face only\DFDC_REAL_Face_only_data\nfimdsszyf.mp4,REAL
D:\major project\dataset\face only\DFDC_REAL_Face_only_data\ngvcqxjhyb.mp4,REAL
D:\major project\dataset\face only\DFDC_REAL_Face_only_data\nhsijqpoda.mp4,REAL
D:\major project\dataset\face only\DFDC_REAL_Face_only_data\nrnklcxdzq.mp4,REAL
D:\major project\dataset\face only\DFDC_REAL_Face_only_data\nweufafotd.mp4,REAL
D:\major project\dataset\face only\DFDC_REAL_Face_only_data\objgwnmscm.mp4,REAL
D:\major project\dataset\face only\DFDC_REAL_Face_only_data\onbgbghesu.mp4,REAL
D:\major project\dataset\face only\DFDC_REAL_Face_only_data\ooafcxxfrs.mp4,REAL
D:\major project\dataset\face only\DFDC_REAL_Face_only_data\orblnqzpra.mp4,REAL
D:\major project\dataset\face only\DFDC_REAL_Face_only_data\pqdeutauqc.mp4,REAL
D:\major project\dataset\face only\DFDC_REAL_Face_only_data\prdrkaxeob.mp4,REAL
D:\major project\dataset\face only\DFDC_REAL_Face_only_data\psjfwjzrrh.mp4,REAL
D:\major project\dataset\face only\DFDC_REAL_Face_only_data\qarqtkvgby.mp4,REAL
D:\major project\dataset\face only\DFDC_REAL_Face_only_data\qyefejorlb.mp4,REAL
D:\major project\dataset\face only\DFDC_REAL_Face_only_data\rktrpsdlci.mp4,REAL
D:\major project\dataset\face only\DFDC_REAL_Face_only_data\rmufsuogzn.mp4,REAL
D:\major project\dataset\face only\DFDC_REAL_Face_only_data\rmuxlgsedw.mp4,REAL
D:\major project\dataset\face only\DFDC_REAL_Face_only_data\rnpefxwptv.mp4,REAL
D:\major project\dataset\face only\DFDC_REAL_Face_only_data\srfefmyjvt.mp4,REAL
D:\major project\dataset\face only\DFDC_REAL_Face_only_data\uonwfowmfa.mp4,REAL
D:\major project\dataset\face only\DFDC_REAL_Face_only_data\upmgtackuf.mp4,REAL
D:\major project\dataset\face only\DFDC_REAL_Face_only_data\uprwuohbwx.mp4,REAL
D:\major project\dataset\face only\DFDC_REAL_Face_only_data\uqtqhiqymz.mp4,REAL
D:\major project\dataset\face only\DFDC_REAL_Face_only_data\vmxfwxgdei.mp4,REAL
D:\major project\dataset\face only\DFDC_REAL_Face_only_data\vokrpfjpeb.mp4,REAL
D:\major project\dataset\face only\DFDC_REAL_Face_only_data\vpmyeepbep.mp4,REAL
D:\major project\dataset\face only\DFDC_REAL_Face_only_data\vtunvalyji.mp4,REAL
D:\major project\dataset\face only\DFDC_REAL_Face_only_data\wclvkepakb.mp4,REAL
D:\major project\dataset\face only\DFDC_REAL_Face_only_data\wcqvzujamg.mp4,REAL
D:\major project\dataset\face only\DFDC_REAL_Face_only_data\wfihvsniyz.mp4,REAL
D:\major project\dataset\face only\DFDC_REAL_Face_only_data\wfzjxzhdkj.mp4,REAL
D:\major project\dataset\face only\DFDC_REAL_Face_only_data\wynotylpnm.mp4,REAL
D:\major project\dataset\face only\DFDC_REAL_Face_only_data\xchzardbfa.mp4,REAL
D:\major project\dataset\face only\DFDC_REAL_Face_only_data\xcruhaccxc.mp4,REAL
D:\major project\dataset\face only\DFDC_REAL_Face_only_data\xjzkfqddyk.mp4,REAL
D:\major project\dataset\face only\DFDC_REAL_Face_only_data\xkfliqnmwt.mp4,REAL
D:\major project\dataset\face only\DFDC_REAL_Face_only_data\xmkwsnuzyq.mp4,REAL
D:\major project\dataset\face only\DFDC_REAL_Face_only_data\xugmhbetrw.mp4,REAL
D:\major project\dataset\face only\DFDC_REAL_Face_only_data\ybnucgidtu.mp4,REAL
D:\major project\dataset\face only\DFDC_REAL_Face_only_data\yexeazbqig.mp4,REAL
D:\major project\dataset\face only\DFDC_REAL_Face_only_data\yhylappzid.mp4,REAL
D:\major project\dataset\face only\DFDC_REAL_Face_only_data\yljecirelf.mp4,REAL
