D:\major project\dataset\face only\FF_Face_only_data\shortened\819.mp4,REAL
D:\major project\dataset\face only\FF_Face_only_data\shortened\821.mp4,REAL
D:\major project\dataset\face only\FF_Face_only_data\shortened\821_812.mp4,FAKE
D:\major project\dataset\face only\FF_Face_only_data\shortened\823_584.mp4,FAKE
D:\major project\dataset\face only\FF_Face_only_data\shortened\824.mp4,REAL
D:\major project\dataset\face only\FF_Face_only_data\shortened\824_419.mp4,FAKE
D:\major project\dataset\face only\FF_Face_only_data\shortened\825.mp4,REAL
D:\major project\dataset\face only\FF_Face_only_data\shortened\825_074.mp4,FAKE
D:\major project\dataset\face only\FF_Face_only_data\shortened\826.mp4,REAL
D:\major project\dataset\face only\FF_Face_only_data\shortened\826_833.mp4,FAKE
D:\major project\dataset\face only\FF_Face_only_data\shortened\827.mp4,REAL
D:\major project\dataset\face only\FF_Face_only_data\shortened\827_817.mp4,FAKE
D:\major project\dataset\face only\FF_Face_only_data\shortened\830.mp4,REAL
D:\major project\dataset\face only\FF_Face_only_data\shortened\830_828.mp4,FAKE
D:\major project\dataset\face only\FF_Face_only_data\shortened\831.mp4,REAL
D:\major project\dataset\face only\FF_Face_only_data\shortened\831_508.mp4,FAKE
D:\major project\dataset\face only\FF_Face_only_data\shortened\832.mp4,REAL
D:\major project\dataset\face only\FF_Face_only_data\shortened\832_762.mp4,FAKE
D:\major project\dataset\face only\FF_Face_only_data\shortened\833.mp4,REAL
D:\major project\dataset\face only\FF_Face_only_data\shortened\833_826.mp4,FAKE
D:\major project\dataset\face only\FF_Face_only_data\shortened\834_852.mp4,FAKE
D:\major project\dataset\face only\FF_Face_only_data\shortened\835.mp4,REAL
D:\major project\dataset\face only\FF_Face_only_data\shortened\835_651.mp4,FAKE
D:\major project\dataset\face only\FF_Face_only_data\shortened\836.mp4,REAL
D:\major project\dataset\face only\FF_Face_only_data\shortened\836_950.mp4,FAKE
D:\major project\dataset\face only\FF_Face_only_data\shortened\837.mp4,REAL
D:\major project\dataset\face only\FF_Face_only_data\shortened\837_890.mp4,FAKE
D:\major project\dataset\face only\FF_Face_only_data\shortened\838.mp4,REAL
D:\major project\dataset\face only\FF_Face_only_data\shortened\838_810.mp4,FAKE
D:\major project\dataset\face only\FF_Face_only_data\shortened\839.mp4,REAL
D:\major project\dataset\face only\FF_Face_only_data\shortened\839_864.mp4,FAKE
D:\major project\dataset\face only\FF_Face_only_data\shortened\840.mp4,REAL
D:\major project\dataset\face only\FF_Face_only_data\shortened\841_639.mp4,FAKE
D:\major project\dataset\face only\FF_Face_only_data\shortened\842.mp4,REAL
D:\major project\dataset\face only\FF_Face_only_data\shortened\842_714.mp4,FAKE
D:\major project\dataset\face only\FF_Face_only_data\shortened\843.mp4,REAL
D:\major project\dataset\face only\FF_Face_only_data\shortened\843_859.mp4,FAKE
D:\major project\dataset\face only\FF_Face_only_data\shortened\844.mp4,REAL
D:\major project\dataset\face only\FF_Face_only_data\shortened\844_797.mp4,FAKE
D:\major project\dataset\face only\FF_Face_only_data\shortened\845.mp4,REAL
D:\major project\dataset\face only\FF_Face_only_data\shortened\845_846.mp4,FAKE
D:\major project\dataset\face only\FF_Face_only_data\shortened\846.mp4,REAL
D:\major project\dataset\face only\FF_Face_only_data\shortened\846_845.mp4,FAKE
D:\major project\dataset\face only\FF_Face_only_data\shortened\847.mp4,REAL
D:\major project\dataset\face only\FF_Face_only_data\shortened\847_906.mp4,FAKE
D:\major project\dataset\face only\FF_Face_only_data\shortened\848.mp4,REAL
D:\major project\dataset\face only\FF_Face_only_data\shortened\848_894.mp4,FAKE
D:\major project\dataset\face only\FF_Face_only_data\shortened\849_771.mp4,FAKE
D:\major project\dataset\face only\FF_Face_only_data\shortened\850.mp4,REAL
D:\major project\dataset\face only\FF_Face_only_data\shortened\850_764.mp4,FAKE
D:\major project\dataset\face only\FF_Face_only_data\shortened\851.mp4,REAL
D:\major project\dataset\face only\FF_Face_only_data\shortened\851_552.mp4,FAKE
D:\major project\dataset\face only\FF_Face_only_data\shortened\852.mp4,REAL
D:\major project\dataset\face only\FF_Face_only_data\shortened\852_834.mp4,FAKE
D:\major project\dataset\face only\FF_Face_only_data\shortened\853.mp4,REAL
D:\major project\dataset\face only\FF_Face_only_data\shortened\853_863.mp4,FAKE
D:\major project\dataset\face only\FF_Face_only_data\shortened\854.mp4,REAL
D:\major project\dataset\face only\FF_Face_only_data\shortened\854_747.mp4,FAKE
D:\major project\dataset\face only\FF_Face_only_data\shortened\855.mp4,REAL
D:\major project\dataset\face only\FF_Face_only_data\shortened\855_801.mp4,FAKE
D:\major project\dataset\face only\FF_Face_only_data\shortened\856.mp4,REAL
D:\major project\dataset\face only\FF_Face_only_data\shortened\856_881.mp4,FAKE
D:\major project\dataset\face only\FF_Face_only_data\shortened\857.mp4,REAL
D:\major project\dataset\face only\FF_Face_only_data\shortened\857_909.mp4,FAKE
D:\major project\dataset\face only\FF_Face_only_data\shortened\858.mp4,REAL
D:\major project\dataset\face only\FF_Face_only_data\shortened\858_861.mp4,FAKE
D:\major project\dataset\face only\FF_Face_only_data\shortened\859.mp4,REAL
D:\major project\dataset\face only\FF_Face_only_data\shortened\859_843.mp4,FAKE
D:\major project\dataset\face only\FF_Face_only_data\shortened\860.mp4,REAL
D:\major project\dataset\face only\FF_Face_only_data\shortened\860_905.mp4,FAKE
D:\major project\dataset\face only\FF_Face_only_data\shortened\861.mp4,REAL
D:\major project\dataset\face only\FF_Face_only_data\shortened\861_858.mp4,FAKE
D:\major project\dataset\face only\FF_Face_only_data\shortened\862.mp4,REAL
D:\major project\dataset\face only\FF_Face_only_data\shortened\862_047.mp4,FAKE
D:\major project\dataset\face only\FF_Face_only_data\shortened\863.mp4,REAL
D:\major project\dataset\face only\FF_Face_only_data\shortened\863_853.mp4,FAKE
D:\major project\dataset\face only\FF_Face_only_data\shortened\864.mp4,REAL
D:\major project\dataset\face only\FF_Face_only_data\shortened\864_839.mp4,FAKE
D:\major project\dataset\face only\FF_Face_only_data\shortened\865.mp4,REAL
D:\major project\dataset\face only\FF_Face_only_data\shortened\865_739.mp4,FAKE
D:\major project\dataset\face only\FF_Face_only_data\shortened\866.mp4,REAL
D:\major project\dataset\face only\FF_Face_only_data\shortened\866_878.mp4,FAKE
D:\major project\dataset\face only\FF_Face_only_data\shortened\867.mp4,REAL
D:\major project\dataset\face only\FF_Face_only_data\shortened\867_765.mp4,FAKE
D:\major project\dataset\face only\FF_Face_only_data\shortened\868.mp4,REAL
D:\major project\dataset\face only\FF_Face_only_data\shortened\868_949.mp4,FAKE
D:\major project\dataset\face only\FF_Face_only_data\shortened\869.mp4,REAL
D:\major project\dataset\face only\FF_Face_only_data\shortened\869_780.mp4,FAKE
D:\major project\dataset\face only\FF_Face_only_data\shortened\870.mp4,REAL
D:\major project\dataset\face only\FF_Face_only_data\shortened\870_001.mp4,FAKE
D:\major project\dataset\face only\FF_Face_only_data\shortened\871.mp4,REAL
D:\major project\dataset\face only\FF_Face_only_data\shortened\871_814.mp4,FAKE
D:\major project\dataset\face only\FF_Face_only_data\shortened\872.mp4,REAL
D:\major project\dataset\face only\FF_Face_only_data\shortened\872_873.mp4,FAKE
D:\major project\dataset\face only\FF_Face_only_data\shortened\873.mp4,REAL
D:\major project\dataset\face only\FF_Face_only_data\shortened\873_872.mp4,FAKE
D:\major project\dataset\face only\FF_Face_only_data\shortened\874.mp4,REAL
D:\major project\dataset\face only\FF_Face_only_data\shortened\874_291.mp4,FAKE
D:\major project\dataset\face only\FF_Face_only_data\shortened\875.mp4,REAL
D:\major project\dataset\face only\FF_Face_only_data\shortened\875_979.mp4,FAKE
D:\major project\dataset\face only\FF_Face_only_data\shortened\876.mp4,REAL
D:\major project\dataset\face only\FF_Face_only_data\shortened\876_891.mp4,FAKE
D:\major project\dataset\face only\FF_Face_only_data\shortened\877.mp4,REAL
D:\major project\dataset\face only\FF_Face_only_data\shortened\877_886.mp4,FAKE
D:\major project\dataset\face only\FF_Face_only_data\shortened\878.mp4,REAL
D:\major project\dataset\face only\FF_Face_only_data\shortened\878_866.mp4,FAKE
D:\major project\dataset\face only\FF_Face_only_data\shortened\879.mp4,REAL
D:\major project\dataset\face only\FF_Face_only_data\shortened\879_963.mp4,FAKE
D:\major project\dataset\face only\FF_Face_only_data\shortened\880.mp4,REAL
D:\major project\dataset\face only\FF_Face_only_data\shortened\880_135.mp4,FAKE
D:\major project\dataset\face only\FF_Face_only_data\shortened\881.mp4,REAL
D:\major project\dataset\face only\FF_Face_only_data\shortened\881_856.mp4,FAKE
D:\major project\dataset\face only\FF_Face_only_data\shortened\882.mp4,REAL
D:\major project\dataset\face only\FF_Face_only_data\shortened\882_952.mp4,FAKE
D:\major project\dataset\face only\FF_Face_only_data\shortened\883.mp4,REAL
D:\major project\dataset\face only\FF_Face_only_data\shortened\883_013.mp4,FAKE
D:\major project\dataset\face only\FF_Face_only_data\shortened\884.mp4,REAL
D:\major project\dataset\face only\FF_Face_only_data\shortened\884_968.mp4,FAKE
D:\major project\dataset\face only\FF_Face_only_data\shortened\885.mp4,REAL
D:\major project\dataset\face only\FF_Face_only_data\shortened\885_802.mp4,FAKE
D:\major project\dataset\face only\FF_Face_only_data\shortened\886.mp4,REAL
D:\major project\dataset\face only\FF_Face_only_data\shortened\886_877.mp4,FAKE
D:\major project\dataset\face only\FF_Face_only_data\shortened\887.mp4,REAL
D:\major project\dataset\face only\FF_Face_only_data\shortened\887_275.mp4,FAKE
D:\major project\dataset\face only\FF_Face_only_data\shortened\888.mp4,REAL
D:\major project\dataset\face only\FF_Face_only_data\shortened\888_937.mp4,FAKE
D:\major project\dataset\face only\FF_Face_only_data\shortened\889.mp4,REAL
D:\major project\dataset\face only\FF_Face_only_data\shortened\889_045.mp4,FAKE
D:\major project\dataset\face only\FF_Face_only_data\shortened\890.mp4,REAL
D:\major project\dataset\face only\FF_Face_only_data\shortened\890_837.mp4,FAKE
D:\major project\dataset\face only\FF_Face_only_data\shortened\891.mp4,REAL
D:\major project\dataset\face only\FF_Face_only_data\shortened\891_876.mp4,FAKE
D:\major project\dataset\face only\FF_Face_only_data\shortened\892.mp4,REAL
D:\major project\dataset\face only\FF_Face_only_data\shortened\892_112.mp4,FAKE
D:\major project\dataset\face only\FF_Face_only_data\shortened\893.mp4,REAL
D:\major project\dataset\face only\FF_Face_only_data\shortened\893_913.mp4,FAKE
D:\major project\dataset\face only\FF_Face_only_data\shortened\894.mp4,REAL
D:\major project\dataset\face only\FF_Face_only_data\shortened\894_848.mp4,FAKE
D:\major project\dataset\face only\FF_Face_only_data\shortened\895.mp4,REAL
D:\major project\dataset\face only\FF_Face_only_data\shortened\895_915.mp4,FAKE
D:\major project\dataset\face only\FF_Face_only_data\shortened\896.mp4,REAL
D:\major project\dataset\face only\FF_Face_only_data\shortened\896_128.mp4,FAKE
D:\major project\dataset\face only\FF_Face_only_data\shortened\897.mp4,REAL
D:\major project\dataset\face only\FF_Face_only_data\shortened\897_969.mp4,FAKE
D:\major project\dataset\face only\FF_Face_only_data\shortened\898.mp4,REAL
D:\major project\dataset\face only\FF_Face_only_data\shortened\898_922.mp4,FAKE
D:\major project\dataset\face only\FF_Face_only_data\shortened\899.mp4,REAL
D:\major project\dataset\face only\FF_Face_only_data\shortened\899_914.mp4,FAKE
D:\major project\dataset\face only\FF_Face_only_data\shortened\900.mp4,REAL
D:\major project\dataset\face only\FF_Face_only_data\shortened\900_926.mp4,FAKE
D:\major project\dataset\face only\FF_Face_only_data\shortened\901.mp4,REAL
D:\major project\dataset\face only\FF_Face_only_data\shortened\901_902.mp4,FAKE
D:\major project\dataset\face only\FF_Face_only_data\shortened\902.mp4,REAL
D:\major project\dataset\face only\FF_Face_only_data\shortened\902_901.mp4,FAKE
D:\major project\dataset\face only\FF_Face_only_data\shortened\903.mp4,REAL
D:\major project\dataset\face only\FF_Face_only_data\shortened\903_792.mp4,FAKE
D:\major project\dataset\face only\FF_Face_only_data\shortened\904.mp4,REAL
D:\major project\dataset\face only\FF_Face_only_data\shortened\904_046.mp4,FAKE
D:\major project\dataset\face only\FF_Face_only_data\shortened\905.mp4,REAL
D:\major project\dataset\face only\FF_Face_only_data\shortened\905_860.mp4,FAKE
D:\major project\dataset\face only\FF_Face_only_data\shortened\906.mp4,REAL
D:\major project\dataset\face only\FF_Face_only_data\shortened\906_847.mp4,FAKE
D:\major project\dataset\face only\FF_Face_only_data\shortened\907.mp4,REAL
D:\major project\dataset\face only\FF_Face_only_data\shortened\907_795.mp4,FAKE
D:\major project\dataset\face only\FF_Face_only_data\shortened\908.mp4,REAL
D:\major project\dataset\face only\FF_Face_only_data\shortened\908_207.mp4,FAKE
D:\major project\dataset\face only\FF_Face_only_data\shortened\909.mp4,REAL
D:\major project\dataset\face only\FF_Face_only_data\shortened\909_857.mp4,FAKE
D:\major project\dataset\face only\FF_Face_only_data\shortened\910.mp4,REAL
D:\major project\dataset\face only\FF_Face_only_data\shortened\910_911.mp4,FAKE
D:\major project\dataset\face only\FF_Face_only_data\shortened\911.mp4,REAL
D:\major project\dataset\face only\FF_Face_only_data\shortened\911_910.mp4,FAKE
D:\major project\dataset\face only\FF_Face_only_data\shortened\912.mp4,REAL
D:\major project\dataset\face only\FF_Face_only_data\shortened\912_927.mp4,FAKE
D:\major project\dataset\face only\FF_Face_only_data\shortened\913.mp4,REAL
D:\major project\dataset\face only\FF_Face_only_data\shortened\913_893.mp4,FAKE
D:\major project\dataset\face only\FF_Face_only_data\shortened\914.mp4,REAL
D:\major project\dataset\face only\FF_Face_only_data\shortened\914_899.mp4,FAKE
D:\major project\dataset\face only\FF_Face_only_data\shortened\915.mp4,REAL
D:\major project\dataset\face only\FF_Face_only_data\shortened\915_895.mp4,FAKE
D:\major project\dataset\face only\FF_Face_only_data\shortened\916.mp4,REAL
D:\major project\dataset\face only\FF_Face_only_data\shortened\916_783.mp4,FAKE
D:\major project\dataset\face only\FF_Face_only_data\shortened\917.mp4,REAL
D:\major project\dataset\face only\FF_Face_only_data\shortened\917_924.mp4,FAKE
D:\major project\dataset\face only\FF_Face_only_data\shortened\918.mp4,REAL
D:\major project\dataset\face only\FF_Face_only_data\shortened\918_934.mp4,FAKE
D:\major project\dataset\face only\FF_Face_only_data\shortened\919.mp4,REAL
D:\major project\dataset\face only\FF_Face_only_data\shortened\919_015.mp4,FAKE
D:\major project\dataset\face only\FF_Face_only_data\shortened\920.mp4,REAL
D:\major project\dataset\face only\FF_Face_only_data\shortened\920_811.mp4,FAKE
D:\major project\dataset\face only\FF_Face_only_data\shortened\921.mp4,REAL
D:\major project\dataset\face only\FF_Face_only_data\shortened\921_569.mp4,FAKE
D:\major project\dataset\face only\FF_Face_only_data\shortened\922.mp4,REAL
D:\major project\dataset\face only\FF_Face_only_data\shortened\922_898.mp4,FAKE
D:\major project\dataset\face only\FF_Face_only_data\shortened\923.mp4,REAL
D:\major project\dataset\face only\FF_Face_only_data\shortened\923_023.mp4,FAKE
D:\major project\dataset\face only\FF_Face_only_data\shortened\924.mp4,REAL
D:\major project\dataset\face only\FF_Face_only_data\shortened\924_917.mp4,FAKE
D:\major project\dataset\face only\FF_Face_only_data\shortened\925.mp4,REAL
D:\major project\dataset\face only\FF_Face_only_data\shortened\925_933.mp4,FAKE
D:\major project\dataset\face only\FF_Face_only_data\shortened\926.mp4,REAL
D:\major project\dataset\face only\FF_Face_only_data\shortened\926_900.mp4,FAKE
D:\major project\dataset\face only\FF_Face_only_data\shortened\927.mp4,REAL
D:\major project\dataset\face only\FF_Face_only_data\shortened\927_912.mp4,FAKE
D:\major project\dataset\face only\FF_Face_only_data\shortened\928.mp4,REAL
D:\major project\dataset\face only\FF_Face_only_data\shortened\928_160.mp4,FAKE
D:\major project\dataset\face only\FF_Face_only_data\shortened\929.mp4,REAL
D:\major project\dataset\face only\FF_Face_only_data\shortened\929_962.mp4,FAKE
D:\major project\dataset\face only\FF_Face_only_data\shortened\930.mp4,REAL
D:\major project\dataset\face only\FF_Face_only_data\shortened\930_763.mp4,FAKE
D:\major project\dataset\face only\FF_Face_only_data\shortened\931.mp4,REAL
D:\major project\dataset\face only\FF_Face_only_data\shortened\931_936.mp4,FAKE
D:\major project\dataset\face only\FF_Face_only_data\shortened\932.mp4,REAL
D:\major project\dataset\face only\FF_Face_only_data\shortened\932_384.mp4,FAKE
D:\major project\dataset\face only\FF_Face_only_data\shortened\933.mp4,REAL
D:\major project\dataset\face only\FF_Face_only_data\shortened\933_925.mp4,FAKE
D:\major project\dataset\face only\FF_Face_only_data\shortened\934.mp4,REAL
D:\major project\dataset\face only\FF_Face_only_data\shortened\934_918.mp4,FAKE
D:\major project\dataset\face only\FF_Face_only_data\shortened\935.mp4,REAL
D:\major project\dataset\face only\FF_Face_only_data\shortened\935_733.mp4,FAKE
D:\major project\dataset\face only\FF_Face_only_data\shortened\936.mp4,REAL
D:\major project\dataset\face only\FF_Face_only_data\shortened\936_931.mp4,FAKE
D:\major project\dataset\face only\FF_Face_only_data\shortened\937.mp4,REAL
D:\major project\dataset\face only\FF_Face_only_data\shortened\937_888.mp4,FAKE
D:\major project\dataset\face only\FF_Face_only_data\shortened\938.mp4,REAL
D:\major project\dataset\face only\FF_Face_only_data\shortened\938_987.mp4,FAKE
D:\major project\dataset\face only\FF_Face_only_data\shortened\939.mp4,REAL
D:\major project\dataset\face only\FF_Face_only_data\shortened\939_115.mp4,FAKE
D:\major project\dataset\face only\FF_Face_only_data\shortened\940.mp4,REAL
D:\major project\dataset\face only\FF_Face_only_data\shortened\940_941.mp4,FAKE
D:\major project\dataset\face only\FF_Face_only_data\shortened\941.mp4,REAL
D:\major project\dataset\face only\FF_Face_only_data\shortened\941_940.mp4,FAKE
D:\major project\dataset\face only\FF_Face_only_data\shortened\942.mp4,REAL
D:\major project\dataset\face only\FF_Face_only_data\shortened\942_943.mp4,FAKE
D:\major project\dataset\face only\FF_Face_only_data\shortened\943.mp4,REAL
D:\major project\dataset\face only\FF_Face_only_data\shortened\943_942.mp4,FAKE
D:\major project\dataset\face only\FF_Face_only_data\shortened\944.mp4,REAL
D:\major project\dataset\face only\FF_Face_only_data\shortened\944_032.mp4,FAKE
D:\major project\dataset\face only\FF_Face_only_data\shortened\945.mp4,REAL
D:\major project\dataset\face only\FF_Face_only_data\shortened\945_044.mp4,FAKE
D:\major project\dataset\face only\FF_Face_only_data\shortened\946.mp4,REAL
D:\major project\dataset\face only\FF_Face_only_data\shortened\946_049.mp4,FAKE
D:\major project\dataset\face only\FF_Face_only_data\shortened\947.mp4,REAL
D:\major project\dataset\face only\FF_Face_only_data\shortened\947_951.mp4,FAKE
D:\major project\dataset\face only\FF_Face_only_data\shortened\948.mp4,REAL
D:\major project\dataset\face only\FF_Face_only_data\shortened\948_965.mp4,FAKE
D:\major project\dataset\face only\FF_Face_only_data\shortened\949.mp4,REAL
D:\major project\dataset\face only\FF_Face_only_data\shortened\949_868.mp4,FAKE
D:\major project\dataset\face only\FF_Face_only_data\shortened\950.mp4,REAL
D:\major project\dataset\face only\FF_Face_only_data\shortened\950_836.mp4,FAKE
D:\major project\dataset\face only\FF_Face_only_data\shortened\951.mp4,REAL
D:\major project\dataset\face only\FF_Face_only_data\shortened\951_947.mp4,FAKE
D:\major project\dataset\face only\FF_Face_only_data\shortened\952.mp4,REAL
D:\major project\dataset\face only\FF_Face_only_data\shortened\952_882.mp4,FAKE
D:\major project\dataset\face only\FF_Face_only_data\shortened\953.mp4,REAL
D:\major project\dataset\face only\FF_Face_only_data\shortened\953_974.mp4,FAKE
D:\major project\dataset\face only\FF_Face_only_data\shortened\954.mp4,REAL
D:\major project\dataset\face only\FF_Face_only_data\shortened\954_976.mp4,FAKE
D:\major project\dataset\face only\FF_Face_only_data\shortened\955.mp4,REAL
D:\major project\dataset\face only\FF_Face_only_data\shortened\955_078.mp4,FAKE
D:\major project\dataset\face only\FF_Face_only_data\shortened\956.mp4,REAL
D:\major project\dataset\face only\FF_Face_only_data\shortened\956_958.mp4,FAKE
D:\major project\dataset\face only\FF_Face_only_data\shortened\957.mp4,REAL
D:\major project\dataset\face only\FF_Face_only_data\shortened\957_959.mp4,FAKE
D:\major project\dataset\face only\FF_Face_only_data\shortened\958.mp4,REAL
D:\major project\dataset\face only\FF_Face_only_data\shortened\958_956.mp4,FAKE
D:\major project\dataset\face only\FF_Face_only_data\shortened\959.mp4,REAL
D:\major project\dataset\face only\FF_Face_only_data\shortened\959_957.mp4,FAKE
D:\major project\dataset\face only\FF_Face_only_data\shortened\960.mp4,REAL
D:\major project\dataset\face only\FF_Face_only_data\shortened\960_999.mp4,FAKE
D:\major project\dataset\face only\FF_Face_only_data\shortened\961.mp4,REAL
D:\major project\dataset\face only\FF_Face_only_data\shortened\961_069.mp4,FAKE
D:\major project\dataset\face only\FF_Face_only_data\shortened\962.mp4,REAL
D:\major project\dataset\face only\FF_Face_only_data\shortened\962_929.mp4,FAKE
D:\major project\dataset\face only\FF_Face_only_data\shortened\963.mp4,REAL
D:\major project\dataset\face only\FF_Face_only_data\shortened\963_879.mp4,FAKE
D:\major project\dataset\face only\FF_Face_only_data\shortened\964.mp4,REAL
D:\major project\dataset\face only\FF_Face_only_data\shortened\964_174.mp4,FAKE
D:\major project\dataset\face only\FF_Face_only_data\shortened\965_948.mp4,FAKE
D:\major project\dataset\face only\FF_Face_only_data\shortened\966.mp4,REAL
D:\major project\dataset\face only\FF_Face_only_data\shortened\966_988.mp4,FAKE
D:\major project\dataset\face only\FF_Face_only_data\shortened\967.mp4,REAL
D:\major project\dataset\face only\FF_Face_only_data\shortened\967_984.mp4,FAKE
D:\major project\dataset\face only\FF_Face_only_data\shortened\968.mp4,REAL
D:\major project\dataset\face only\FF_Face_only_data\shortened\968_884.mp4,FAKE
D:\major project\dataset\face only\FF_Face_only_data\shortened\969.mp4,REAL
D:\major project\dataset\face only\FF_Face_only_data\shortened\969_897.mp4,FAKE
D:\major project\dataset\face only\FF_Face_only_data\shortened\970.mp4,REAL
D:\major project\dataset\face only\FF_Face_only_data\shortened\970_973.mp4,FAKE
D:\major project\dataset\face only\FF_Face_only_data\shortened\971.mp4,REAL
D:\major project\dataset\face only\FF_Face_only_data\shortened\971_564.mp4,FAKE
D:\major project\dataset\face only\FF_Face_only_data\shortened\972.mp4,REAL
D:\major project\dataset\face only\FF_Face_only_data\shortened\972_718.mp4,FAKE
D:\major project\dataset\face only\FF_Face_only_data\shortened\973.mp4,REAL
D:\major project\dataset\face only\FF_Face_only_data\shortened\973_970.mp4,FAKE
D:\major project\dataset\face only\FF_Face_only_data\shortened\974.mp4,REAL
D:\major project\dataset\face only\FF_Face_only_data\shortened\974_953.mp4,FAKE
D:\major project\dataset\face only\FF_Face_only_data\shortened\975.mp4,REAL
D:\major project\dataset\face only\FF_Face_only_data\shortened\975_978.mp4,FAKE
D:\major project\dataset\face only\FF_Face_only_data\shortened\976.mp4,REAL
D:\major project\dataset\face only\FF_Face_only_data\shortened\976_954.mp4,FAKE
D:\major project\dataset\face only\FF_Face_only_data\shortened\977.mp4,REAL
D:\major project\dataset\face only\FF_Face_only_data\shortened\977_075.mp4,FAKE
D:\major project\dataset\face only\FF_Face_only_data\shortened\978.mp4,REAL
D:\major project\dataset\face only\FF_Face_only_data\shortened\978_975.mp4,FAKE
D:\major project\dataset\face only\FF_Face_only_data\shortened\979.mp4,REAL
D:\major project\dataset\face only\FF_Face_only_data\shortened\979_875.mp4,FAKE
D:\major project\dataset\face only\FF_Face_only_data\shortened\980.mp4,REAL
D:\major project\dataset\face only\FF_Face_only_data\shortened\980_992.mp4,FAKE
D:\major project\dataset\face only\FF_Face_only_data\shortened\981.mp4,REAL
D:\major project\dataset\face only\FF_Face_only_data\shortened\981_985.mp4,FAKE
D:\major project\dataset\face only\FF_Face_only_data\shortened\982.mp4,REAL
D:\major project\dataset\face only\FF_Face_only_data\shortened\982_004.mp4,FAKE
D:\major project\dataset\face only\FF_Face_only_data\shortened\983.mp4,REAL
D:\major project\dataset\face only\FF_Face_only_data\shortened\983_113.mp4,FAKE
D:\major project\dataset\face only\FF_Face_only_data\shortened\984.mp4,REAL
D:\major project\dataset\face only\FF_Face_only_data\shortened\984_967.mp4,FAKE
D:\major project\dataset\face only\FF_Face_only_data\shortened\985.mp4,REAL
D:\major project\dataset\face only\FF_Face_only_data\shortened\985_981.mp4,FAKE
D:\major project\dataset\face only\FF_Face_only_data\shortened\986.mp4,REAL
D:\major project\dataset\face only\FF_Face_only_data\shortened\986_994.mp4,FAKE
D:\major project\dataset\face only\FF_Face_only_data\shortened\987.mp4,REAL
D:\major project\dataset\face only\FF_Face_only_data\shortened\987_938.mp4,FAKE
D:\major project\dataset\face only\FF_Face_only_data\shortened\988.mp4,REAL
D:\major project\dataset\face only\FF_Face_only_data\shortened\988_966.mp4,FAKE
D:\major project\dataset\face only\FF_Face_only_data\shortened\989.mp4,REAL
D:\major project\dataset\face only\FF_Face_only_data\shortened\989_993.mp4,FAKE
D:\major project\dataset\face only\FF_Face_only_data\shortened\990.mp4,REAL
D:\major project\dataset\face only\FF_Face_only_data\shortened\990_008.mp4,FAKE
D:\major project\dataset\face only\FF_Face_only_data\shortened\991.mp4,REAL
D:\major project\dataset\face only\FF_Face_only_data\shortened\991_064.mp4,FAKE
D:\major project\dataset\face only\FF_Face_only_data\shortened\992.mp4,REAL
D:\major project\dataset\face only\FF_Face_only_data\shortened\992_980.mp4,FAKE
D:\major project\dataset\face only\FF_Face_only_data\shortened\993.mp4,REAL
D:\major project\dataset\face only\FF_Face_only_data\shortened\993_989.mp4,FAKE
D:\major project\dataset\face only\FF_Face_only_data\shortened\994.mp4,REAL
D:\major project\dataset\face only\FF_Face_only_data\shortened\994_986.mp4,FAKE
D:\major project\dataset\face only\FF_Face_only_data\shortened\995.mp4,REAL
D:\major project\dataset\face only\FF_Face_only_data\shortened\995_233.mp4,FAKE
D:\major project\dataset\face only\FF_Face_only_data\shortened\996.mp4,REAL
D:\major project\dataset\face only\FF_Face_only_data\shortened\996_056.mp4,FAKE
D:\major project\dataset\face only\FF_Face_only_data\shortened\997.mp4,REAL
D:\major project\dataset\face only\FF_Face_only_data\shortened\997_040.mp4,FAKE
D:\major project\dataset\face only\FF_Face_only_data\shortened\998.mp4,REAL
D:\major project\dataset\face only\FF_Face_only_data\shortened\998_561.mp4,FAKE
D:\major project\dataset\face only\FF_Face_only_data\shortened\999.mp4,REAL
D:\major project\dataset\face only\FF_Face_only_data\shortened\999_960.mp4,FAKE
D:\major project\dataset\face only\DFDC_REAL_Face_only_data\shortened\bcbqxhziqz.mp4,REAL
D:\major project\dataset\face only\DFDC_FAKE_Face_only_data\shortened\atrmrdhzrk.mp4,FAKE
D:\major project\dataset\face only\DFDC_REAL_Face_only_data\shortened\rmhsahyvta.mp4,REAL
D:\major project\dataset\face only\DFDC_FAKE_Face_only_data\shortened\bvekwhumry.mp4,FAKE
D:\major project\dataset\face only\DFDC_REAL_Face_only_data\shortened\bnuwxhfahw.mp4,REAL
D:\major project\dataset\face only\DFDC_FAKE_Face_only_data\shortened\bdpwzkrofr.mp4,FAKE
D:\major project\dataset\face only\DFDC_REAL_Face_only_data\shortened\mkzaekkvej.mp4,REAL
D:\major project\dataset\face only\DFDC_FAKE_Face_only_data\shortened\byrzacjmjl.mp4,FAKE
D:\major project\dataset\face only\DFDC_REAL_Face_only_data\shortened\ptkcmwnfjv.mp4,REAL
D:\major project\dataset\face only\DFDC_REAL_Face_only_data\shortened\opsgvfjlgh.mp4,REAL
D:\major project\dataset\face only\DFDC_FAKE_Face_only_data\shortened\assnxglavo.mp4,FAKE
D:\major project\dataset\face only\DFDC_FAKE_Face_only_data\shortened\cloymwmsgb.mp4,FAKE
D:\major project\dataset\face only\DFDC_REAL_Face_only_data\shortened\zwswwwrefl.mp4,REAL
D:\major project\dataset\face only\DFDC_REAL_Face_only_data\shortened\hbufmvbium.mp4,REAL
D:\major project\dataset\face only\DFDC_FAKE_Face_only_data\shortened\anmzhupzpa.mp4,FAKE
D:\major project\dataset\face only\DFDC_FAKE_Face_only_data\shortened\aelsfznuqw.mp4,FAKE
D:\major project\dataset\face only\DFDC_REAL_Face_only_data\shortened\fyyyoslpgo.mp4,REAL
D:\major project\dataset\face only\DFDC_REAL_Face_only_data\shortened\oznyyhvzxk.mp4,REAL
D:\major project\dataset\face only\DFDC_FAKE_Face_only_data\shortened\cgkorxrqlv.mp4,FAKE
D:\major project\dataset\face only\DFDC_REAL_Face_only_data\shortened\xjzmkuxskq.mp4,REAL
D:\major project\dataset\face only\DFDC_REAL_Face_only_data\shortened\jpvkoxrueh.mp4,REAL
D:\major project\dataset\face only\DFDC_FAKE_Face_only_data\shortened\avlmlshqjh.mp4,FAKE
D:\major project\dataset\face only\DFDC_FAKE_Face_only_data\shortened\cgzehrnpvv.mp4,FAKE
D:\major project\dataset\face only\DFDC_REAL_Face_only_data\shortened\wapflpdhyi.mp4,REAL
D:\major project\dataset\face only\DFDC_REAL_Face_only_data\shortened\vizerpsvbz.mp4,REAL
D:\major project\dataset\face only\DFDC_REAL_Face_only_data\shortened\cqxxumarvp.mp4,REAL
D:\major project\dataset\face only\DFDC_FAKE_Face_only_data\shortened\bpcimjvhlu.mp4,FAKE
D:\major project\dataset\face only\DFDC_FAKE_Face_only_data\shortened\bcunmpqmwf.mp4,FAKE
D:\major project\dataset\face only\DFDC_FAKE_Face_only_data\shortened\cnvpcernca.mp4,FAKE
D:\major project\dataset\face only\DFDC_FAKE_Face_only_data\shortened\cdxwmzxudd.mp4,FAKE
D:\major project\dataset\face only\DFDC_REAL_Face_only_data\shortened\iyrafvzjnf.mp4,REAL
D:\major project\dataset\face only\DFDC_REAL_Face_only_data\shortened\jgdrcvviil.mp4,REAL
D:\major project\dataset\face only\DFDC_FAKE_Face_only_data\shortened\cnbxddelwb.mp4,FAKE
D:\major project\dataset\face only\DFDC_FAKE_Face_only_data\shortened\bwkddsdoqj.mp4,FAKE
D:\major project\dataset\face only\DFDC_REAL_Face_only_data\shortened\dvtpwatuja.mp4,REAL
D:\major project\dataset\face only\DFDC_REAL_Face_only_data\shortened\nswtvttxre.mp4,REAL
D:\major project\dataset\face only\DFDC_REAL_Face_only_data\shortened\dzrrklwrgn.mp4,REAL
D:\major project\dataset\face only\DFDC_REAL_Face_only_data\shortened\ocnqcaojtf.mp4,REAL
D:\major project\dataset\face only\DFDC_REAL_Face_only_data\shortened\junllgghcq.mp4,REAL
D:\major project\dataset\face only\DFDC_REAL_Face_only_data\shortened\ouaowjmigq.mp4,REAL
D:\major project\dataset\face only\DFDC_REAL_Face_only_data\shortened\cosghhimnd.mp4,REAL
D:\major project\dataset\face only\DFDC_REAL_Face_only_data\shortened\zlxfqidduw.mp4,REAL
D:\major project\dataset\face only\DFDC_REAL_Face_only_data\shortened\fqnvpbvfmf.mp4,REAL
D:\major project\dataset\face only\DFDC_FAKE_Face_only_data\shortened\aqdbtqggew.mp4,FAKE
D:\major project\dataset\face only\DFDC_REAL_Face_only_data\shortened\frqfsucgao.mp4,REAL
D:\major project\dataset\face only\DFDC_FAKE_Face_only_data\shortened\ckeuvnxric.mp4,FAKE
D:\major project\dataset\face only\DFDC_FAKE_Face_only_data\shortened\awfddrmdst.mp4,FAKE
D:\major project\dataset\face only\DFDC_FAKE_Face_only_data\shortened\bittxslmgp.mp4,FAKE
D:\major project\dataset\face only\DFDC_REAL_Face_only_data\shortened\papagllumt.mp4,REAL
D:\major project\dataset\face only\DFDC_FAKE_Face_only_data\shortened\asweglrfni.mp4,FAKE
D:\major project\dataset\face only\DFDC_REAL_Face_only_data\shortened\dvwpvqdflx.mp4,REAL
D:\major project\dataset\face only\DFDC_FAKE_Face_only_data\shortened\bdshuoldwx.mp4,FAKE
D:\major project\dataset\face only\DFDC_FAKE_Face_only_data\shortened\cmdfrlzaou.mp4,FAKE
D:\major project\dataset\face only\DFDC_FAKE_Face_only_data\shortened\bciuzbjoxq.mp4,FAKE
D:\major project\dataset\face only\DFDC_FAKE_Face_only_data\shortened\awjywmwplp.mp4,FAKE
D:\major project\dataset\face only\DFDC_FAKE_Face_only_data\shortened\amwjdtnprx.mp4,FAKE
D:\major project\dataset\face only\DFDC_FAKE_Face_only_data\shortened\cogxmahduk.mp4,FAKE
D:\major project\dataset\face only\DFDC_FAKE_Face_only_data\shortened\btqmbxcpsc.mp4,FAKE
D:\major project\dataset\face only\DFDC_FAKE_Face_only_data\shortened\cmsgfgmofg.mp4,FAKE
D:\major project\dataset\face only\DFDC_REAL_Face_only_data\shortened\vssmlqoiti.mp4,REAL
D:\major project\dataset\face only\DFDC_FAKE_Face_only_data\shortened\bbhkszzsei.mp4,FAKE
D:\major project\dataset\face only\DFDC_REAL_Face_only_data\shortened\nlbeldnhpa.mp4,REAL
D:\major project\dataset\face only\DFDC_REAL_Face_only_data\shortened\ekelfsnqof.mp4,REAL
D:\major project\dataset\face only\DFDC_REAL_Face_only_data\shortened\ztyuiqrhdk.mp4,REAL
D:\major project\dataset\face only\DFDC_FAKE_Face_only_data\shortened\bateuibxti.mp4,FAKE
D:\major project\dataset\face only\DFDC_REAL_Face_only_data\shortened\znvdxgaoay.mp4,REAL
D:\major project\dataset\face only\DFDC_REAL_Face_only_data\shortened\peysyddtmp.mp4,REAL
D:\major project\dataset\face only\DFDC_REAL_Face_only_data\shortened\rmpbqeawlq.mp4,REAL
D:\major project\dataset\face only\DFDC_FAKE_Face_only_data\shortened\btfsgaxvym.mp4,FAKE
D:\major project\dataset\face only\DFDC_REAL_Face_only_data\shortened\cnpanmywno.mp4,REAL
D:\major project\dataset\face only\DFDC_FAKE_Face_only_data\shortened\bbwbopxbrv.mp4,FAKE
D:\major project\dataset\face only\DFDC_FAKE_Face_only_data\shortened\alfidaevix.mp4,FAKE
D:\major project\dataset\face only\DFDC_REAL_Face_only_data\shortened\tyojwenpaf.mp4,REAL
D:\major project\dataset\face only\DFDC_REAL_Face_only_data\shortened\obozirvzxd.mp4,REAL
D:\major project\dataset\face only\DFDC_REAL_Face_only_data\shortened\kpnakfmmlh.mp4,REAL
D:\major project\dataset\face only\DFDC_FAKE_Face_only_data\shortened\avfhsplmya.mp4,FAKE
D:\major project\dataset\face only\DFDC_FAKE_Face_only_data\shortened\axjbcvrvje.mp4,FAKE
D:\major project\dataset\face only\DFDC_FAKE_Face_only_data\shortened\bfmvjimrqn.mp4,FAKE
D:\major project\dataset\face only\DFDC_FAKE_Face_only_data\shortened\bwspwiymvk.mp4,FAKE
D:\major project\dataset\face only\DFDC_FAKE_Face_only_data\shortened\beoobdybbw.mp4,FAKE
D:\major project\dataset\face only\DFDC_REAL_Face_only_data\shortened\gahgyuwzbu.mp4,REAL
D:\major project\dataset\face only\DFDC_REAL_Face_only_data\shortened\hhhvnhhqsc.mp4,REAL
D:\major project\dataset\face only\DFDC_FAKE_Face_only_data\shortened\bdvqwpqmag.mp4,FAKE
D:\major project\dataset\face only\DFDC_FAKE_Face_only_data\shortened\bydtnhfnyp.mp4,FAKE
D:\major project\dataset\face only\DFDC_REAL_Face_only_data\shortened\bkuzquigyt.mp4,REAL
D:\major project\dataset\face only\DFDC_REAL_Face_only_data\shortened\xxzefxwyku.mp4,REAL
D:\major project\dataset\face only\DFDC_REAL_Face_only_data\shortened\okjhfifjkr.mp4,REAL
D:\major project\dataset\face only\DFDC_FAKE_Face_only_data\shortened\alqiqhnrza.mp4,FAKE
D:\major project\dataset\face only\DFDC_REAL_Face_only_data\shortened\ijhhztmidr.mp4,REAL
D:\major project\dataset\face only\DFDC_REAL_Face_only_data\shortened\cxsvvnxpyz.mp4,REAL
D:\major project\dataset\face only\DFDC_REAL_Face_only_data\shortened\extbidooov.mp4,REAL
D:\major project\dataset\face only\DFDC_FAKE_Face_only_data\shortened\bgtgxubqmy.mp4,FAKE
D:\major project\dataset\face only\DFDC_FAKE_Face_only_data\shortened\bmffrysoii.mp4,FAKE
D:\major project\dataset\face only\DFDC_FAKE_Face_only_data\shortened\brftztqwxi.mp4,FAKE
D:\major project\dataset\face only\DFDC_REAL_Face_only_data\shortened\yietrwuncf.mp4,REAL
D:\major project\dataset\face only\DFDC_FAKE_Face_only_data\shortened\btodwmstfj.mp4,FAKE
D:\major project\dataset\face only\DFDC_FAKE_Face_only_data\shortened\ciaxcxtxix.mp4,FAKE
D:\major project\dataset\face only\DFDC_REAL_Face_only_data\shortened\zilqucorio.mp4,REAL
D:\major project\dataset\face only\DFDC_FAKE_Face_only_data\shortened\ajqmtwoocc.mp4,FAKE
D:\major project\dataset\face only\DFDC_FAKE_Face_only_data\shortened\clrdxzhlzn.mp4,FAKE
D:\major project\dataset\face only\DFDC_FAKE_Face_only_data\shortened\ajmuljcfkb.mp4,FAKE
D:\major project\dataset\face only\DFDC_REAL_Face_only_data\shortened\mwwploizlj.mp4,REAL
D:\major project\dataset\face only\DFDC_REAL_Face_only_data\shortened\hmxihwteht.mp4,REAL
D:\major project\dataset\face only\DFDC_FAKE_Face_only_data\shortened\bnjpqypcmg.mp4,FAKE
D:\major project\dataset\face only\DFDC_FAKE_Face_only_data\shortened\abxtkdjyru.mp4,FAKE
D:\major project\dataset\face only\DFDC_FAKE_Face_only_data\shortened\aqrsylrzgi.mp4,FAKE
D:\major project\dataset\face only\DFDC_FAKE_Face_only_data\shortened\ckwdmymgfn.mp4,FAKE
D:\major project\dataset\face only\DFDC_REAL_Face_only_data\shortened\kvsndnymhm.mp4,REAL
D:\major project\dataset\face only\DFDC_REAL_Face_only_data\shortened\lyukjvgwoa.mp4,REAL
D:\major project\dataset\face only\DFDC_REAL_Face_only_data\shortened\tcsddvsewk.mp4,REAL
D:\major project\dataset\face only\DFDC_FAKE_Face_only_data\shortened\bsbyvsgodg.mp4,FAKE
D:\major project\dataset\face only\DFDC_REAL_Face_only_data\shortened\gzbagbdubm.mp4,REAL
D:\major project\dataset\face only\DFDC_REAL_Face_only_data\shortened\bvpeerislp.mp4,REAL
D:\major project\dataset\face only\DFDC_FAKE_Face_only_data\shortened\awnhnhbbxm.mp4,FAKE
D:\major project\dataset\face only\DFDC_FAKE_Face_only_data\shortened\bgyaqospgo.mp4,FAKE
D:\major project\dataset\face only\DFDC_FAKE_Face_only_data\shortened\avhnnjtuqw.mp4,FAKE
D:\major project\dataset\face only\DFDC_FAKE_Face_only_data\shortened\bkwqojntbf.mp4,FAKE
D:\major project\dataset\face only\DFDC_FAKE_Face_only_data\shortened\anklylpjpm.mp4,FAKE
D:\major project\dataset\face only\DFDC_REAL_Face_only_data\shortened\nzbgohmaja.mp4,REAL
D:\major project\dataset\face only\DFDC_FAKE_Face_only_data\shortened\bhfxttitcb.mp4,FAKE
D:\major project\dataset\face only\DFDC_FAKE_Face_only_data\shortened\cnbgfhcdkl.mp4,FAKE
D:\major project\dataset\face only\DFDC_FAKE_Face_only_data\shortened\bewbohouqa.mp4,FAKE
D:\major project\dataset\face only\DFDC_REAL_Face_only_data\shortened\ywauoonmlr.mp4,REAL
D:\major project\dataset\face only\DFDC_FAKE_Face_only_data\shortened\ccaequtltd.mp4,FAKE
D:\major project\dataset\face only\DFDC_REAL_Face_only_data\shortened\sfsayjgzrh.mp4,REAL
D:\major project\dataset\face only\DFDC_REAL_Face_only_data\shortened\igpvrfjdzc.mp4,REAL
D:\major project\dataset\face only\DFDC_FAKE_Face_only_data\shortened\aunqfjmfqp.mp4,FAKE
D:\major project\dataset\face only\DFDC_REAL_Face_only_data\shortened\scqcdvqiyq.mp4,REAL
D:\major project\dataset\face only\DFDC_FAKE_Face_only_data\shortened\bpqrwvichd.mp4,FAKE
D:\major project\dataset\face only\DFDC_REAL_Face_only_data\shortened\qzpwniycty.mp4,REAL
D:\major project\dataset\face only\DFDC_FAKE_Face_only_data\shortened\aassnaulhq.mp4,FAKE
D:\major project\dataset\face only\DFDC_REAL_Face_only_data\shortened\vvfszaosiv.mp4,REAL
D:\major project\dataset\face only\DFDC_REAL_Face_only_data\shortened\eynxajczkd.mp4,REAL
D:\major project\dataset\face only\DFDC_FAKE_Face_only_data\shortened\aomqqjipcp.mp4,FAKE
D:\major project\dataset\face only\DFDC_REAL_Face_only_data\shortened\iedsgxqfuz.mp4,REAL
D:\major project\dataset\face only\DFDC_FAKE_Face_only_data\shortened\beclytxiol.mp4,FAKE
D:\major project\dataset\face only\DFDC_REAL_Face_only_data\shortened\blszgmxkvu.mp4,REAL
D:\major project\dataset\face only\DFDC_REAL_Face_only_data\shortened\fwykevubzy.mp4,REAL
D:\major project\dataset\face only\DFDC_FAKE_Face_only_data\shortened\cixupjraoc.mp4,FAKE
D:\major project\dataset\face only\DFDC_FAKE_Face_only_data\shortened\bugiwrwsfe.mp4,FAKE
D:\major project\dataset\face only\DFDC_FAKE_Face_only_data\shortened\axgkbpxjvr.mp4,FAKE
D:\major project\dataset\face only\DFDC_REAL_Face_only_data\shortened\gylcfcozce.mp4,REAL
D:\major project\dataset\face only\DFDC_FAKE_Face_only_data\shortened\bvaffyvyjy.mp4,FAKE
D:\major project\dataset\face only\DFDC_FAKE_Face_only_data\shortened\anbswjhddl.mp4,FAKE
D:\major project\dataset\face only\DFDC_FAKE_Face_only_data\shortened\alrtntfxtd.mp4,FAKE
D:\major project\dataset\face only\DFDC_FAKE_Face_only_data\shortened\blncrpznaa.mp4,FAKE
D:\major project\dataset\face only\DFDC_FAKE_Face_only_data\shortened\aeudhfvcvk.mp4,FAKE
D:\major project\dataset\face only\DFDC_FAKE_Face_only_data\shortened\bcavrprfct.mp4,FAKE
D:\major project\dataset\face only\DFDC_REAL_Face_only_data\shortened\wqdsarmger.mp4,REAL
D:\major project\dataset\face only\DFDC_FAKE_Face_only_data\shortened\bpwudenryg.mp4,FAKE
D:\major project\dataset\face only\DFDC_FAKE_Face_only_data\shortened\abebnhqyzv.mp4,FAKE
D:\major project\dataset\face only\DFDC_FAKE_Face_only_data\shortened\bpartnwakp.mp4,FAKE
D:\major project\dataset\face only\DFDC_REAL_Face_only_data\shortened\ypbtpunjvm.mp4,REAL
D:\major project\dataset\face only\DFDC_REAL_Face_only_data\shortened\xrhqtmxlvx.mp4,REAL
D:\major project\dataset\face only\DFDC_FAKE_Face_only_data\shortened\aheocfkxjx.mp4,FAKE
D:\major project\dataset\face only\DFDC_FAKE_Face_only_data\shortened\cjoykobwyh.mp4,FAKE
D:\major project\dataset\face only\DFDC_FAKE_Face_only_data\shortened\arkwqyuthh.mp4,FAKE
D:\major project\dataset\face only\DFDC_REAL_Face_only_data\shortened\viteugozpv.mp4,REAL
D:\major project\dataset\face only\DFDC_FAKE_Face_only_data\shortened\aijlttdlrj.mp4,FAKE
D:\major project\dataset\face only\DFDC_REAL_Face_only_data\shortened\dmupfdcvca.mp4,REAL
D:\major project\dataset\face only\DFDC_REAL_Face_only_data\shortened\pdufsewrec.mp4,REAL
D:\major project\dataset\face only\DFDC_REAL_Face_only_data\shortened\nbdixxfjph.mp4,REAL
D:\major project\dataset\face only\DFDC_FAKE_Face_only_data\shortened\cohkwaxnvw.mp4,FAKE
D:\major project\dataset\face only\DFDC_REAL_Face_only_data\shortened\fpevfidstw.mp4,REAL
D:\major project\dataset\face only\DFDC_FAKE_Face_only_data\shortened\axefxbvfyn.mp4,FAKE
D:\major project\dataset\face only\DFDC_FAKE_Face_only_data\shortened\aosnzkbllm.mp4,FAKE
D:\major project\dataset\face only\DFDC_FAKE_Face_only_data\shortened\cktulounod.mp4,FAKE
D:\major project\dataset\face only\DFDC_REAL_Face_only_data\shortened\qjqxfcgsyd.mp4,REAL
D:\major project\dataset\face only\DFDC_REAL_Face_only_data\shortened\wixbuuzygv.mp4,REAL
D:\major project\dataset\face only\DFDC_REAL_Face_only_data\shortened\nqvkiylfiy.mp4,REAL
D:\major project\dataset\face only\DFDC_REAL_Face_only_data\shortened\jiavqbrkyk.mp4,REAL
D:\major project\dataset\face only\DFDC_REAL_Face_only_data\shortened\keioymnobc.mp4,REAL
D:\major project\dataset\face only\DFDC_REAL_Face_only_data\shortened\nymodlmxni.mp4,REAL
D:\major project\dataset\face only\DFDC_FAKE_Face_only_data\shortened\bkzrsfcrcr.mp4,FAKE
D:\major project\dataset\face only\DFDC_FAKE_Face_only_data\shortened\bwdmzwhdnw.mp4,FAKE
D:\major project\dataset\face only\DFDC_REAL_Face_only_data\shortened\zfobicuigx.mp4,REAL
D:\major project\dataset\face only\DFDC_REAL_Face_only_data\shortened\hjhdhumvod.mp4,REAL
D:\major project\dataset\face only\DFDC_REAL_Face_only_data\shortened\eyguqfmgzh.mp4,REAL
D:\major project\dataset\face only\DFDC_REAL_Face_only_data\shortened\qjdtgggqym.mp4,REAL
D:\major project\dataset\face only\DFDC_REAL_Face_only_data\shortened\jzmzdispyo.mp4,REAL
D:\major project\dataset\face only\DFDC_FAKE_Face_only_data\shortened\bfeewgzrbr.mp4,FAKE
D:\major project\dataset\face only\DFDC_FAKE_Face_only_data\shortened\bbuebaojot.mp4,FAKE
D:\major project\dataset\face only\DFDC_REAL_Face_only_data\shortened\uazbhwyysx.mp4,REAL
D:\major project\dataset\face only\DFDC_FAKE_Face_only_data\shortened\bkvujfissu.mp4,FAKE
D:\major project\dataset\face only\DFDC_REAL_Face_only_data\shortened\fanibwbmoq.mp4,REAL
D:\major project\dataset\face only\DFDC_FAKE_Face_only_data\shortened\aqtvsxelrj.mp4,FAKE
D:\major project\dataset\face only\DFDC_FAKE_Face_only_data\shortened\botswdcyee.mp4,FAKE
D:\major project\dataset\face only\DFDC_REAL_Face_only_data\shortened\yiykshcbaz.mp4,REAL
D:\major project\dataset\face only\DFDC_REAL_Face_only_data\shortened\evysmtpnrf.mp4,REAL
D:\major project\dataset\face only\DFDC_FAKE_Face_only_data\shortened\cgigqncgru.mp4,FAKE
D:\major project\dataset\face only\DFDC_FAKE_Face_only_data\shortened\akjvglpobj.mp4,FAKE
D:\major project\dataset\face only\DFDC_FAKE_Face_only_data\shortened\aabdnomlru.mp4,FAKE
D:\major project\dataset\face only\DFDC_FAKE_Face_only_data\shortened\dktpniyvec.mp4,FAKE
D:\major project\dataset\face only\DFDC_FAKE_Face_only_data\shortened\doeeuppytb.mp4,FAKE
D:\major project\dataset\face only\DFDC_REAL_Face_only_data\shortened\ztyvglkcsf.mp4,REAL
D:\major project\dataset\face only\DFDC_FAKE_Face_only_data\shortened\agziimvuqi.mp4,FAKE
D:\major project\dataset\face only\DFDC_FAKE_Face_only_data\shortened\anuzdiqqnq.mp4,FAKE
D:\major project\dataset\face only\DFDC_FAKE_Face_only_data\shortened\condbpyazo.mp4,FAKE
D:\major project\dataset\face only\DFDC_FAKE_Face_only_data\shortened\ctwqyniuuk.mp4,FAKE
D:\major project\dataset\face only\DFDC_REAL_Face_only_data\shortened\fglewmddcn.mp4,REAL
D:\major project\dataset\face only\DFDC_FAKE_Face_only_data\shortened\aavyetamvt.mp4,FAKE
D:\major project\dataset\face only\DFDC_FAKE_Face_only_data\shortened\bmrogzgbqw.mp4,FAKE
D:\major project\dataset\face only\DFDC_REAL_Face_only_data\shortened\loxagpgfei.mp4,REAL
D:\major project\dataset\face only\DFDC_REAL_Face_only_data\shortened\torjqecxjw.mp4,REAL
D:\major project\dataset\face only\DFDC_REAL_Face_only_data\shortened\auoervelwm.mp4,REAL
D:\major project\dataset\face only\DFDC_FAKE_Face_only_data\shortened\cnxccbjlct.mp4,FAKE
D:\major project\dataset\face only\DFDC_FAKE_Face_only_data\shortened\bbyosyhxzo.mp4,FAKE
D:\major project\dataset\face only\DFDC_REAL_Face_only_data\shortened\iksxzpqxzi.mp4,REAL
D:\major project\dataset\face only\DFDC_FAKE_Face_only_data\shortened\dfrkufxfpc.mp4,FAKE
D:\major project\dataset\face only\DFDC_FAKE_Face_only_data\shortened\anlpfbokfn.mp4,FAKE
D:\major project\dataset\face only\DFDC_FAKE_Face_only_data\shortened\bdqshjkpxd.mp4,FAKE
D:\major project\dataset\face only\DFDC_FAKE_Face_only_data\shortened\dtsdluvgmg.mp4,FAKE
D:\major project\dataset\face only\DFDC_REAL_Face_only_data\shortened\waucvvmtkq.mp4,REAL
D:\major project\dataset\face only\DFDC_REAL_Face_only_data\shortened\cekarydqba.mp4,REAL
D:\major project\dataset\face only\DFDC_FAKE_Face_only_data\shortened\atcfypvdpu.mp4,FAKE
D:\major project\dataset\face only\DFDC_FAKE_Face_only_data\shortened\atlndbikhv.mp4,FAKE
D:\major project\dataset\face only\DFDC_FAKE_Face_only_data\shortened\afovojcvgh.mp4,FAKE
D:\major project\dataset\face only\DFDC_FAKE_Face_only_data\shortened\dmpmeqiafv.mp4,FAKE
D:\major project\dataset\face only\DFDC_FAKE_Face_only_data\shortened\bwressutay.mp4,FAKE
D:\major project\dataset\face only\DFDC_REAL_Face_only_data\shortened\lxfrifiujz.mp4,REAL
D:\major project\dataset\face only\DFDC_FAKE_Face_only_data\shortened\bznkogdxxi.mp4,FAKE
D:\major project\dataset\face only\DFDC_FAKE_Face_only_data\shortened\axdvnynpjj.mp4,FAKE
D:\major project\dataset\face only\DFDC_REAL_Face_only_data\shortened\ejhhokmvpe.mp4,REAL
D:\major project\dataset\face only\DFDC_FAKE_Face_only_data\shortened\bcxgxzusit.mp4,FAKE
D:\major project\dataset\face only\DFDC_REAL_Face_only_data\shortened\nthpnwylxo.mp4,REAL
D:\major project\dataset\face only\DFDC_FAKE_Face_only_data\shortened\cmgybxlatl.mp4,FAKE
D:\major project\dataset\face only\DFDC_REAL_Face_only_data\shortened\aayfryxljh.mp4,REAL
D:\major project\dataset\face only\DFDC_REAL_Face_only_data\shortened\tejfudfgpq.mp4,REAL
D:\major project\dataset\face only\DFDC_FAKE_Face_only_data\shortened\cdvwcmkcdz.mp4,FAKE
D:\major project\dataset\face only\DFDC_REAL_Face_only_data\shortened\hevcclcklc.mp4,REAL
D:\major project\dataset\face only\DFDC_REAL_Face_only_data\shortened\tzgoroiixc.mp4,REAL
D:\major project\dataset\face only\DFDC_FAKE_Face_only_data\shortened\cmvncstbkx.mp4,FAKE
D:\major project\dataset\face only\DFDC_FAKE_Face_only_data\shortened\aljaxpxbld.mp4,FAKE
D:\major project\dataset\face only\DFDC_FAKE_Face_only_data\shortened\beyrhsvlrt.mp4,FAKE
D:\major project\dataset\face only\DFDC_FAKE_Face_only_data\shortened\bpogbhuwvd.mp4,FAKE
D:\major project\dataset\face only\DFDC_FAKE_Face_only_data\shortened\bkmtxhrlsl.mp4,FAKE
D:\major project\dataset\face only\DFDC_FAKE_Face_only_data\shortened\bfibrgtvjc.mp4,FAKE
D:\major project\dataset\face only\DFDC_FAKE_Face_only_data\shortened\ahjnxtiamx.mp4,FAKE
D:\major project\dataset\face only\DFDC_FAKE_Face_only_data\shortened\bsghddlheb.mp4,FAKE
D:\major project\dataset\face only\DFDC_FAKE_Face_only_data\shortened\eexwytsgqy.mp4,FAKE
D:\major project\dataset\face only\DFDC_REAL_Face_only_data\shortened\wmoqzxddkb.mp4,REAL
D:\major project\dataset\face only\DFDC_FAKE_Face_only_data\shortened\djutslakvn.mp4,FAKE
D:\major project\dataset\face only\DFDC_REAL_Face_only_data\shortened\wixujncvee.mp4,REAL
D:\major project\dataset\face only\DFDC_REAL_Face_only_data\shortened\btdxnajogv.mp4,REAL
D:\major project\dataset\face only\DFDC_REAL_Face_only_data\shortened\hszwwswewp.mp4,REAL
D:\major project\dataset\face only\DFDC_FAKE_Face_only_data\shortened\cwosvnnasn.mp4,FAKE
D:\major project\dataset\face only\DFDC_FAKE_Face_only_data\shortened\dbsldpxnfg.mp4,FAKE
D:\major project\dataset\face only\DFDC_FAKE_Face_only_data\shortened\bhxvkeygvv.mp4,FAKE
D:\major project\dataset\face only\DFDC_REAL_Face_only_data\shortened\uvrzaczrbx.mp4,REAL
D:\major project\dataset\face only\DFDC_REAL_Face_only_data\shortened\ocgdbrgmtq.mp4,REAL
D:\major project\dataset\face only\DFDC_FAKE_Face_only_data\shortened\blvpaewknn.mp4,FAKE
D:\major project\dataset\face only\DFDC_REAL_Face_only_data\shortened\eerhmzaebh.mp4,REAL
D:\major project\dataset\face only\DFDC_FAKE_Face_only_data\shortened\dgmsyauuvv.mp4,FAKE
D:\major project\dataset\face only\DFDC_REAL_Face_only_data\shortened\hzlfdbtbau.mp4,REAL
D:\major project\dataset\face only\DFDC_REAL_Face_only_data\shortened\dnmowthjcj.mp4,REAL
D:\major project\dataset\face only\DFDC_REAL_Face_only_data\shortened\xzkikmghps.mp4,REAL
D:\major project\dataset\face only\DFDC_FAKE_Face_only_data\shortened\bithritjse.mp4,FAKE
D:\major project\dataset\face only\DFDC_FAKE_Face_only_data\shortened\crawadrnaa.mp4,FAKE
D:\major project\dataset\face only\DFDC_FAKE_Face_only_data\shortened\dnvystgwyo.mp4,FAKE
D:\major project\dataset\face only\DFDC_FAKE_Face_only_data\shortened\dvduupuoqx.mp4,FAKE
D:\major project\dataset\face only\DFDC_REAL_Face_only_data\shortened\qclpbcbgeq.mp4,REAL
D:\major project\dataset\face only\DFDC_REAL_Face_only_data\shortened\ayipraspbn.mp4,REAL
D:\major project\dataset\face only\DFDC_REAL_Face_only_data\shortened\mnzabbkpmt.mp4,REAL
D:\major project\dataset\face only\DFDC_FAKE_Face_only_data\shortened\bjcesbmllx.mp4,FAKE
D:\major project\dataset\face only\DFDC_REAL_Face_only_data\shortened\ojbnddjuzy.mp4,REAL
D:\major project\dataset\face only\DFDC_FAKE_Face_only_data\shortened\cpwjaveeeq.mp4,FAKE
D:\major project\dataset\face only\DFDC_FAKE_Face_only_data\shortened\dkbhjjbmxj.mp4,FAKE
D:\major project\dataset\face only\DFDC_FAKE_Face_only_data\shortened\eaquarsawu.mp4,FAKE
D:\major project\dataset\face only\DFDC_REAL_Face_only_data\shortened\tsswxgwnta.mp4,REAL
D:\major project\dataset\face only\DFDC_FAKE_Face_only_data\shortened\cxqucbhale.mp4,FAKE
D:\major project\dataset\face only\DFDC_REAL_Face_only_data\shortened\rayekvigxv.mp4,REAL
D:\major project\dataset\face only\DFDC_FAKE_Face_only_data\shortened\dbrzclhznh.mp4,FAKE
D:\major project\dataset\face only\DFDC_FAKE_Face_only_data\shortened\ecjjzukqpy.mp4,FAKE
D:\major project\dataset\face only\DFDC_FAKE_Face_only_data\shortened\cmmoeaeftx.mp4,FAKE
D:\major project\dataset\face only\DFDC_FAKE_Face_only_data\shortened\bnndjmrpuk.mp4,FAKE
D:\major project\dataset\face only\DFDC_FAKE_Face_only_data\shortened\dweqqukuhk.mp4,FAKE
D:\major project\dataset\face only\DFDC_FAKE_Face_only_data\shortened\amkqhexhou.mp4,FAKE
D:\major project\dataset\face only\DFDC_FAKE_Face_only_data\shortened\aaujbbfhqu.mp4,FAKE
D:\major project\dataset\face only\DFDC_FAKE_Face_only_data\shortened\dkszwvfwxb.mp4,FAKE
D:\major project\dataset\face only\DFDC_FAKE_Face_only_data\shortened\crejnrpfwu.mp4,FAKE
D:\major project\dataset\face only\DFDC_REAL_Face_only_data\shortened\kgdvgipvae.mp4,REAL
D:\major project\dataset\face only\DFDC_REAL_Face_only_data\shortened\htzbnroagi.mp4,REAL
D:\major project\dataset\face only\DFDC_FAKE_Face_only_data\shortened\bknjyvqoec.mp4,FAKE
D:\major project\dataset\face only\DFDC_FAKE_Face_only_data\shortened\afvdmlwwyr.mp4,FAKE
D:\major project\dataset\face only\DFDC_REAL_Face_only_data\shortened\fnkdkfajak.mp4,REAL
D:\major project\dataset\face only\DFDC_FAKE_Face_only_data\shortened\dswaxbhfgs.mp4,FAKE
D:\major project\dataset\face only\DFDC_REAL_Face_only_data\shortened\nwvsbmyndn.mp4,REAL
D:\major project\dataset\face only\DFDC_FAKE_Face_only_data\shortened\bmjwoqldhv.mp4,FAKE
D:\major project\dataset\face only\DFDC_REAL_Face_only_data\shortened\mttjelpgma.mp4,REAL
D:\major project\dataset\face only\DFDC_REAL_Face_only_data\shortened\vhsbatxysm.mp4,REAL
D:\major project\dataset\face only\DFDC_FAKE_Face_only_data\shortened\cpoyanxkdb.mp4,FAKE
D:\major project\dataset\face only\DFDC_FAKE_Face_only_data\shortened\cevktnkdup.mp4,FAKE
D:\major project\dataset\face only\DFDC_REAL_Face_only_data\shortened\jjycletzyl.mp4,REAL
D:\major project\dataset\face only\DFDC_FAKE_Face_only_data\shortened\dtrpvcrbyk.mp4,FAKE
D:\major project\dataset\face only\DFDC_FAKE_Face_only_data\shortened\csrymqydbk.mp4,FAKE
D:\major project\dataset\face only\DFDC_FAKE_Face_only_data\shortened\bptuspvmzq.mp4,FAKE
D:\major project\dataset\face only\DFDC_REAL_Face_only_data\shortened\bixvunsrsj.mp4,REAL
D:\major project\dataset\face only\DFDC_REAL_Face_only_data\shortened\novarhxpbj.mp4,REAL
D:\major project\dataset\face only\DFDC_REAL_Face_only_data\shortened\gxqzavbulk.mp4,REAL
D:\major project\dataset\face only\DFDC_FAKE_Face_only_data\shortened\dpjfwtafke.mp4,FAKE
D:\major project\dataset\face only\DFDC_FAKE_Face_only_data\shortened\egwyvhmynr.mp4,FAKE
D:\major project\dataset\face only\DFDC_REAL_Face_only_data\shortened\eykkthrnoy.mp4,REAL
D:\major project\dataset\face only\DFDC_REAL_Face_only_data\shortened\pxcfrszlgi.mp4,REAL
D:\major project\dataset\face only\DFDC_REAL_Face_only_data\shortened\omphqltjdd.mp4,REAL
D:\major project\dataset\face only\DFDC_REAL_Face_only_data\shortened\wbuajbdcfs.mp4,REAL
D:\major project\dataset\face only\DFDC_FAKE_Face_only_data\shortened\aspxnmdiku.mp4,FAKE
D:\major project\dataset\face only\DFDC_REAL_Face_only_data\shortened\mohiqoogpb.mp4,REAL
D:\major project\dataset\face only\DFDC_FAKE_Face_only_data\shortened\dljbvhseze.mp4,FAKE
D:\major project\dataset\face only\DFDC_REAL_Face_only_data\shortened\ukezkomunq.mp4,REAL
D:\major project\dataset\face only\DFDC_REAL_Face_only_data\shortened\nawtezpgnm.mp4,REAL
D:\major project\dataset\face only\DFDC_FAKE_Face_only_data\shortened\azrnasfxsw.mp4,FAKE
D:\major project\dataset\face only\DFDC_FAKE_Face_only_data\shortened\chhjdmutms.mp4,FAKE
D:\major project\dataset\face only\DFDC_FAKE_Face_only_data\shortened\csnkohqxdv.mp4,FAKE
D:\major project\dataset\face only\DFDC_FAKE_Face_only_data\shortened\bdhbzwfiov.mp4,FAKE
D:\major project\dataset\face only\DFDC_FAKE_Face_only_data\shortened\bjjnvcgjml.mp4,FAKE
D:\major project\dataset\face only\DFDC_REAL_Face_only_data\shortened\bcjteassyd.mp4,REAL
D:\major project\dataset\face only\DFDC_FAKE_Face_only_data\shortened\bnwlsejuna.mp4,FAKE
D:\major project\dataset\face only\DFDC_REAL_Face_only_data\shortened\mueekicuyv.mp4,REAL
D:\major project\dataset\face only\DFDC_FAKE_Face_only_data\shortened\ccbfcnkwxa.mp4,FAKE
D:\major project\dataset\face only\DFDC_FAKE_Face_only_data\shortened\cwjtawpefj.mp4,FAKE
D:\major project\dataset\face only\DFDC_FAKE_Face_only_data\shortened\cmliuimutv.mp4,FAKE
D:\major project\dataset\face only\DFDC_FAKE_Face_only_data\shortened\ehbujerrtd.mp4,FAKE
D:\major project\dataset\face only\DFDC_FAKE_Face_only_data\shortened\aqvowsdlld.mp4,FAKE
D:\major project\dataset\face only\DFDC_FAKE_Face_only_data\shortened\bofqrylfpr.mp4,FAKE
D:\major project\dataset\face only\DFDC_REAL_Face_only_data\shortened\wqysrieiqu.mp4,REAL
D:\major project\dataset\face only\DFDC_REAL_Face_only_data\shortened\oobeaklccb.mp4,REAL
D:\major project\dataset\face only\DFDC_FAKE_Face_only_data\shortened\egscoezvho.mp4,FAKE
D:\major project\dataset\face only\DFDC_FAKE_Face_only_data\shortened\ayfjanopir.mp4,FAKE
D:\major project\dataset\face only\DFDC_FAKE_Face_only_data\shortened\eazkicaoye.mp4,FAKE
D:\major project\dataset\face only\DFDC_REAL_Face_only_data\shortened\sznkemeqro.mp4,REAL
D:\major project\dataset\face only\DFDC_REAL_Face_only_data\shortened\ylxwcwhjjd.mp4,REAL
D:\major project\dataset\face only\DFDC_FAKE_Face_only_data\shortened\arcviozhqq.mp4,FAKE
D:\major project\dataset\face only\DFDC_FAKE_Face_only_data\shortened\bjhlloopdo.mp4,FAKE
D:\major project\dataset\face only\DFDC_FAKE_Face_only_data\shortened\atidvosipb.mp4,FAKE
D:\major project\dataset\face only\DFDC_FAKE_Face_only_data\shortened\dkphahwdrr.mp4,FAKE
D:\major project\dataset\face only\DFDC_FAKE_Face_only_data\shortened\csflwluoeb.mp4,FAKE
D:\major project\dataset\face only\DFDC_FAKE_Face_only_data\shortened\bmdrytwxjp.mp4,FAKE
D:\major project\dataset\face only\DFDC_FAKE_Face_only_data\shortened\bktkwbcawi.mp4,FAKE
D:\major project\dataset\face only\DFDC_REAL_Face_only_data\shortened\rbhecseopz.mp4,REAL
D:\major project\dataset\face only\DFDC_REAL_Face_only_data\shortened\qjeovxqskj.mp4,REAL
D:\major project\dataset\face only\DFDC_REAL_Face_only_data\shortened\jhmliugwqq.mp4,REAL
D:\major project\dataset\face only\DFDC_FAKE_Face_only_data\shortened\ctsoiluvvz.mp4,FAKE
D:\major project\dataset\face only\DFDC_FAKE_Face_only_data\shortened\bjaejffikm.mp4,FAKE
D:\major project\dataset\face only\DFDC_FAKE_Face_only_data\shortened\aurcpsxlqm.mp4,FAKE
D:\major project\dataset\face only\DFDC_FAKE_Face_only_data\shortened\bqrqgidhyk.mp4,FAKE
D:\major project\dataset\face only\DFDC_FAKE_Face_only_data\shortened\dorgwfxgrc.mp4,FAKE
D:\major project\dataset\face only\DFDC_REAL_Face_only_data\shortened\rrwdacnzcd.mp4,REAL
D:\major project\dataset\face only\DFDC_FAKE_Face_only_data\shortened\dxhacwtgxn.mp4,FAKE
D:\major project\dataset\face only\DFDC_REAL_Face_only_data\shortened\kkbznuwipg.mp4,REAL
D:\major project\dataset\face only\DFDC_FAKE_Face_only_data\shortened\awgnijixvk.mp4,FAKE
D:\major project\dataset\face only\DFDC_REAL_Face_only_data\shortened\yrxljghbmn.mp4,REAL
D:\major project\dataset\face only\DFDC_FAKE_Face_only_data\shortened\atmpbrgsmp.mp4,FAKE
D:\major project\dataset\face only\DFDC_REAL_Face_only_data\shortened\ezbvvongzk.mp4,REAL
D:\major project\dataset\face only\DFDC_FAKE_Face_only_data\shortened\cxsqjzyauw.mp4,FAKE
D:\major project\dataset\face only\DFDC_FAKE_Face_only_data\shortened\cgjgaddbbw.mp4,FAKE
D:\major project\dataset\face only\DFDC_FAKE_Face_only_data\shortened\bkkxuqeifu.mp4,FAKE
D:\major project\dataset\face only\DFDC_FAKE_Face_only_data\shortened\bbhwlztebz.mp4,FAKE
D:\major project\dataset\face only\DFDC_FAKE_Face_only_data\shortened\edvsrpoqyg.mp4,FAKE
D:\major project\dataset\face only\DFDC_REAL_Face_only_data\shortened\iuatfdhkya.mp4,REAL
D:\major project\dataset\face only\DFDC_REAL_Face_only_data\shortened\grzszchajr.mp4,REAL
D:\major project\dataset\face only\DFDC_FAKE_Face_only_data\shortened\dzwleiudsk.mp4,FAKE
D:\major project\dataset\face only\DFDC_FAKE_Face_only_data\shortened\cracusggal.mp4,FAKE
D:\major project\dataset\face only\DFDC_REAL_Face_only_data\shortened\sodvtfqbpf.mp4,REAL
D:\major project\dataset\face only\DFDC_REAL_Face_only_data\shortened\qiyzfjrloz.mp4,REAL
D:\major project\dataset\face only\DFDC_FAKE_Face_only_data\shortened\cgnhytdbnt.mp4,FAKE
D:\major project\dataset\face only\DFDC_REAL_Face_only_data\shortened\zfrrixsimm.mp4,REAL
D:\major project\dataset\face only\DFDC_FAKE_Face_only_data\shortened\agqzyglsup.mp4,FAKE
D:\major project\dataset\face only\DFDC_FAKE_Face_only_data\shortened\dkqwmjuvky.mp4,FAKE
D:\major project\dataset\face only\DFDC_REAL_Face_only_data\shortened\gochxzemmq.mp4,REAL
D:\major project\dataset\face only\DFDC_REAL_Face_only_data\shortened\dzkyxbbqkr.mp4,REAL
D:\major project\dataset\face only\DFDC_REAL_Face_only_data\shortened\phjvutxpoi.mp4,REAL
D:\major project\dataset\face only\DFDC_REAL_Face_only_data\shortened\kezwvsxxzj.mp4,REAL
D:\major project\dataset\face only\DFDC_REAL_Face_only_data\shortened\hkrhoronxv.mp4,REAL
D:\major project\dataset\face only\DFDC_FAKE_Face_only_data\shortened\dvslrgviss.mp4,FAKE
D:\major project\dataset\face only\DFDC_FAKE_Face_only_data\shortened\befkxqjbox.mp4,FAKE
D:\major project\dataset\face only\DFDC_FAKE_Face_only_data\shortened\ahcbiribgn.mp4,FAKE
D:\major project\dataset\face only\DFDC_REAL_Face_only_data\shortened\wilyayimlj.mp4,REAL
D:\major project\dataset\face only\DFDC_REAL_Face_only_data\shortened\rnxzqumvvl.mp4,REAL
D:\major project\dataset\face only\DFDC_REAL_Face_only_data\shortened\bfjsthfhbd.mp4,REAL
D:\major project\dataset\face only\DFDC_FAKE_Face_only_data\shortened\cugqzibkas.mp4,FAKE
D:\major project\dataset\face only\DFDC_FAKE_Face_only_data\shortened\ajovkrmjye.mp4,FAKE
D:\major project\dataset\face only\DFDC_REAL_Face_only_data\shortened\zmxeiipnqb.mp4,REAL
D:\major project\dataset\face only\DFDC_FAKE_Face_only_data\shortened\accuranbpc.mp4,FAKE
D:\major project\dataset\face only\DFDC_FAKE_Face_only_data\shortened\bofrwgeyjo.mp4,FAKE
D:\major project\dataset\face only\DFDC_FAKE_Face_only_data\shortened\dywxefvgfi.mp4,FAKE
D:\major project\dataset\face only\DFDC_FAKE_Face_only_data\shortened\dzjswiqnmm.mp4,FAKE
D:\major project\dataset\face only\DFDC_FAKE_Face_only_data\shortened\atsvznzksa.mp4,FAKE
D:\major project\dataset\face only\DFDC_FAKE_Face_only_data\shortened\byloqytsws.mp4,FAKE
D:\major project\dataset\face only\DFDC_REAL_Face_only_data\shortened\gpsxfxrjrr.mp4,REAL
D:\major project\dataset\face only\DFDC_FAKE_Face_only_data\shortened\bftztxnheg.mp4,FAKE
D:\major project\dataset\face only\DFDC_FAKE_Face_only_data\shortened\cvqlmslhdv.mp4,FAKE
D:\major project\dataset\face only\DFDC_FAKE_Face_only_data\shortened\azvpvieiaj.mp4,FAKE
D:\major project\dataset\face only\DFDC_FAKE_Face_only_data\shortened\aentwuqfmv.mp4,FAKE
D:\major project\dataset\face only\DFDC_FAKE_Face_only_data\shortened\anzylmbqgi.mp4,FAKE
D:\major project\dataset\face only\DFDC_FAKE_Face_only_data\shortened\aqcqygyoae.mp4,FAKE
D:\major project\dataset\face only\DFDC_FAKE_Face_only_data\shortened\azloskdmkl.mp4,FAKE
D:\major project\dataset\face only\DFDC_FAKE_Face_only_data\shortened\cfmapbvctw.mp4,FAKE
D:\major project\dataset\face only\DFDC_REAL_Face_only_data\shortened\lpgxwdgnio.mp4,REAL
D:\major project\dataset\face only\DFDC_FAKE_Face_only_data\shortened\blklnegyki.mp4,FAKE
D:\major project\dataset\face only\DFDC_FAKE_Face_only_data\shortened\cktnvixgub.mp4,FAKE
D:\major project\dataset\face only\DFDC_FAKE_Face_only_data\shortened\clgpmpxpxa.mp4,FAKE
D:\major project\dataset\face only\DFDC_FAKE_Face_only_data\shortened\dxzscteuyd.mp4,FAKE
D:\major project\dataset\face only\DFDC_REAL_Face_only_data\shortened\zfnbkyefuh.mp4,REAL
D:\major project\dataset\face only\DFDC_REAL_Face_only_data\shortened\uxuvkrjhws.mp4,REAL
D:\major project\dataset\face only\DFDC_REAL_Face_only_data\shortened\oojxonbgow.mp4,REAL
D:\major project\dataset\face only\DFDC_REAL_Face_only_data\shortened\bkcyglmfci.mp4,REAL
D:\major project\dataset\face only\DFDC_FAKE_Face_only_data\shortened\binribybof.mp4,FAKE
D:\major project\dataset\face only\DFDC_FAKE_Face_only_data\shortened\cjbejshqep.mp4,FAKE
D:\major project\dataset\face only\DFDC_REAL_Face_only_data\shortened\zzmgnglanj.mp4,REAL
D:\major project\dataset\face only\DFDC_REAL_Face_only_data\shortened\ilqwcbprqa.mp4,REAL
D:\major project\dataset\face only\DFDC_REAL_Face_only_data\shortened\sfqwnoixtm.mp4,REAL
D:\major project\dataset\face only\DFDC_REAL_Face_only_data\shortened\knmrhhsnqw.mp4,REAL
D:\major project\dataset\face only\DFDC_REAL_Face_only_data\shortened\prwsfljdjo.mp4,REAL
D:\major project\dataset\face only\DFDC_REAL_Face_only_data\shortened\kbulxcnrhd.mp4,REAL
D:\major project\dataset\face only\DFDC_REAL_Face_only_data\shortened\bhbdbhcqlh.mp4,REAL
D:\major project\dataset\face only\DFDC_REAL_Face_only_data\shortened\irqzdokcws.mp4,REAL
D:\major project\dataset\face only\DFDC_FAKE_Face_only_data\shortened\bppvyenwri.mp4,FAKE
D:\major project\dataset\face only\DFDC_FAKE_Face_only_data\shortened\axyczuqmyl.mp4,FAKE
D:\major project\dataset\face only\DFDC_REAL_Face_only_data\shortened\akrubjfzzc.mp4,REAL
D:\major project\dataset\face only\DFDC_FAKE_Face_only_data\shortened\ddtgcdxlfj.mp4,FAKE
D:\major project\dataset\face only\DFDC_REAL_Face_only_data\shortened\nzqtvipnoc.mp4,REAL
D:\major project\dataset\face only\DFDC_FAKE_Face_only_data\shortened\bdeouczrwb.mp4,FAKE
D:\major project\dataset\face only\DFDC_REAL_Face_only_data\shortened\ebqceovwpd.mp4,REAL
D:\major project\dataset\face only\DFDC_REAL_Face_only_data\shortened\bfdopzvxbi.mp4,REAL
D:\major project\dataset\face only\DFDC_REAL_Face_only_data\shortened\rxdoimqble.mp4,REAL
D:\major project\dataset\face only\DFDC_REAL_Face_only_data\shortened\rmlzgerevr.mp4,REAL
D:\major project\dataset\face only\DFDC_REAL_Face_only_data\shortened\orkccpsdba.mp4,REAL
D:\major project\dataset\face only\DFDC_REAL_Face_only_data\shortened\qooxnxqqjb.mp4,REAL
D:\major project\dataset\face only\DFDC_REAL_Face_only_data\shortened\wbjtrlyjsm.mp4,REAL
D:\major project\dataset\face only\DFDC_REAL_Face_only_data\shortened\rzljiqidhj.mp4,REAL
D:\major project\dataset\face only\DFDC_REAL_Face_only_data\shortened\qhkzlnzruj.mp4,REAL
D:\major project\dataset\face only\DFDC_FAKE_Face_only_data\shortened\cebcmahlap.mp4,FAKE
D:\major project\dataset\face only\DFDC_REAL_Face_only_data\shortened\tyjpjpglgx.mp4,REAL
D:\major project\dataset\face only\DFDC_REAL_Face_only_data\shortened\mdgbfnyoys.mp4,REAL
D:\major project\dataset\face only\DFDC_REAL_Face_only_data\shortened\ihglzxzroo.mp4,REAL
D:\major project\dataset\face only\DFDC_REAL_Face_only_data\shortened\whurggewea.mp4,REAL
D:\major project\dataset\face only\DFDC_FAKE_Face_only_data\shortened\bjorshdgjo.mp4,FAKE
D:\major project\dataset\face only\DFDC_REAL_Face_only_data\shortened\sxryoeigag.mp4,REAL
D:\major project\dataset\face only\DFDC_REAL_Face_only_data\shortened\pdswwyyntw.mp4,REAL
D:\major project\dataset\face only\DFDC_REAL_Face_only_data\shortened\ijvprklcmz.mp4,REAL
D:\major project\dataset\face only\DFDC_REAL_Face_only_data\shortened\xemhvuvgrn.mp4,REAL
D:\major project\dataset\face only\DFDC_REAL_Face_only_data\shortened\vajkicalux.mp4,REAL
D:\major project\dataset\face only\DFDC_FAKE_Face_only_data\shortened\dsbrnbihpn.mp4,FAKE
D:\major project\dataset\face only\DFDC_REAL_Face_only_data\shortened\ekvwecwltj.mp4,REAL
D:\major project\dataset\face only\DFDC_REAL_Face_only_data\shortened\rrsczkvqso.mp4,REAL
D:\major project\dataset\face only\DFDC_REAL_Face_only_data\shortened\jyoxdvxpza.mp4,REAL
D:\major project\dataset\face only\DFDC_REAL_Face_only_data\shortened\yhjlnisfel.mp4,REAL
D:\major project\dataset\face only\DFDC_REAL_Face_only_data\shortened\jtafajtmpv.mp4,REAL
D:\major project\dataset\face only\DFDC_REAL_Face_only_data\shortened\ggzjfrirjh.mp4,REAL
D:\major project\dataset\face only\DFDC_REAL_Face_only_data\shortened\zxacihctqp.mp4,REAL
D:\major project\dataset\face only\DFDC_REAL_Face_only_data\shortened\mwocdprfiu.mp4,REAL
D:\major project\dataset\face only\DFDC_REAL_Face_only_data\shortened\rcqcattfsu.mp4,REAL
D:\major project\dataset\face only\DFDC_FAKE_Face_only_data\shortened\aahsnkchkz.mp4,FAKE
D:\major project\dataset\face only\DFDC_REAL_Face_only_data\shortened\dmmvuaikkv.mp4,REAL
D:\major project\dataset\face only\DFDC_REAL_Face_only_data\shortened\uufozqkfkf.mp4,REAL
D:\major project\dataset\face only\DFDC_REAL_Face_only_data\shortened\auiyaoncks.mp4,REAL
D:\major project\dataset\face only\DFDC_REAL_Face_only_data\shortened\blnmxntbey.mp4,REAL
D:\major project\dataset\face only\DFDC_REAL_Face_only_data\shortened\fjxovgmwnm.mp4,REAL
D:\major project\dataset\face only\DFDC_FAKE_Face_only_data\shortened\aoayayeqji.mp4,FAKE
D:\major project\dataset\face only\DFDC_REAL_Face_only_data\shortened\wjhpisoeaj.mp4,REAL
D:\major project\dataset\face only\DFDC_REAL_Face_only_data\shortened\ndxodmkaia.mp4,REAL
D:\major project\dataset\face only\DFDC_REAL_Face_only_data\shortened\qcsfyfuibd.mp4,REAL
D:\major project\dataset\face only\DFDC_REAL_Face_only_data\shortened\gqauayeamb.mp4,REAL
D:\major project\dataset\face only\DFDC_FAKE_Face_only_data\shortened\ctjewcqxee.mp4,FAKE
D:\major project\dataset\face only\DFDC_REAL_Face_only_data\shortened\jfvhokkzmq.mp4,REAL
D:\major project\dataset\face only\DFDC_REAL_Face_only_data\shortened\xezkldtvhk.mp4,REAL
D:\major project\dataset\face only\DFDC_REAL_Face_only_data\shortened\rlqbowounu.mp4,REAL
D:\major project\dataset\face only\DFDC_REAL_Face_only_data\shortened\vnlzxqwthl.mp4,REAL
D:\major project\dataset\face only\DFDC_REAL_Face_only_data\shortened\crvepxiplb.mp4,REAL
D:\major project\dataset\face only\DFDC_REAL_Face_only_data\shortened\dzojiwfvba.mp4,REAL
D:\major project\dataset\face only\DFDC_REAL_Face_only_data\shortened\uulabkvfns.mp4,REAL
D:\major project\dataset\face only\DFDC_REAL_Face_only_data\shortened\pxjkzvqomp.mp4,REAL
D:\major project\dataset\face only\DFDC_REAL_Face_only_data\shortened\gvwkwkosow.mp4,REAL
D:\major project\dataset\face only\DFDC_REAL_Face_only_data\shortened\sekwncgkzc.mp4,REAL
D:\major project\dataset\face only\DFDC_FAKE_Face_only_data\shortened\bstbbiefie.mp4,FAKE
D:\major project\dataset\face only\DFDC_REAL_Face_only_data\shortened\nyyrcevhrc.mp4,REAL
D:\major project\dataset\face only\DFDC_REAL_Face_only_data\shortened\ncmpqwmnzb.mp4,REAL
D:\major project\dataset\face only\DFDC_REAL_Face_only_data\shortened\uhrqlmlclw.mp4,REAL
D:\major project\dataset\face only\DFDC_REAL_Face_only_data\shortened\tomunwedej.mp4,REAL
D:\major project\dataset\face only\DFDC_REAL_Face_only_data\shortened\zbgssotnjm.mp4,REAL
D:\major project\dataset\face only\DFDC_REAL_Face_only_data\shortened\lbigytrrtr.mp4,REAL
D:\major project\dataset\face only\DFDC_REAL_Face_only_data\shortened\mxlipjhmqk.mp4,REAL
D:\major project\dataset\face only\DFDC_REAL_Face_only_data\shortened\txnmkabufs.mp4,REAL
D:\major project\dataset\face only\DFDC_REAL_Face_only_data\shortened\tgawasvbbr.mp4,REAL
D:\major project\dataset\face only\DFDC_REAL_Face_only_data\shortened\gfgcwxkbjd.mp4,REAL
D:\major project\dataset\face only\DFDC_FAKE_Face_only_data\shortened\dbyfoksnlh.mp4,FAKE
D:\major project\dataset\face only\DFDC_REAL_Face_only_data\shortened\dsnxgrfdmd.mp4,REAL
D:\major project\dataset\face only\DFDC_REAL_Face_only_data\shortened\yrdrzkpxgz.mp4,REAL
D:\major project\dataset\face only\DFDC_REAL_Face_only_data\shortened\pnwjdpjlup.mp4,REAL
D:\major project\dataset\face only\DFDC_REAL_Face_only_data\shortened\adohdulfwb.mp4,REAL
D:\major project\dataset\face only\DFDC_REAL_Face_only_data\shortened\ruhtnngrqv.mp4,REAL
D:\major project\dataset\face only\DFDC_FAKE_Face_only_data\shortened\czifmcopho.mp4,FAKE
D:\major project\dataset\face only\DFDC_FAKE_Face_only_data\shortened\bcvheslzrq.mp4,FAKE
D:\major project\dataset\face only\DFDC_FAKE_Face_only_data\shortened\cshlbvfpzi.mp4,FAKE
D:\major project\dataset\face only\DFDC_REAL_Face_only_data\shortened\rfukeoxpqu.mp4,REAL
D:\major project\dataset\face only\DFDC_REAL_Face_only_data\shortened\mwnibuujwz.mp4,REAL
D:\major project\dataset\face only\DFDC_REAL_Face_only_data\shortened\oocincvedt.mp4,REAL
D:\major project\dataset\face only\DFDC_REAL_Face_only_data\shortened\abmjszfycr.mp4,REAL
D:\major project\dataset\face only\DFDC_FAKE_Face_only_data\shortened\ammowfdpae.mp4,FAKE
D:\major project\dataset\face only\DFDC_FAKE_Face_only_data\shortened\bbaeewtqei.mp4,FAKE
D:\major project\dataset\face only\DFDC_REAL_Face_only_data\shortened\jkonwkrhqp.mp4,REAL
D:\major project\dataset\face only\DFDC_REAL_Face_only_data\shortened\onanqtsdjk.mp4,REAL
D:\major project\dataset\face only\DFDC_REAL_Face_only_data\shortened\iweugtdrpv.mp4,REAL
D:\major project\dataset\face only\DFDC_REAL_Face_only_data\shortened\ljauauuyka.mp4,REAL
D:\major project\dataset\face only\DFDC_REAL_Face_only_data\shortened\rukyxomwcx.mp4,REAL
D:\major project\dataset\face only\DFDC_REAL_Face_only_data\shortened\wqsveixiyo.mp4,REAL
D:\major project\dataset\face only\DFDC_REAL_Face_only_data\shortened\mwxecbuidu.mp4,REAL
D:\major project\dataset\face only\DFDC_REAL_Face_only_data\shortened\iorbtaarte.mp4,REAL
D:\major project\dataset\face only\DFDC_REAL_Face_only_data\shortened\uuqrzdhjuh.mp4,REAL
D:\major project\dataset\face only\DFDC_FAKE_Face_only_data\shortened\djzyraaict.mp4,FAKE
D:\major project\dataset\face only\DFDC_REAL_Face_only_data\shortened\caaackoecr.mp4,REAL
D:\major project\dataset\face only\DFDC_REAL_Face_only_data\shortened\nsrbvbkpfr.mp4,REAL
D:\major project\dataset\face only\DFDC_REAL_Face_only_data\shortened\ogghhskfdr.mp4,REAL
D:\major project\dataset\face only\DFDC_REAL_Face_only_data\shortened\czfqlbcfpa.mp4,REAL
D:\major project\dataset\face only\DFDC_FAKE_Face_only_data\shortened\cbtcwfzudb.mp4,FAKE
D:\major project\dataset\face only\DFDC_REAL_Face_only_data\shortened\ixzkhxrmka.mp4,REAL
D:\major project\dataset\face only\DFDC_REAL_Face_only_data\shortened\hjiixnernu.mp4,REAL
D:\major project\dataset\face only\DFDC_REAL_Face_only_data\shortened\vdwxhqsypv.mp4,REAL
D:\major project\dataset\face only\DFDC_REAL_Face_only_data\shortened\ywxpquomgt.mp4,REAL
D:\major project\dataset\face only\DFDC_FAKE_Face_only_data\shortened\ehkjdctavq.mp4,FAKE
D:\major project\dataset\face only\DFDC_REAL_Face_only_data\shortened\oaguiggjyv.mp4,REAL
D:\major project\dataset\face only\DFDC_REAL_Face_only_data\shortened\vbfjlcuswe.mp4,REAL
D:\major project\dataset\face only\DFDC_REAL_Face_only_data\shortened\fqvaalcdae.mp4,REAL
D:\major project\dataset\face only\DFDC_REAL_Face_only_data\shortened\mdlwompdxe.mp4,REAL
D:\major project\dataset\face only\DFDC_REAL_Face_only_data\shortened\nycmyuzpml.mp4,REAL
D:\major project\dataset\face only\DFDC_REAL_Face_only_data\shortened\jiswxuqzyz.mp4,REAL
D:\major project\dataset\face only\DFDC_REAL_Face_only_data\shortened\bfajruognp.mp4,REAL
D:\major project\dataset\face only\DFDC_REAL_Face_only_data\shortened\bckjuzbabv.mp4,REAL
D:\major project\dataset\face only\DFDC_REAL_Face_only_data\shortened\elackxuccp.mp4,REAL
D:\major project\dataset\face only\DFDC_REAL_Face_only_data\shortened\qsuinwnjjb.mp4,REAL
D:\major project\dataset\face only\DFDC_REAL_Face_only_data\shortened\nxnmkytwze.mp4,REAL
D:\major project\dataset\face only\DFDC_REAL_Face_only_data\shortened\uqguyibemu.mp4,REAL
D:\major project\dataset\face only\DFDC_FAKE_Face_only_data\shortened\dqqwmmwlbg.mp4,FAKE
D:\major project\dataset\face only\DFDC_REAL_Face_only_data\shortened\tzmithsdcj.mp4,REAL
D:\major project\dataset\face only\DFDC_REAL_Face_only_data\shortened\mkmgcxaztt.mp4,REAL
D:\major project\dataset\face only\DFDC_REAL_Face_only_data\shortened\hvyevrpeyc.mp4,REAL
D:\major project\dataset\face only\DFDC_REAL_Face_only_data\shortened\vcwxdwngnq.mp4,REAL
D:\major project\dataset\face only\DFDC_REAL_Face_only_data\shortened\hierggamuo.mp4,REAL
D:\major project\dataset\face only\DFDC_FAKE_Face_only_data\shortened\cwhoszpfek.mp4,FAKE
D:\major project\dataset\face only\DFDC_REAL_Face_only_data\shortened\jyfvaequfg.mp4,REAL
D:\major project\dataset\face only\DFDC_REAL_Face_only_data\shortened\ystdtnetgj.mp4,REAL
D:\major project\dataset\face only\DFDC_REAL_Face_only_data\shortened\gxbkcxyfjm.mp4,REAL
D:\major project\dataset\face only\DFDC_REAL_Face_only_data\shortened\zuwwbbusgl.mp4,REAL
D:\major project\dataset\face only\DFDC_REAL_Face_only_data\shortened\ugrlhuxwkw.mp4,REAL
D:\major project\dataset\face only\DFDC_REAL_Face_only_data\shortened\oefukgnvel.mp4,REAL
D:\major project\dataset\face only\DFDC_FAKE_Face_only_data\shortened\dohidzgzqj.mp4,FAKE
D:\major project\dataset\face only\DFDC_REAL_Face_only_data\shortened\dajebuxaez.mp4,REAL
D:\major project\dataset\face only\DFDC_REAL_Face_only_data\shortened\dtozwcapoa.mp4,REAL
D:\major project\dataset\face only\DFDC_REAL_Face_only_data\shortened\uayzvvmhjr.mp4,REAL
D:\major project\dataset\face only\DFDC_REAL_Face_only_data\shortened\yronlutbgm.mp4,REAL
D:\major project\dataset\face only\DFDC_REAL_Face_only_data\shortened\qknnpddobj.mp4,REAL
D:\major project\dataset\face only\DFDC_REAL_Face_only_data\shortened\qqnlrngaft.mp4,REAL
D:\major project\dataset\face only\DFDC_REAL_Face_only_data\shortened\psesikjaxx.mp4,REAL
D:\major project\dataset\face only\DFDC_REAL_Face_only_data\shortened\dpmgoiwhuf.mp4,REAL
D:\major project\dataset\face only\DFDC_REAL_Face_only_data\shortened\siebfpwuhu.mp4,REAL
D:\major project\dataset\face only\DFDC_REAL_Face_only_data\shortened\pzdsiytket.mp4,REAL
D:\major project\dataset\face only\DFDC_REAL_Face_only_data\shortened\ljouzjaqqe.mp4,REAL
D:\major project\dataset\face only\DFDC_FAKE_Face_only_data\shortened\bhidtfximd.mp4,FAKE
D:\major project\dataset\face only\DFDC_REAL_Face_only_data\shortened\dxgnpnowgk.mp4,REAL
D:\major project\dataset\face only\DFDC_REAL_Face_only_data\shortened\wadvzjhwtw.mp4,REAL
D:\major project\dataset\face only\DFDC_REAL_Face_only_data\shortened\phvzvwsxtx.mp4,REAL
D:\major project\dataset\face only\DFDC_FAKE_Face_only_data\shortened\egxdgjsilw.mp4,FAKE
D:\major project\dataset\face only\DFDC_REAL_Face_only_data\shortened\oovzfmploa.mp4,REAL
D:\major project\dataset\face only\DFDC_FAKE_Face_only_data\shortened\dnrpknwija.mp4,FAKE
D:\major project\dataset\face only\DFDC_REAL_Face_only_data\shortened\cxwcpgspni.mp4,REAL
D:\major project\dataset\face only\DFDC_FAKE_Face_only_data\shortened\amexfpxjzt.mp4,FAKE
D:\major project\dataset\face only\DFDC_FAKE_Face_only_data\shortened\bxctteujhv.mp4,FAKE
D:\major project\dataset\face only\DFDC_FAKE_Face_only_data\shortened\bwrtykzswp.mp4,FAKE
D:\major project\dataset\face only\DFDC_FAKE_Face_only_data\shortened\eldndygyuj.mp4,FAKE
D:\major project\dataset\face only\DFDC_FAKE_Face_only_data\shortened\cvwbvedicl.mp4,FAKE
D:\major project\dataset\face only\DFDC_FAKE_Face_only_data\shortened\dnugrjawlu.mp4,FAKE
D:\major project\dataset\face only\DFDC_FAKE_Face_only_data\shortened\dzbtmzyupz.mp4,FAKE
D:\major project\dataset\face only\DFDC_FAKE_Face_only_data\shortened\afnxnrrqsj.mp4,FAKE
D:\major project\dataset\face only\DFDC_FAKE_Face_only_data\shortened\dwdsqjvuch.mp4,FAKE
D:\major project\dataset\face only\DFDC_REAL_Face_only_data\shortened\aqzbhxohjk.mp4,REAL
D:\major project\dataset\face only\DFDC_FAKE_Face_only_data\shortened\cchevvfwpu.mp4,FAKE
D:\major project\dataset\face only\DFDC_REAL_Face_only_data\shortened\bvsnqubtjc.mp4,REAL
D:\major project\dataset\face only\DFDC_FAKE_Face_only_data\shortened\aglalfjfer.mp4,FAKE
D:\major project\dataset\face only\DFDC_FAKE_Face_only_data\shortened\etndujkuoe.mp4,FAKE
D:\major project\dataset\face only\DFDC_FAKE_Face_only_data\shortened\dnhdqryijq.mp4,FAKE
D:\major project\dataset\face only\DFDC_REAL_Face_only_data\shortened\qlzfgzyuly.mp4,REAL
D:\major project\dataset\face only\DFDC_FAKE_Face_only_data\shortened\cxwfakmhui.mp4,FAKE
D:\major project\dataset\face only\DFDC_REAL_Face_only_data\shortened\kxppqyujvj.mp4,REAL
D:\major project\dataset\face only\DFDC_FAKE_Face_only_data\shortened\dmspiciqdb.mp4,FAKE
D:\major project\dataset\face only\DFDC_FAKE_Face_only_data\shortened\cehhbxagyt.mp4,FAKE
D:\major project\dataset\face only\DFDC_REAL_Face_only_data\shortened\iumybqkbzt.mp4,REAL
D:\major project\dataset\face only\DFDC_REAL_Face_only_data\shortened\shmkfwlhwr.mp4,REAL
D:\major project\dataset\face only\DFDC_FAKE_Face_only_data\shortened\cpxlfotfyz.mp4,FAKE
D:\major project\dataset\face only\DFDC_FAKE_Face_only_data\shortened\eqklxbzhmu.mp4,FAKE
D:\major project\dataset\face only\DFDC_FAKE_Face_only_data\shortened\edmrdlwfbp.mp4,FAKE
D:\major project\dataset\face only\DFDC_REAL_Face_only_data\shortened\wqbzbxjndx.mp4,REAL
D:\major project\dataset\face only\DFDC_FAKE_Face_only_data\shortened\clkgvdosxe.mp4,FAKE
D:\major project\dataset\face only\DFDC_FAKE_Face_only_data\shortened\ddghapcesx.mp4,FAKE
D:\major project\dataset\face only\DFDC_REAL_Face_only_data\shortened\gjasrapdle.mp4,REAL
D:\major project\dataset\face only\DFDC_FAKE_Face_only_data\shortened\betxlrlfsv.mp4,FAKE
D:\major project\dataset\face only\DFDC_REAL_Face_only_data\shortened\mrgmchwvfk.mp4,REAL
D:\major project\dataset\face only\DFDC_FAKE_Face_only_data\shortened\enipqkwzqx.mp4,FAKE
D:\major project\dataset\face only\DFDC_FAKE_Face_only_data\shortened\chprhivkyt.mp4,FAKE
D:\major project\dataset\face only\DFDC_REAL_Face_only_data\shortened\xzhlniwqng.mp4,REAL
D:\major project\dataset\face only\DFDC_REAL_Face_only_data\shortened\eyscmmobpw.mp4,REAL
D:\major project\dataset\face only\DFDC_FAKE_Face_only_data\shortened\dbsfikupsn.mp4,FAKE
D:\major project\dataset\face only\DFDC_FAKE_Face_only_data\shortened\campcpgvlt.mp4,FAKE
D:\major project\dataset\face only\DFDC_FAKE_Face_only_data\shortened\cntwvadfii.mp4,FAKE
D:\major project\dataset\face only\DFDC_REAL_Face_only_data\shortened\drywmgvslp.mp4,REAL
D:\major project\dataset\face only\DFDC_FAKE_Face_only_data\shortened\awlmfcjhxf.mp4,FAKE
D:\major project\dataset\face only\DFDC_REAL_Face_only_data\shortened\xlzhzudnny.mp4,REAL
D:\major project\dataset\face only\DFDC_FAKE_Face_only_data\shortened\eggcbcoedw.mp4,FAKE
D:\major project\dataset\face only\DFDC_REAL_Face_only_data\shortened\pczqsicacb.mp4,REAL
D:\major project\dataset\face only\DFDC_FAKE_Face_only_data\shortened\crcrqrsyik.mp4,FAKE
D:\major project\dataset\face only\DFDC_FAKE_Face_only_data\shortened\ablzpwqhcc.mp4,FAKE
D:\major project\dataset\face only\DFDC_REAL_Face_only_data\shortened\kkhtabarcx.mp4,REAL
D:\major project\dataset\face only\DFDC_FAKE_Face_only_data\shortened\dxraevezxe.mp4,FAKE
D:\major project\dataset\face only\DFDC_FAKE_Face_only_data\shortened\bbwwbsccdf.mp4,FAKE
D:\major project\dataset\face only\DFDC_REAL_Face_only_data\shortened\xxmdknsonl.mp4,REAL
D:\major project\dataset\face only\DFDC_REAL_Face_only_data\shortened\eifretwgfd.mp4,REAL
D:\major project\dataset\face only\DFDC_REAL_Face_only_data\shortened\eclxonfxph.mp4,REAL
D:\major project\dataset\face only\DFDC_REAL_Face_only_data\shortened\luiqqsfzgz.mp4,REAL
D:\major project\dataset\face only\DFDC_REAL_Face_only_data\shortened\nsqssmxbuk.mp4,REAL
D:\major project\dataset\face only\DFDC_FAKE_Face_only_data\shortened\czrnayusig.mp4,FAKE
D:\major project\dataset\face only\DFDC_FAKE_Face_only_data\shortened\coytfhjqcr.mp4,FAKE
D:\major project\dataset\face only\DFDC_FAKE_Face_only_data\shortened\bhbnvkiwti.mp4,FAKE
D:\major project\dataset\face only\DFDC_FAKE_Face_only_data\shortened\deczfkdrhz.mp4,FAKE
D:\major project\dataset\face only\DFDC_FAKE_Face_only_data\shortened\edquqwggla.mp4,FAKE
D:\major project\dataset\face only\DFDC_REAL_Face_only_data\shortened\ofdhwdwvqb.mp4,REAL
D:\major project\dataset\face only\DFDC_REAL_Face_only_data\shortened\tsvhwitvah.mp4,REAL
D:\major project\dataset\face only\DFDC_FAKE_Face_only_data\shortened\ckogtjkhzt.mp4,FAKE
D:\major project\dataset\face only\DFDC_REAL_Face_only_data\shortened\advzryyfkn.mp4,REAL
D:\major project\dataset\face only\DFDC_FAKE_Face_only_data\shortened\ekzwasnkky.mp4,FAKE
D:\major project\dataset\face only\DFDC_FAKE_Face_only_data\shortened\acptlizllc.mp4,FAKE
D:\major project\dataset\face only\DFDC_FAKE_Face_only_data\shortened\bcgnzohdlw.mp4,FAKE
D:\major project\dataset\face only\DFDC_REAL_Face_only_data\shortened\hcpxaobnjr.mp4,REAL
D:\major project\dataset\face only\DFDC_FAKE_Face_only_data\shortened\ecqpbhajkx.mp4,FAKE
D:\major project\dataset\face only\DFDC_FAKE_Face_only_data\shortened\clndjmjqbg.mp4,FAKE
D:\major project\dataset\face only\DFDC_REAL_Face_only_data\shortened\mcchrddyxx.mp4,REAL
D:\major project\dataset\face only\DFDC_REAL_Face_only_data\shortened\bzybxsrwxk.mp4,REAL
D:\major project\dataset\face only\DFDC_FAKE_Face_only_data\shortened\bbmagsmxrb.mp4,FAKE
D:\major project\dataset\face only\DFDC_FAKE_Face_only_data\shortened\ejsdvcnvlu.mp4,FAKE
D:\major project\dataset\face only\DFDC_FAKE_Face_only_data\shortened\eczoeypdon.mp4,FAKE
D:\major project\dataset\face only\DFDC_REAL_Face_only_data\shortened\jegaokdbdb.mp4,REAL
D:\major project\dataset\face only\DFDC_REAL_Face_only_data\shortened\otaahqoath.mp4,REAL
D:\major project\dataset\face only\DFDC_REAL_Face_only_data\shortened\wiqdiiskbi.mp4,REAL
D:\major project\dataset\face only\DFDC_FAKE_Face_only_data\shortened\ddnishdmey.mp4,FAKE
D:\major project\dataset\face only\DFDC_FAKE_Face_only_data\shortened\ajcgqfzbef.mp4,FAKE
D:\major project\dataset\face only\DFDC_FAKE_Face_only_data\shortened\atchftsngx.mp4,FAKE
D:\major project\dataset\face only\DFDC_REAL_Face_only_data\shortened\pdgzsvxvht.mp4,REAL
D:\major project\dataset\face only\DFDC_FAKE_Face_only_data\shortened\axidwwmhvb.mp4,FAKE
D:\major project\dataset\face only\DFDC_FAKE_Face_only_data\shortened\afrwgxjdqz.mp4,FAKE
D:\major project\dataset\face only\DFDC_REAL_Face_only_data\shortened\ghfnznqrvh.mp4,REAL
D:\major project\dataset\face only\DFDC_REAL_Face_only_data\shortened\hbcasaspdr.mp4,REAL
D:\major project\dataset\face only\DFDC_FAKE_Face_only_data\shortened\eshylhwvej.mp4,FAKE
D:\major project\dataset\face only\DFDC_REAL_Face_only_data\shortened\plsttxlqoo.mp4,REAL
D:\major project\dataset\face only\DFDC_REAL_Face_only_data\shortened\pzkvwtadta.mp4,REAL
D:\major project\dataset\face only\DFDC_FAKE_Face_only_data\shortened\cxmvedvusk.mp4,FAKE
D:\major project\dataset\face only\DFDC_FAKE_Face_only_data\shortened\caljwhewpb.mp4,FAKE
D:\major project\dataset\face only\DFDC_FAKE_Face_only_data\shortened\druokiksrn.mp4,FAKE
D:\major project\dataset\face only\DFDC_FAKE_Face_only_data\shortened\bpijdklhxj.mp4,FAKE
D:\major project\dataset\face only\DFDC_FAKE_Face_only_data\shortened\dawsozqnoy.mp4,FAKE
D:\major project\dataset\face only\DFDC_FAKE_Face_only_data\shortened\dbpwyvzccc.mp4,FAKE
D:\major project\dataset\face only\DFDC_FAKE_Face_only_data\shortened\eqliqjdput.mp4,FAKE
D:\major project\dataset\face only\DFDC_REAL_Face_only_data\shortened\zjxeptlacm.mp4,REAL
D:\major project\dataset\face only\DFDC_FAKE_Face_only_data\shortened\aarsmohwrt.mp4,FAKE
D:\major project\dataset\face only\DFDC_REAL_Face_only_data\shortened\aycjerwghk.mp4,REAL
D:\major project\dataset\face only\DFDC_REAL_Face_only_data\shortened\mwtamzmmjs.mp4,REAL
D:\major project\dataset\face only\DFDC_FAKE_Face_only_data\shortened\eppywcdkcs.mp4,FAKE
D:\major project\dataset\face only\DFDC_FAKE_Face_only_data\shortened\eefjhklvnt.mp4,FAKE
D:\major project\dataset\face only\DFDC_FAKE_Face_only_data\shortened\bmwftpdgmk.mp4,FAKE
D:\major project\dataset\face only\DFDC_FAKE_Face_only_data\shortened\dzjswxpstl.mp4,FAKE
D:\major project\dataset\face only\DFDC_FAKE_Face_only_data\shortened\cssoselqjy.mp4,FAKE
D:\major project\dataset\face only\DFDC_FAKE_Face_only_data\shortened\cyomcqpgmy.mp4,FAKE
D:\major project\dataset\face only\DFDC_FAKE_Face_only_data\shortened\dwynqbgsue.mp4,FAKE
D:\major project\dataset\face only\DFDC_FAKE_Face_only_data\shortened\cxdibrhrwz.mp4,FAKE
D:\major project\dataset\face only\DFDC_REAL_Face_only_data\shortened\gvpqgtsuyh.mp4,REAL
D:\major project\dataset\face only\DFDC_FAKE_Face_only_data\shortened\erzyucrekk.mp4,FAKE
D:\major project\dataset\face only\DFDC_REAL_Face_only_data\shortened\kytwyrusew.mp4,REAL
D:\major project\dataset\face only\DFDC_FAKE_Face_only_data\shortened\aelvskvush.mp4,FAKE
D:\major project\dataset\face only\DFDC_FAKE_Face_only_data\shortened\efgxwnhdkg.mp4,FAKE
D:\major project\dataset\face only\DFDC_FAKE_Face_only_data\shortened\bzmrzdjdfi.mp4,FAKE
D:\major project\dataset\face only\DFDC_REAL_Face_only_data\shortened\mgssylcwny.mp4,REAL
D:\major project\dataset\face only\DFDC_FAKE_Face_only_data\shortened\duxebrvpko.mp4,FAKE
D:\major project\dataset\face only\DFDC_FAKE_Face_only_data\shortened\bmewfssalv.mp4,FAKE
D:\major project\dataset\face only\DFDC_REAL_Face_only_data\shortened\pijwznrtjh.mp4,REAL
D:\major project\dataset\face only\DFDC_FAKE_Face_only_data\shortened\aqbkbgwgrd.mp4,FAKE
D:\major project\dataset\face only\DFDC_REAL_Face_only_data\shortened\pxrhjlzird.mp4,REAL
D:\major project\dataset\face only\DFDC_FAKE_Face_only_data\shortened\cerlkkynsx.mp4,FAKE
D:\major project\dataset\face only\DFDC_FAKE_Face_only_data\shortened\biihbnwecq.mp4,FAKE
D:\major project\dataset\face only\DFDC_FAKE_Face_only_data\shortened\bujfknruqx.mp4,FAKE
D:\major project\dataset\face only\DFDC_FAKE_Face_only_data\shortened\btydshktss.mp4,FAKE
D:\major project\dataset\face only\DFDC_REAL_Face_only_data\shortened\nnqfwqrcov.mp4,REAL
D:\major project\dataset\face only\DFDC_FAKE_Face_only_data\shortened\bvjebyqext.mp4,FAKE
D:\major project\dataset\face only\DFDC_FAKE_Face_only_data\shortened\cexrhgoikd.mp4,FAKE
D:\major project\dataset\face only\DFDC_REAL_Face_only_data\shortened\ftxkyhpuyp.mp4,REAL
D:\major project\dataset\face only\DFDC_REAL_Face_only_data\shortened\almnilnfyu.mp4,REAL
D:\major project\dataset\face only\DFDC_REAL_Face_only_data\shortened\gbwbyxszjl.mp4,REAL
D:\major project\dataset\face only\DFDC_FAKE_Face_only_data\shortened\esdscwuuqp.mp4,FAKE
D:\major project\dataset\face only\DFDC_FAKE_Face_only_data\shortened\eavwghkobe.mp4,FAKE
D:\major project\dataset\face only\DFDC_FAKE_Face_only_data\shortened\asjvplzvqm.mp4,FAKE
D:\major project\dataset\face only\DFDC_REAL_Face_only_data\shortened\pshagenxml.mp4,REAL
D:\major project\dataset\face only\DFDC_FAKE_Face_only_data\shortened\csxtydbgui.mp4,FAKE
D:\major project\dataset\face only\DFDC_REAL_Face_only_data\shortened\zqdjdmiihu.mp4,REAL
D:\major project\dataset\face only\DFDC_REAL_Face_only_data\shortened\xrxzalqmrz.mp4,REAL
D:\major project\dataset\face only\DFDC_FAKE_Face_only_data\shortened\agsbrbnbfh.mp4,FAKE
D:\major project\dataset\face only\DFDC_FAKE_Face_only_data\shortened\alxodlppci.mp4,FAKE
D:\major project\dataset\face only\DFDC_FAKE_Face_only_data\shortened\axklfzdbme.mp4,FAKE
D:\major project\dataset\face only\DFDC_REAL_Face_only_data\shortened\puylpqprqd.mp4,REAL
D:\major project\dataset\face only\DFDC_FAKE_Face_only_data\shortened\ahofrimoni.mp4,FAKE
D:\major project\dataset\face only\DFDC_REAL_Face_only_data\shortened\cqbfayfpqx.mp4,REAL
D:\major project\dataset\face only\DFDC_FAKE_Face_only_data\shortened\aimkjacvip.mp4,FAKE
D:\major project\dataset\face only\DFDC_REAL_Face_only_data\shortened\noozhkzkru.mp4,REAL
D:\major project\dataset\face only\DFDC_REAL_Face_only_data\shortened\lkwtqysqwr.mp4,REAL
D:\major project\dataset\face only\DFDC_FAKE_Face_only_data\shortened\elkbjpwigu.mp4,FAKE
D:\major project\dataset\face only\DFDC_FAKE_Face_only_data\shortened\aajhbrxhzm.mp4,FAKE
D:\major project\dataset\face only\DFDC_REAL_Face_only_data\shortened\chfkrpvgnz.mp4,REAL
D:\major project\dataset\face only\DFDC_REAL_Face_only_data\shortened\rrwgtachie.mp4,REAL
D:\major project\dataset\face only\DFDC_FAKE_Face_only_data\shortened\buhvwnaupu.mp4,FAKE
D:\major project\dataset\face only\DFDC_REAL_Face_only_data\shortened\ewoczpvuuc.mp4,REAL
D:\major project\dataset\face only\DFDC_FAKE_Face_only_data\shortened\aaknzywids.mp4,FAKE
D:\major project\dataset\face only\DFDC_FAKE_Face_only_data\shortened\dkwcabgddi.mp4,FAKE
D:\major project\dataset\face only\DFDC_REAL_Face_only_data\shortened\spzmqugvtn.mp4,REAL
D:\major project\dataset\face only\DFDC_REAL_Face_only_data\shortened\rozrjmrmeo.mp4,REAL
D:\major project\dataset\face only\DFDC_FAKE_Face_only_data\shortened\bvahacnzcf.mp4,FAKE
D:\major project\dataset\face only\DFDC_FAKE_Face_only_data\shortened\amcocxjkel.mp4,FAKE
D:\major project\dataset\face only\DFDC_FAKE_Face_only_data\shortened\azlfodrdst.mp4,FAKE
D:\major project\dataset\face only\DFDC_FAKE_Face_only_data\shortened\adckadazdl.mp4,FAKE
D:\major project\dataset\face only\DFDC_FAKE_Face_only_data\shortened\cytdctacrw.mp4,FAKE
D:\major project\dataset\face only\DFDC_FAKE_Face_only_data\shortened\bysnjpwrxs.mp4,FAKE
D:\major project\dataset\face only\DFDC_FAKE_Face_only_data\shortened\emxknhlufj.mp4,FAKE
D:\major project\dataset\face only\DFDC_FAKE_Face_only_data\shortened\bqzxvddxhv.mp4,FAKE
D:\major project\dataset\face only\DFDC_FAKE_Face_only_data\shortened\dzfavttdga.mp4,FAKE
D:\major project\dataset\face only\DFDC_FAKE_Face_only_data\shortened\azgafrrntz.mp4,FAKE
D:\major project\dataset\face only\DFDC_FAKE_Face_only_data\shortened\cccvfncjid.mp4,FAKE
D:\major project\dataset\face only\DFDC_FAKE_Face_only_data\shortened\dhogryadgy.mp4,FAKE
D:\major project\dataset\face only\DFDC_REAL_Face_only_data\shortened\uyddeofvvz.mp4,REAL
D:\major project\dataset\face only\DFDC_FAKE_Face_only_data\shortened\bgpwqfqnbi.mp4,FAKE
D:\major project\dataset\face only\DFDC_FAKE_Face_only_data\shortened\chhcmabekn.mp4,FAKE
D:\major project\dataset\face only\DFDC_FAKE_Face_only_data\shortened\cprsviqowo.mp4,FAKE
D:\major project\dataset\face only\DFDC_FAKE_Face_only_data\shortened\eaewlbhlxk.mp4,FAKE
D:\major project\dataset\face only\DFDC_REAL_Face_only_data\shortened\xpxqxdbjud.mp4,REAL
D:\major project\dataset\face only\DFDC_FAKE_Face_only_data\shortened\emognsfjum.mp4,FAKE
D:\major project\dataset\face only\DFDC_FAKE_Face_only_data\shortened\byrflccwdf.mp4,FAKE
D:\major project\dataset\face only\DFDC_FAKE_Face_only_data\shortened\atvucyyltw.mp4,FAKE
D:\major project\dataset\face only\DFDC_FAKE_Face_only_data\shortened\djrsjqtvry.mp4,FAKE
D:\major project\dataset\face only\DFDC_FAKE_Face_only_data\shortened\bdoadbahhf.mp4,FAKE
D:\major project\dataset\face only\DFDC_REAL_Face_only_data\shortened\xppjhsqnnm.mp4,REAL
D:\major project\dataset\face only\DFDC_FAKE_Face_only_data\shortened\cgyfrcpcqi.mp4,FAKE
D:\major project\dataset\face only\DFDC_REAL_Face_only_data\shortened\tchdlkhcym.mp4,REAL
D:\major project\dataset\face only\DFDC_FAKE_Face_only_data\shortened\buxrvoggov.mp4,FAKE
D:\major project\dataset\face only\DFDC_FAKE_Face_only_data\shortened\ayphanzbpm.mp4,FAKE
D:\major project\dataset\face only\DFDC_FAKE_Face_only_data\shortened\bspcyahzeb.mp4,FAKE
D:\major project\dataset\face only\DFDC_FAKE_Face_only_data\shortened\cqgihowwhl.mp4,FAKE
D:\major project\dataset\face only\DFDC_FAKE_Face_only_data\shortened\dydgxalbvq.mp4,FAKE
D:\major project\dataset\face only\DFDC_FAKE_Face_only_data\shortened\aslwfdrdsz.mp4,FAKE
D:\major project\dataset\face only\DFDC_FAKE_Face_only_data\shortened\bhtpbkfwdd.mp4,FAKE
D:\major project\dataset\face only\DFDC_REAL_Face_only_data\shortened\xoiyevqols.mp4,REAL
D:\major project\dataset\face only\DFDC_REAL_Face_only_data\shortened\nqxbkwbekr.mp4,REAL
D:\major project\dataset\face only\DFDC_FAKE_Face_only_data\shortened\bqlgvoexky.mp4,FAKE
D:\major project\dataset\face only\DFDC_FAKE_Face_only_data\shortened\batfgxokwg.mp4,FAKE
D:\major project\dataset\face only\DFDC_FAKE_Face_only_data\shortened\bhneimyaiz.mp4,FAKE
D:\major project\dataset\face only\DFDC_FAKE_Face_only_data\shortened\cuwnhkgiyb.mp4,FAKE
D:\major project\dataset\face only\DFDC_FAKE_Face_only_data\shortened\aafezqchru.mp4,FAKE
D:\major project\dataset\face only\DFDC_FAKE_Face_only_data\shortened\czdchuhbfe.mp4,FAKE
D:\major project\dataset\face only\DFDC_FAKE_Face_only_data\shortened\aqmxsdujjy.mp4,FAKE
D:\major project\dataset\face only\DFDC_FAKE_Face_only_data\shortened\dlgrgmkmpa.mp4,FAKE
D:\major project\dataset\face only\DFDC_REAL_Face_only_data\shortened\ezfrcspzxw.mp4,REAL
D:\major project\dataset\face only\DFDC_FAKE_Face_only_data\shortened\atxqvvrthu.mp4,FAKE
D:\major project\dataset\face only\DFDC_REAL_Face_only_data\shortened\avjkwuusto.mp4,REAL
D:\major project\dataset\face only\DFDC_FAKE_Face_only_data\shortened\birhfcgkot.mp4,FAKE
D:\major project\dataset\face only\DFDC_FAKE_Face_only_data\shortened\aspjhkusgd.mp4,FAKE
D:\major project\dataset\face only\DFDC_FAKE_Face_only_data\shortened\eglhjecykb.mp4,FAKE
D:\major project\dataset\face only\DFDC_FAKE_Face_only_data\shortened\bpbtxqytty.mp4,FAKE
D:\major project\dataset\face only\DFDC_FAKE_Face_only_data\shortened\eqwkbdxtyk.mp4,FAKE
D:\major project\dataset\face only\DFDC_FAKE_Face_only_data\shortened\asutuywxrs.mp4,FAKE
D:\major project\dataset\face only\DFDC_REAL_Face_only_data\shortened\awkvatcshx.mp4,REAL
D:\major project\dataset\face only\DFDC_FAKE_Face_only_data\shortened\borwxlaoje.mp4,FAKE
D:\major project\dataset\face only\DFDC_FAKE_Face_only_data\shortened\asntcqtqkq.mp4,FAKE
D:\major project\dataset\face only\DFDC_FAKE_Face_only_data\shortened\cdzriaborp.mp4,FAKE
D:\major project\dataset\face only\DFDC_REAL_Face_only_data\shortened\nmdzujhjid.mp4,REAL
D:\major project\dataset\face only\DFDC_REAL_Face_only_data\shortened\sjkigpouuh.mp4,REAL
D:\major project\dataset\face only\DFDC_FAKE_Face_only_data\shortened\eadolnlbix.mp4,FAKE
D:\major project\dataset\face only\DFDC_REAL_Face_only_data\shortened\skblurqkbj.mp4,REAL
D:\major project\dataset\face only\DFDC_FAKE_Face_only_data\shortened\bzmkkccnkt.mp4,FAKE
D:\major project\dataset\face only\DFDC_REAL_Face_only_data\shortened\pgvkkpnfrg.mp4,REAL
D:\major project\dataset\face only\DFDC_REAL_Face_only_data\shortened\slxtreuuzd.mp4,REAL
D:\major project\dataset\face only\DFDC_FAKE_Face_only_data\shortened\czjkgcwhch.mp4,FAKE
D:\major project\dataset\face only\DFDC_REAL_Face_only_data\shortened\yvkuususfu.mp4,REAL
D:\major project\dataset\face only\DFDC_FAKE_Face_only_data\shortened\ebvvelqptf.mp4,FAKE
D:\major project\dataset\face only\DFDC_FAKE_Face_only_data\shortened\arasptnvme.mp4,FAKE
D:\major project\dataset\face only\DFDC_REAL_Face_only_data\shortened\rxlnbvevtr.mp4,REAL
D:\major project\dataset\face only\DFDC_REAL_Face_only_data\shortened\hcnvjrbwyb.mp4,REAL
D:\major project\dataset\face only\DFDC_REAL_Face_only_data\shortened\bgsluarwyl.mp4,REAL
D:\major project\dataset\face only\DFDC_FAKE_Face_only_data\shortened\biyummatiu.mp4,FAKE
D:\major project\dataset\face only\DFDC_REAL_Face_only_data\shortened\pxquvkikhd.mp4,REAL
D:\major project\dataset\face only\DFDC_REAL_Face_only_data\shortened\frgzynfdxp.mp4,REAL
D:\major project\dataset\face only\DFDC_REAL_Face_only_data\shortened\vjokxcywyt.mp4,REAL
D:\major project\dataset\face only\DFDC_REAL_Face_only_data\shortened\elsxqxzbtk.mp4,REAL
D:\major project\dataset\face only\DFDC_FAKE_Face_only_data\shortened\daijlfwakh.mp4,FAKE
D:\major project\dataset\face only\DFDC_REAL_Face_only_data\shortened\gasbzeweme.mp4,REAL
D:\major project\dataset\face only\DFDC_REAL_Face_only_data\shortened\ihgazewlbd.mp4,REAL
D:\major project\dataset\face only\DFDC_FAKE_Face_only_data\shortened\dcnltnfeeg.mp4,FAKE
D:\major project\dataset\face only\DFDC_FAKE_Face_only_data\shortened\dbnuyzbgky.mp4,FAKE
D:\major project\dataset\face only\DFDC_FAKE_Face_only_data\shortened\adqyqmibof.mp4,FAKE
D:\major project\dataset\face only\DFDC_REAL_Face_only_data\shortened\goegdmmyxk.mp4,REAL
D:\major project\dataset\face only\DFDC_FAKE_Face_only_data\shortened\cbnyssjaho.mp4,FAKE
D:\major project\dataset\face only\DFDC_FAKE_Face_only_data\shortened\axqkzfboii.mp4,FAKE
D:\major project\dataset\face only\DFDC_REAL_Face_only_data\shortened\nwhleyjguj.mp4,REAL
D:\major project\dataset\face only\DFDC_REAL_Face_only_data\shortened\coyzuzluob.mp4,REAL
D:\major project\dataset\face only\DFDC_FAKE_Face_only_data\shortened\elrmpzdppn.mp4,FAKE
D:\major project\dataset\face only\DFDC_REAL_Face_only_data\shortened\vjenypjkzt.mp4,REAL
D:\major project\dataset\face only\DFDC_REAL_Face_only_data\shortened\pnzjahgfcj.mp4,REAL
D:\major project\dataset\face only\DFDC_REAL_Face_only_data\shortened\ldsunxtchf.mp4,REAL
D:\major project\dataset\face only\DFDC_REAL_Face_only_data\shortened\jvtrffcjuh.mp4,REAL
D:\major project\dataset\face only\DFDC_FAKE_Face_only_data\shortened\emrerqftel.mp4,FAKE
D:\major project\dataset\face only\DFDC_REAL_Face_only_data\shortened\wzdnvgackt.mp4,REAL
D:\major project\dataset\face only\DFDC_FAKE_Face_only_data\shortened\emnttneegx.mp4,FAKE
D:\major project\dataset\face only\DFDC_FAKE_Face_only_data\shortened\aigiiemnfz.mp4,FAKE
D:\major project\dataset\face only\DFDC_FAKE_Face_only_data\shortened\cundwodhjt.mp4,FAKE
D:\major project\dataset\face only\DFDC_REAL_Face_only_data\shortened\dbskpnukgs.mp4,REAL
D:\major project\dataset\face only\DFDC_REAL_Face_only_data\shortened\ykwmoztmjl.mp4,REAL
D:\major project\dataset\face only\DFDC_FAKE_Face_only_data\shortened\eqpnxxliki.mp4,FAKE
D:\major project\dataset\face only\DFDC_FAKE_Face_only_data\shortened\edghvpdkdo.mp4,FAKE
D:\major project\dataset\face only\DFDC_REAL_Face_only_data\shortened\hrtarlzjqi.mp4,REAL
D:\major project\dataset\face only\DFDC_REAL_Face_only_data\shortened\yokjmkzsbx.mp4,REAL
D:\major project\dataset\face only\DFDC_FAKE_Face_only_data\shortened\axtszmzvat.mp4,FAKE
D:\major project\dataset\face only\DFDC_FAKE_Face_only_data\shortened\arfqjhbpax.mp4,FAKE
D:\major project\dataset\face only\DFDC_REAL_Face_only_data\shortened\eonxnugdvo.mp4,REAL
D:\major project\dataset\face only\DFDC_REAL_Face_only_data\shortened\jjkfvegcnx.mp4,REAL
D:\major project\dataset\face only\DFDC_REAL_Face_only_data\shortened\kyebtgoqdg.mp4,REAL
D:\major project\dataset\face only\DFDC_REAL_Face_only_data\shortened\nxylqxbxnz.mp4,REAL
D:\major project\dataset\face only\DFDC_FAKE_Face_only_data\shortened\btdjfsvmvz.mp4,FAKE
D:\major project\dataset\face only\DFDC_REAL_Face_only_data\shortened\rgegpilfvx.mp4,REAL
D:\major project\dataset\face only\DFDC_REAL_Face_only_data\shortened\pmzpdrjsmq.mp4,REAL
D:\major project\dataset\face only\DFDC_REAL_Face_only_data\shortened\xgpicdcbrc.mp4,REAL
D:\major project\dataset\face only\DFDC_REAL_Face_only_data\shortened\zdyckloybc.mp4,REAL
D:\major project\dataset\face only\DFDC_REAL_Face_only_data\shortened\avphttmbpx.mp4,REAL
D:\major project\dataset\face only\DFDC_REAL_Face_only_data\shortened\vqjvtgaaqb.mp4,REAL
D:\major project\dataset\face only\DFDC_REAL_Face_only_data\shortened\uriohazzqe.mp4,REAL
D:\major project\dataset\face only\DFDC_FAKE_Face_only_data\shortened\ellibnfrxj.mp4,FAKE
D:\major project\dataset\face only\DFDC_REAL_Face_only_data\shortened\xzvnnhzbqd.mp4,REAL
D:\major project\dataset\face only\DFDC_REAL_Face_only_data\shortened\iomrpnpqyn.mp4,REAL
D:\major project\dataset\face only\DFDC_REAL_Face_only_data\shortened\agvtpygfdc.mp4,REAL
D:\major project\dataset\face only\DFDC_REAL_Face_only_data\shortened\qabreprhxg.mp4,REAL
D:\major project\dataset\face only\DFDC_REAL_Face_only_data\shortened\gwvwbbfckb.mp4,REAL
D:\major project\dataset\face only\DFDC_REAL_Face_only_data\shortened\wolrzmfong.mp4,REAL
D:\major project\dataset\face only\DFDC_REAL_Face_only_data\shortened\wnovcuyuqi.mp4,REAL
D:\major project\dataset\face only\DFDC_REAL_Face_only_data\shortened\cfaxqoasjl.mp4,REAL
D:\major project\dataset\face only\DFDC_REAL_Face_only_data\shortened\dskfqergbt.mp4,REAL
D:\major project\dataset\face only\DFDC_REAL_Face_only_data\shortened\nlktemafjx.mp4,REAL
D:\major project\dataset\face only\DFDC_REAL_Face_only_data\shortened\obpqhzvrvf.mp4,REAL
D:\major project\dataset\face only\DFDC_REAL_Face_only_data\shortened\sqsaiehvhb.mp4,REAL
D:\major project\dataset\face only\DFDC_REAL_Face_only_data\shortened\ibcmyzqrdn.mp4,REAL
D:\major project\dataset\face only\DFDC_FAKE_Face_only_data\shortened\cdfbhqgada.mp4,FAKE
D:\major project\dataset\face only\DFDC_REAL_Face_only_data\shortened\gtpbsniqon.mp4,REAL
D:\major project\dataset\face only\DFDC_REAL_Face_only_data\shortened\todvzqzwit.mp4,REAL
D:\major project\dataset\face only\DFDC_REAL_Face_only_data\shortened\bllhfrgbza.mp4,REAL
D:\major project\dataset\face only\DFDC_REAL_Face_only_data\shortened\anznojhdjf.mp4,REAL
D:\major project\dataset\face only\DFDC_REAL_Face_only_data\shortened\tbwmfvprzy.mp4,REAL
D:\major project\dataset\face only\DFDC_FAKE_Face_only_data\shortened\avenlmlmtn.mp4,FAKE
D:\major project\dataset\face only\DFDC_REAL_Face_only_data\shortened\sfqbvdhifm.mp4,REAL
D:\major project\dataset\face only\DFDC_REAL_Face_only_data\shortened\mqdtlaeqsu.mp4,REAL
D:\major project\dataset\face only\DFDC_REAL_Face_only_data\shortened\ekwfirmggp.mp4,REAL
D:\major project\dataset\face only\DFDC_REAL_Face_only_data\shortened\gbhaewrojh.mp4,REAL
D:\major project\dataset\face only\DFDC_FAKE_Face_only_data\shortened\dwvhonewys.mp4,FAKE
D:\major project\dataset\face only\DFDC_REAL_Face_only_data\shortened\hmywawbhvc.mp4,REAL
D:\major project\dataset\face only\DFDC_REAL_Face_only_data\shortened\togfsvdkax.mp4,REAL
D:\major project\dataset\face only\DFDC_REAL_Face_only_data\shortened\qnntfbdyqq.mp4,REAL
D:\major project\dataset\face only\DFDC_REAL_Face_only_data\shortened\gwhirvvovr.mp4,REAL
D:\major project\dataset\face only\DFDC_REAL_Face_only_data\shortened\mtnahwfzjr.mp4,REAL
D:\major project\dataset\face only\DFDC_REAL_Face_only_data\shortened\rlilafvfjm.mp4,REAL
D:\major project\dataset\face only\DFDC_REAL_Face_only_data\shortened\eyvsgkwrkj.mp4,REAL
D:\major project\dataset\face only\DFDC_FAKE_Face_only_data\shortened\dywkdfclzy.mp4,FAKE
D:\major project\dataset\face only\DFDC_REAL_Face_only_data\shortened\qzjfpupvfo.mp4,REAL
D:\major project\dataset\face only\DFDC_REAL_Face_only_data\shortened\xpehzjgxal.mp4,REAL
D:\major project\dataset\face only\DFDC_FAKE_Face_only_data\shortened\eqnqdhgskm.mp4,FAKE
D:\major project\dataset\face only\DFDC_REAL_Face_only_data\shortened\zviyfullci.mp4,REAL
D:\major project\dataset\face only\DFDC_REAL_Face_only_data\shortened\htrfewqkrr.mp4,REAL
D:\major project\dataset\face only\DFDC_REAL_Face_only_data\shortened\jqekzibtwn.mp4,REAL
D:\major project\dataset\face only\DFDC_REAL_Face_only_data\shortened\zdbejgoqzy.mp4,REAL
D:\major project\dataset\face only\DFDC_REAL_Face_only_data\shortened\qgrqnyiinn.mp4,REAL
D:\major project\dataset\face only\DFDC_REAL_Face_only_data\shortened\mvyruzyska.mp4,REAL
D:\major project\dataset\face only\DFDC_REAL_Face_only_data\shortened\lfvobvqbdn.mp4,REAL
D:\major project\dataset\face only\DFDC_REAL_Face_only_data\shortened\ditutizgrn.mp4,REAL
D:\major project\dataset\face only\DFDC_REAL_Face_only_data\shortened\ucgzjcoxyo.mp4,REAL
D:\major project\dataset\face only\DFDC_REAL_Face_only_data\shortened\pmsdftutgm.mp4,REAL
D:\major project\dataset\face only\DFDC_REAL_Face_only_data\shortened\vwzihtdkcp.mp4,REAL
D:\major project\dataset\face only\DFDC_REAL_Face_only_data\shortened\hqzuuxfnhx.mp4,REAL
D:\major project\dataset\face only\DFDC_REAL_Face_only_data\shortened\yrlogqcteq.mp4,REAL
D:\major project\dataset\face only\DFDC_REAL_Face_only_data\shortened\knqhpwoigk.mp4,REAL
D:\major project\dataset\face only\DFDC_REAL_Face_only_data\shortened\epinsihsxf.mp4,REAL
D:\major project\dataset\face only\DFDC_FAKE_Face_only_data\shortened\cwdzbjmsrj.mp4,FAKE
D:\major project\dataset\face only\DFDC_REAL_Face_only_data\shortened\vrjrxtofbx.mp4,REAL
D:\major project\dataset\face only\DFDC_REAL_Face_only_data\shortened\vipkguihza.mp4,REAL
D:\major project\dataset\face only\DFDC_REAL_Face_only_data\shortened\eciygjkaco.mp4,REAL
D:\major project\dataset\face only\DFDC_REAL_Face_only_data\shortened\uchzxjmkgi.mp4,REAL
D:\major project\dataset\face only\DFDC_REAL_Face_only_data\shortened\bwtyeeplxj.mp4,REAL
D:\major project\dataset\face only\DFDC_FAKE_Face_only_data\shortened\bmnolajvus.mp4,FAKE
D:\major project\dataset\face only\DFDC_REAL_Face_only_data\shortened\pdkaffjxtx.mp4,REAL
D:\major project\dataset\face only\DFDC_REAL_Face_only_data\shortened\gfjqirgmlo.mp4,REAL
D:\major project\dataset\face only\DFDC_FAKE_Face_only_data\shortened\domhbvrfyc.mp4,FAKE
D:\major project\dataset\face only\DFDC_REAL_Face_only_data\shortened\uzrsmulqll.mp4,REAL
D:\major project\dataset\face only\DFDC_REAL_Face_only_data\shortened\crxnkfunvm.mp4,REAL
D:\major project\dataset\face only\DFDC_REAL_Face_only_data\shortened\ypmgblojth.mp4,REAL
D:\major project\dataset\face only\DFDC_REAL_Face_only_data\shortened\mzjhuztfed.mp4,REAL
D:\major project\dataset\face only\DFDC_REAL_Face_only_data\shortened\xexqjemxyq.mp4,REAL
D:\major project\dataset\face only\DFDC_FAKE_Face_only_data\shortened\bcipimmnmv.mp4,FAKE
D:\major project\dataset\face only\DFDC_REAL_Face_only_data\shortened\uuotyjxvod.mp4,REAL
D:\major project\dataset\face only\DFDC_REAL_Face_only_data\shortened\ktczmqezyp.mp4,REAL
D:\major project\dataset\face only\DFDC_REAL_Face_only_data\shortened\fxeuoygimr.mp4,REAL
D:\major project\dataset\face only\DFDC_FAKE_Face_only_data\shortened\cutabgeoaf.mp4,FAKE
D:\major project\dataset\face only\DFDC_REAL_Face_only_data\shortened\kvqhkpkbwd.mp4,REAL
D:\major project\dataset\face only\DFDC_REAL_Face_only_data\shortened\ntnmovxbyt.mp4,REAL
D:\major project\dataset\face only\DFDC_REAL_Face_only_data\shortened\mdbohaixtf.mp4,REAL
D:\major project\dataset\face only\DFDC_FAKE_Face_only_data\shortened\bxtlknuwkz.mp4,FAKE
D:\major project\dataset\face only\DFDC_REAL_Face_only_data\shortened\ompjlvbtmw.mp4,REAL
D:\major project\dataset\face only\DFDC_FAKE_Face_only_data\shortened\ealfplhqdz.mp4,FAKE
D:\major project\dataset\face only\DFDC_REAL_Face_only_data\shortened\cdgrttukjn.mp4,REAL
D:\major project\dataset\face only\DFDC_REAL_Face_only_data\shortened\qywkfrpfii.mp4,REAL
D:\major project\dataset\face only\DFDC_FAKE_Face_only_data\shortened\dfpwzhovnb.mp4,FAKE
D:\major project\dataset\face only\DFDC_FAKE_Face_only_data\shortened\ejwvqbeyef.mp4,FAKE
D:\major project\dataset\face only\DFDC_REAL_Face_only_data\shortened\zwkeeczvam.mp4,REAL
D:\major project\dataset\face only\DFDC_REAL_Face_only_data\shortened\haqhhmprto.mp4,REAL
D:\major project\dataset\face only\DFDC_REAL_Face_only_data\shortened\ybkqykotud.mp4,REAL
D:\major project\dataset\face only\DFDC_REAL_Face_only_data\shortened\fpqrtbbcpv.mp4,REAL
D:\major project\dataset\face only\DFDC_REAL_Face_only_data\shortened\pkjmnwfcig.mp4,REAL
D:\major project\dataset\face only\DFDC_FAKE_Face_only_data\shortened\egscejrtnp.mp4,FAKE
D:\major project\dataset\face only\DFDC_FAKE_Face_only_data\shortened\cahtimcmlt.mp4,FAKE
D:\major project\dataset\face only\DFDC_REAL_Face_only_data\shortened\xsxdnmzawz.mp4,REAL
D:\major project\dataset\face only\DFDC_REAL_Face_only_data\shortened\pkumyfdkga.mp4,REAL
D:\major project\dataset\face only\DFDC_REAL_Face_only_data\shortened\gvuvdhzcqu.mp4,REAL
D:\major project\dataset\face only\DFDC_REAL_Face_only_data\shortened\sewkrjtill.mp4,REAL
D:\major project\dataset\face only\DFDC_REAL_Face_only_data\shortened\navoiyfxpr.mp4,REAL
D:\major project\dataset\face only\DFDC_REAL_Face_only_data\shortened\vzsbpfzmpr.mp4,REAL
D:\major project\dataset\face only\DFDC_REAL_Face_only_data\shortened\fldpkataqk.mp4,REAL
D:\major project\dataset\face only\DFDC_REAL_Face_only_data\shortened\xpwzoebyho.mp4,REAL
D:\major project\dataset\face only\DFDC_REAL_Face_only_data\shortened\cdgveexocr.mp4,REAL
D:\major project\dataset\face only\DFDC_REAL_Face_only_data\shortened\czhkwernpi.mp4,REAL
D:\major project\dataset\face only\DFDC_REAL_Face_only_data\shortened\qohooxdwvh.mp4,REAL
D:\major project\dataset\face only\DFDC_REAL_Face_only_data\shortened\cvuiocbcbz.mp4,REAL
D:\major project\dataset\face only\DFDC_REAL_Face_only_data\shortened\qawbflilul.mp4,REAL
D:\major project\dataset\face only\DFDC_REAL_Face_only_data\shortened\oikhytmnol.mp4,REAL
D:\major project\dataset\face only\DFDC_REAL_Face_only_data\shortened\rltsrqhbff.mp4,REAL
D:\major project\dataset\face only\DFDC_REAL_Face_only_data\shortened\hexyjykhvk.mp4,REAL
D:\major project\dataset\face only\DFDC_REAL_Face_only_data\shortened\twgobosowv.mp4,REAL
D:\major project\dataset\face only\DFDC_REAL_Face_only_data\shortened\hwaxcxpfxl.mp4,REAL
D:\major project\dataset\face only\DFDC_REAL_Face_only_data\shortened\iutieugpqx.mp4,REAL
D:\major project\dataset\face only\DFDC_REAL_Face_only_data\shortened\sayyjwtjol.mp4,REAL
D:\major project\dataset\face only\DFDC_REAL_Face_only_data\shortened\puudvugxrl.mp4,REAL
D:\major project\dataset\face only\DFDC_FAKE_Face_only_data\shortened\bzhksoaxbm.mp4,FAKE
D:\major project\dataset\face only\DFDC_FAKE_Face_only_data\shortened\acyvmvapdl.mp4,FAKE
D:\major project\dataset\face only\DFDC_FAKE_Face_only_data\shortened\bqzlymwvak.mp4,FAKE
D:\major project\dataset\face only\DFDC_FAKE_Face_only_data\shortened\bnjnsrammj.mp4,FAKE
D:\major project\dataset\face only\DFDC_FAKE_Face_only_data\shortened\aczofflgti.mp4,FAKE
D:\major project\dataset\face only\DFDC_REAL_Face_only_data\shortened\mclhnurizg.mp4,REAL
D:\major project\dataset\face only\DFDC_REAL_Face_only_data\shortened\nrknrodwza.mp4,REAL
D:\major project\dataset\face only\DFDC_REAL_Face_only_data\shortened\rcjyfjozsp.mp4,REAL
D:\major project\dataset\face only\DFDC_REAL_Face_only_data\shortened\uratvdiptg.mp4,REAL
D:\major project\dataset\face only\DFDC_REAL_Face_only_data\shortened\byqugsmtxr.mp4,REAL
D:\major project\dataset\face only\DFDC_FAKE_Face_only_data\shortened\abfvpzjkwr.mp4,FAKE
D:\major project\dataset\face only\DFDC_FAKE_Face_only_data\shortened\bvufynfwom.mp4,FAKE
D:\major project\dataset\face only\DFDC_FAKE_Face_only_data\shortened\axlzaoxpcs.mp4,FAKE
D:\major project\dataset\face only\DFDC_FAKE_Face_only_data\shortened\bjaubcuqcl.mp4,FAKE
D:\major project\dataset\face only\DFDC_FAKE_Face_only_data\shortened\bwavhbqlew.mp4,FAKE
D:\major project\dataset\face only\DFDC_FAKE_Face_only_data\shortened\cspsmrguki.mp4,FAKE
D:\major project\dataset\face only\DFDC_FAKE_Face_only_data\shortened\bgqvaldacu.mp4,FAKE
D:\major project\dataset\face only\DFDC_FAKE_Face_only_data\shortened\afvufvldvx.mp4,FAKE
D:\major project\dataset\face only\DFDC_FAKE_Face_only_data\shortened\aqywnbekqk.mp4,FAKE
D:\major project\dataset\face only\DFDC_FAKE_Face_only_data\shortened\cfpydwmroe.mp4,FAKE
D:\major project\dataset\face only\DFDC_REAL_Face_only_data\shortened\xobjrvpdzt.mp4,REAL
D:\major project\dataset\face only\DFDC_FAKE_Face_only_data\shortened\cmewuiizwx.mp4,FAKE
D:\major project\dataset\face only\DFDC_FAKE_Face_only_data\shortened\cshdgzvfpe.mp4,FAKE
D:\major project\dataset\face only\DFDC_FAKE_Face_only_data\shortened\crervajrku.mp4,FAKE
D:\major project\dataset\face only\DFDC_FAKE_Face_only_data\shortened\bagkzlffuh.mp4,FAKE
D:\major project\dataset\face only\DFDC_REAL_Face_only_data\shortened\lnfmifgbde.mp4,REAL
D:\major project\dataset\face only\DFDC_FAKE_Face_only_data\shortened\cgbmnbeazo.mp4,FAKE
D:\major project\dataset\face only\DFDC_FAKE_Face_only_data\shortened\cwqauxqvfw.mp4,FAKE
D:\major project\dataset\face only\DFDC_FAKE_Face_only_data\shortened\ckutryryek.mp4,FAKE
D:\major project\dataset\face only\DFDC_FAKE_Face_only_data\shortened\cjfcqpeycp.mp4,FAKE
D:\major project\dataset\face only\DFDC_REAL_Face_only_data\shortened\lsgtnrwehr.mp4,REAL
D:\major project\dataset\face only\DFDC_FAKE_Face_only_data\shortened\cluedbizkn.mp4,FAKE
D:\major project\dataset\face only\DFDC_FAKE_Face_only_data\shortened\abiodyryai.mp4,FAKE
D:\major project\dataset\face only\DFDC_FAKE_Face_only_data\shortened\ayaquhexqz.mp4,FAKE
D:\major project\dataset\face only\DFDC_REAL_Face_only_data\shortened\ownaiohdwx.mp4,REAL
D:\major project\dataset\face only\DFDC_REAL_Face_only_data\shortened\adgveaibmt.mp4,REAL
D:\major project\dataset\face only\DFDC_FAKE_Face_only_data\shortened\bzzoylchma.mp4,FAKE
D:\major project\dataset\face only\DFDC_REAL_Face_only_data\shortened\ggxvpmqrar.mp4,REAL
D:\major project\dataset\face only\DFDC_REAL_Face_only_data\shortened\bsjezfsydc.mp4,REAL
D:\major project\dataset\face only\DFDC_REAL_Face_only_data\shortened\hshpnnxnyh.mp4,REAL
D:\major project\dataset\face only\DFDC_FAKE_Face_only_data\shortened\cqadfjmclr.mp4,FAKE
D:\major project\dataset\face only\DFDC_FAKE_Face_only_data\shortened\amztmezqgh.mp4,FAKE
D:\major project\dataset\face only\DFDC_FAKE_Face_only_data\shortened\arziusrlal.mp4,FAKE
D:\major project\dataset\face only\DFDC_FAKE_Face_only_data\shortened\daflehvuam.mp4,FAKE
D:\major project\dataset\face only\DFDC_FAKE_Face_only_data\shortened\cibkroqtxz.mp4,FAKE
D:\major project\dataset\face only\DFDC_FAKE_Face_only_data\shortened\cclkwtadow.mp4,FAKE
D:\major project\dataset\face only\DFDC_FAKE_Face_only_data\shortened\caemhpqbcd.mp4,FAKE
D:\major project\dataset\face only\DFDC_FAKE_Face_only_data\shortened\cajdcwtfui.mp4,FAKE
D:\major project\dataset\face only\DFDC_FAKE_Face_only_data\shortened\clvtrdioyp.mp4,FAKE
D:\major project\dataset\face only\DFDC_FAKE_Face_only_data\shortened\auydsalswy.mp4,FAKE
D:\major project\dataset\face only\DFDC_REAL_Face_only_data\shortened\dxlpzbiajj.mp4,REAL
D:\major project\dataset\face only\DFDC_REAL_Face_only_data\shortened\xkrrmawgaz.mp4,REAL
D:\major project\dataset\face only\DFDC_FAKE_Face_only_data\shortened\bzaukiurar.mp4,FAKE
D:\major project\dataset\face only\DFDC_FAKE_Face_only_data\shortened\avptoyibqd.mp4,FAKE
D:\major project\dataset\face only\DFDC_FAKE_Face_only_data\shortened\cquygcocfz.mp4,FAKE
D:\major project\dataset\face only\DFDC_FAKE_Face_only_data\shortened\babekszsfg.mp4,FAKE
D:\major project\dataset\face only\DFDC_FAKE_Face_only_data\shortened\bqkjvmuhkq.mp4,FAKE
D:\major project\dataset\face only\DFDC_REAL_Face_only_data\shortened\yfxvjewtjq.mp4,REAL
D:\major project\dataset\face only\DFDC_FAKE_Face_only_data\shortened\asvroyjehl.mp4,FAKE
D:\major project\dataset\face only\DFDC_REAL_Face_only_data\shortened\lcvwsdrhzh.mp4,REAL
D:\major project\dataset\face only\DFDC_REAL_Face_only_data\shortened\kmyrnchata.mp4,REAL
D:\major project\dataset\face only\DFDC_FAKE_Face_only_data\shortened\bpttffvedn.mp4,FAKE
D:\major project\dataset\face only\DFDC_REAL_Face_only_data\shortened\nnfwfojmri.mp4,REAL
D:\major project\dataset\face only\DFDC_FAKE_Face_only_data\shortened\bnynincvkz.mp4,FAKE
D:\major project\dataset\face only\DFDC_FAKE_Face_only_data\shortened\awmeoatyyy.mp4,FAKE
D:\major project\dataset\face only\DFDC_FAKE_Face_only_data\shortened\bsjubsobtp.mp4,FAKE
D:\major project\dataset\face only\DFDC_REAL_Face_only_data\shortened\rhlbxcznio.mp4,REAL
D:\major project\dataset\face only\DFDC_FAKE_Face_only_data\shortened\cxuzbxfwst.mp4,FAKE
D:\major project\dataset\face only\DFDC_REAL_Face_only_data\shortened\pmkolnffvt.mp4,REAL
D:\major project\dataset\face only\DFDC_FAKE_Face_only_data\shortened\bamtobqvtx.mp4,FAKE
D:\major project\dataset\face only\DFDC_FAKE_Face_only_data\shortened\bzuszivgau.mp4,FAKE
D:\major project\dataset\face only\DFDC_FAKE_Face_only_data\shortened\cncmotjhsc.mp4,FAKE
D:\major project\dataset\face only\DFDC_FAKE_Face_only_data\shortened\anvbwbcwiq.mp4,FAKE
D:\major project\dataset\face only\DFDC_FAKE_Face_only_data\shortened\cqevoiruai.mp4,FAKE
D:\major project\dataset\face only\DFDC_REAL_Face_only_data\shortened\gevbsktxjk.mp4,REAL
D:\major project\dataset\face only\DFDC_REAL_Face_only_data\shortened\lezkxyytil.mp4,REAL
D:\major project\dataset\face only\DFDC_REAL_Face_only_data\shortened\boobpetndu.mp4,REAL
D:\major project\dataset\face only\DFDC_REAL_Face_only_data\shortened\hajgwuytzh.mp4,REAL
D:\major project\dataset\face only\DFDC_REAL_Face_only_data\shortened\mlapkogbzz.mp4,REAL
D:\major project\dataset\face only\DFDC_REAL_Face_only_data\shortened\rbvcifizzm.mp4,REAL
D:\major project\dataset\face only\DFDC_FAKE_Face_only_data\shortened\aczigtxrgf.mp4,FAKE
D:\major project\dataset\face only\DFDC_REAL_Face_only_data\shortened\skkzgucmdv.mp4,REAL
D:\major project\dataset\face only\DFDC_FAKE_Face_only_data\shortened\bxnnbryvwj.mp4,FAKE
D:\major project\dataset\face only\DFDC_FAKE_Face_only_data\shortened\aesicqmigv.mp4,FAKE
D:\major project\dataset\face only\DFDC_FAKE_Face_only_data\shortened\bfbpgqcfwi.mp4,FAKE
D:\major project\dataset\face only\DFDC_FAKE_Face_only_data\shortened\aqiwuvxump.mp4,FAKE
D:\major project\dataset\face only\DFDC_REAL_Face_only_data\shortened\ipryudzonr.mp4,REAL
D:\major project\dataset\face only\DFDC_REAL_Face_only_data\shortened\rpcueyycgm.mp4,REAL
D:\major project\dataset\face only\DFDC_FAKE_Face_only_data\shortened\bziekeavpv.mp4,FAKE
D:\major project\dataset\face only\DFDC_FAKE_Face_only_data\shortened\cvcgyphqfh.mp4,FAKE
D:\major project\dataset\face only\DFDC_FAKE_Face_only_data\shortened\bqiivuyign.mp4,FAKE
D:\major project\dataset\face only\DFDC_REAL_Face_only_data\shortened\imbhofyohf.mp4,REAL
D:\major project\dataset\face only\DFDC_FAKE_Face_only_data\shortened\ajozokmfyd.mp4,FAKE
D:\major project\dataset\face only\DFDC_REAL_Face_only_data\shortened\phtwqvezao.mp4,REAL
D:\major project\dataset\face only\DFDC_FAKE_Face_only_data\shortened\cugflmdnrp.mp4,FAKE
D:\major project\dataset\face only\DFDC_REAL_Face_only_data\shortened\ofwjwemovw.mp4,REAL
D:\major project\dataset\face only\DFDC_FAKE_Face_only_data\shortened\bfhgudaysl.mp4,FAKE
D:\major project\dataset\face only\DFDC_FAKE_Face_only_data\shortened\cgdixdaaql.mp4,FAKE
D:\major project\dataset\face only\DFDC_REAL_Face_only_data\shortened\ebpcpykogz.mp4,REAL
D:\major project\dataset\face only\DFDC_FAKE_Face_only_data\shortened\caocfxbmjj.mp4,FAKE
D:\major project\dataset\face only\DFDC_FAKE_Face_only_data\shortened\cdcaedaavn.mp4,FAKE
D:\major project\dataset\face only\DFDC_REAL_Face_only_data\shortened\kdbvbybhvz.mp4,REAL
D:\major project\dataset\face only\DFDC_FAKE_Face_only_data\shortened\bneqwtomed.mp4,FAKE
D:\major project\dataset\face only\DFDC_FAKE_Face_only_data\shortened\ctckdmusun.mp4,FAKE
D:\major project\dataset\face only\DFDC_FAKE_Face_only_data\shortened\boamzvextx.mp4,FAKE
D:\major project\dataset\face only\DFDC_FAKE_Face_only_data\shortened\byyyvzsaet.mp4,FAKE
D:\major project\dataset\face only\DFDC_FAKE_Face_only_data\shortened\axbffpjqpj.mp4,FAKE
D:\major project\dataset\face only\DFDC_REAL_Face_only_data\shortened\rbnfvqyses.mp4,REAL
D:\major project\dataset\face only\DFDC_FAKE_Face_only_data\shortened\clsuuljblu.mp4,FAKE
D:\major project\dataset\face only\DFDC_FAKE_Face_only_data\shortened\bkkdcgdoya.mp4,FAKE
D:\major project\dataset\face only\DFDC_REAL_Face_only_data\shortened\wiaiztlfzg.mp4,REAL
D:\major project\dataset\face only\DFDC_REAL_Face_only_data\shortened\jpghekbgdy.mp4,REAL
D:\major project\dataset\face only\DFDC_REAL_Face_only_data\shortened\tvihzkjdmm.mp4,REAL
D:\major project\dataset\face only\DFDC_FAKE_Face_only_data\shortened\ciytftuwfp.mp4,FAKE
D:\major project\dataset\face only\DFDC_FAKE_Face_only_data\shortened\bekuilzxxn.mp4,FAKE
D:\major project\dataset\face only\DFDC_REAL_Face_only_data\shortened\bieuiqiqwj.mp4,REAL
D:\major project\dataset\face only\DFDC_FAKE_Face_only_data\shortened\cqzpcuukhp.mp4,FAKE
D:\major project\dataset\face only\DFDC_REAL_Face_only_data\shortened\tesqddrvcp.mp4,REAL
D:\major project\dataset\face only\DFDC_FAKE_Face_only_data\shortened\csikkbsnia.mp4,FAKE
D:\major project\dataset\face only\DFDC_FAKE_Face_only_data\shortened\bmgcyjggxe.mp4,FAKE
D:\major project\dataset\face only\DFDC_REAL_Face_only_data\shortened\qfhmrgssju.mp4,REAL
D:\major project\dataset\face only\DFDC_REAL_Face_only_data\shortened\bqiztwtgcu.mp4,REAL
D:\major project\dataset\face only\DFDC_FAKE_Face_only_data\shortened\arxngsfysd.mp4,FAKE
D:\major project\dataset\face only\DFDC_FAKE_Face_only_data\shortened\bcvisrvzak.mp4,FAKE
D:\major project\dataset\face only\DFDC_FAKE_Face_only_data\shortened\afxafafvae.mp4,FAKE
D:\major project\dataset\face only\DFDC_FAKE_Face_only_data\shortened\bqqaetrjss.mp4,FAKE
D:\major project\dataset\face only\DFDC_FAKE_Face_only_data\shortened\aeuyruleqo.mp4,FAKE
D:\major project\dataset\face only\DFDC_REAL_Face_only_data\shortened\uyauzwkvpz.mp4,REAL
D:\major project\dataset\face only\DFDC_FAKE_Face_only_data\shortened\awnirdhpua.mp4,FAKE
D:\major project\dataset\face only\DFDC_FAKE_Face_only_data\shortened\czemufjhkl.mp4,FAKE
D:\major project\dataset\face only\DFDC_REAL_Face_only_data\shortened\uakcetqnvc.mp4,REAL
D:\major project\dataset\face only\DFDC_REAL_Face_only_data\shortened\qdofrrdnim.mp4,REAL
D:\major project\dataset\face only\DFDC_REAL_Face_only_data\shortened\nduwcnqkvy.mp4,REAL
D:\major project\dataset\face only\DFDC_REAL_Face_only_data\shortened\kcwrqqzvsy.mp4,REAL
D:\major project\dataset\face only\DFDC_REAL_Face_only_data\shortened\nbmlalfmaj.mp4,REAL
D:\major project\dataset\face only\DFDC_REAL_Face_only_data\shortened\qkaafsvwxs.mp4,REAL
D:\major project\dataset\face only\DFDC_REAL_Face_only_data\shortened\fzegrgsdky.mp4,REAL
D:\major project\dataset\face only\DFDC_REAL_Face_only_data\shortened\bszybpoibo.mp4,REAL
D:\major project\dataset\face only\DFDC_FAKE_Face_only_data\shortened\cljzmyuity.mp4,FAKE
D:\major project\dataset\face only\DFDC_FAKE_Face_only_data\shortened\bsvwmqamfn.mp4,FAKE
D:\major project\dataset\face only\DFDC_FAKE_Face_only_data\shortened\cjfwxrtjdc.mp4,FAKE
D:\major project\dataset\face only\DFDC_REAL_Face_only_data\shortened\nvvghjfiqq.mp4,REAL
D:\major project\dataset\face only\DFDC_REAL_Face_only_data\shortened\aqjwkkbklt.mp4,REAL
D:\major project\dataset\face only\DFDC_FAKE_Face_only_data\shortened\cdqprcsdsw.mp4,FAKE
D:\major project\dataset\face only\DFDC_REAL_Face_only_data\shortened\smigbfmhew.mp4,REAL
D:\major project\dataset\face only\DFDC_FAKE_Face_only_data\shortened\chcdlbscoh.mp4,FAKE
D:\major project\dataset\face only\DFDC_FAKE_Face_only_data\shortened\cnjzvuvdrg.mp4,FAKE
D:\major project\dataset\face only\DFDC_REAL_Face_only_data\shortened\dmtsxclujy.mp4,REAL
D:\major project\dataset\face only\DFDC_FAKE_Face_only_data\shortened\csdqvhefzs.mp4,FAKE
D:\major project\dataset\face only\DFDC_FAKE_Face_only_data\shortened\crgoxxvpxp.mp4,FAKE
D:\major project\dataset\face only\DFDC_REAL_Face_only_data\shortened\epxxazhprp.mp4,REAL
D:\major project\dataset\face only\DFDC_FAKE_Face_only_data\shortened\cplbyzaslf.mp4,FAKE
D:\major project\dataset\face only\DFDC_FAKE_Face_only_data\shortened\bwmhmjdpbh.mp4,FAKE
D:\major project\dataset\face only\DFDC_REAL_Face_only_data\shortened\pgybuuxxip.mp4,REAL
D:\major project\dataset\face only\DFDC_FAKE_Face_only_data\shortened\afdblocyhi.mp4,FAKE
D:\major project\dataset\face only\DFDC_FAKE_Face_only_data\shortened\aodgtudnun.mp4,FAKE
D:\major project\dataset\face only\DFDC_FAKE_Face_only_data\shortened\atedadvxfr.mp4,FAKE
D:\major project\dataset\face only\DFDC_REAL_Face_only_data\shortened\ckrafhjqpz.mp4,REAL
D:\major project\dataset\face only\DFDC_FAKE_Face_only_data\shortened\bgduhdhubv.mp4,FAKE
D:\major project\dataset\face only\DFDC_FAKE_Face_only_data\shortened\bauutjqiow.mp4,FAKE
D:\major project\dataset\face only\DFDC_REAL_Face_only_data\shortened\nxosnovbjl.mp4,REAL
D:\major project\dataset\face only\DFDC_FAKE_Face_only_data\shortened\bpwgtgahcv.mp4,FAKE
D:\major project\dataset\face only\DFDC_FAKE_Face_only_data\shortened\bdnwuzgaew.mp4,FAKE
D:\major project\dataset\face only\DFDC_REAL_Face_only_data\shortened\pmciwmkszl.mp4,REAL
D:\major project\dataset\face only\DFDC_REAL_Face_only_data\shortened\hvplvgwjzt.mp4,REAL
D:\major project\dataset\face only\DFDC_FAKE_Face_only_data\shortened\aujxjbehuz.mp4,FAKE
D:\major project\dataset\face only\DFDC_FAKE_Face_only_data\shortened\aqemytasjc.mp4,FAKE
D:\major project\dataset\face only\DFDC_REAL_Face_only_data\shortened\sfyjropdvy.mp4,REAL
D:\major project\dataset\face only\DFDC_FAKE_Face_only_data\shortened\ccpydpqsam.mp4,FAKE
D:\major project\dataset\face only\DFDC_REAL_Face_only_data\shortened\pyttfccelg.mp4,REAL
D:\major project\dataset\face only\DFDC_REAL_Face_only_data\shortened\rkwlvcnevt.mp4,REAL
D:\major project\dataset\face only\DFDC_REAL_Face_only_data\shortened\mrkwwadnqs.mp4,REAL
D:\major project\dataset\face only\DFDC_FAKE_Face_only_data\shortened\bgdhmiplel.mp4,FAKE
D:\major project\dataset\face only\DFDC_FAKE_Face_only_data\shortened\cvtaccskvb.mp4,FAKE
D:\major project\dataset\face only\DFDC_REAL_Face_only_data\shortened\gkbmuqhfti.mp4,REAL
D:\major project\dataset\face only\DFDC_REAL_Face_only_data\shortened\kdvcexakou.mp4,REAL
D:\major project\dataset\face only\DFDC_FAKE_Face_only_data\shortened\aeconjpzxx.mp4,FAKE
D:\major project\dataset\face only\DFDC_REAL_Face_only_data\shortened\kljsosbpwv.mp4,REAL
D:\major project\dataset\face only\DFDC_REAL_Face_only_data\shortened\unmfaaaeln.mp4,REAL
D:\major project\dataset\face only\DFDC_REAL_Face_only_data\shortened\jznfyhhbwv.mp4,REAL
D:\major project\dataset\face only\DFDC_REAL_Face_only_data\shortened\glwcmuudzc.mp4,REAL
D:\major project\dataset\face only\DFDC_REAL_Face_only_data\shortened\dotnqbskng.mp4,REAL
D:\major project\dataset\face only\DFDC_FAKE_Face_only_data\shortened\acgywoqfbr.mp4,FAKE
D:\major project\dataset\face only\DFDC_REAL_Face_only_data\shortened\ywtpmkuseg.mp4,REAL
D:\major project\dataset\face only\DFDC_FAKE_Face_only_data\shortened\bocdttfbsu.mp4,FAKE
D:\major project\dataset\face only\DFDC_REAL_Face_only_data\shortened\lmbahomxft.mp4,REAL
D:\major project\dataset\face only\DFDC_FAKE_Face_only_data\shortened\corzuofzie.mp4,FAKE
D:\major project\dataset\face only\DFDC_REAL_Face_only_data\shortened\gsxmjjhtft.mp4,REAL
D:\major project\dataset\face only\DFDC_REAL_Face_only_data\shortened\sxekjjvfkh.mp4,REAL
D:\major project\dataset\face only\DFDC_FAKE_Face_only_data\shortened\cvzybqmrvo.mp4,FAKE
D:\major project\dataset\face only\DFDC_REAL_Face_only_data\shortened\bojpmzyjzd.mp4,REAL
D:\major project\dataset\face only\DFDC_REAL_Face_only_data\shortened\kbczekotya.mp4,REAL
D:\major project\dataset\face only\DFDC_REAL_Face_only_data\shortened\hpdnhefbll.mp4,REAL
D:\major project\dataset\face only\DFDC_FAKE_Face_only_data\shortened\bwwnvrhzti.mp4,FAKE
D:\major project\dataset\face only\DFDC_REAL_Face_only_data\shortened\arrprgeura.mp4,REAL
D:\major project\dataset\face only\DFDC_REAL_Face_only_data\shortened\cnvdpkxlgy.mp4,REAL
D:\major project\dataset\face only\DFDC_FAKE_Face_only_data\shortened\aaaoqepxnf.mp4,FAKE
D:\major project\dataset\face only\DFDC_REAL_Face_only_data\shortened\qlmxnhiwzk.mp4,REAL
D:\major project\dataset\face only\DFDC_REAL_Face_only_data\shortened\szftsfmvsb.mp4,REAL
D:\major project\dataset\face only\DFDC_REAL_Face_only_data\shortened\wbiuklwpml.mp4,REAL
D:\major project\dataset\face only\DFDC_REAL_Face_only_data\shortened\yyqfgqdlgk.mp4,REAL
D:\major project\dataset\face only\DFDC_REAL_Face_only_data\shortened\jqrcaawsoe.mp4,REAL
D:\major project\dataset\face only\DFDC_REAL_Face_only_data\shortened\xeyceemrzs.mp4,REAL
D:\major project\dataset\face only\DFDC_FAKE_Face_only_data\shortened\agxplbynwg.mp4,FAKE
D:\major project\dataset\face only\DFDC_FAKE_Face_only_data\shortened\cujsfckgxq.mp4,FAKE
D:\major project\dataset\face only\DFDC_REAL_Face_only_data\shortened\lbgnipxpnx.mp4,REAL
D:\major project\dataset\face only\DFDC_REAL_Face_only_data\shortened\vbepzdvgku.mp4,REAL
D:\major project\dataset\face only\DFDC_FAKE_Face_only_data\shortened\ctapiptgpv.mp4,FAKE
D:\major project\dataset\face only\DFDC_FAKE_Face_only_data\shortened\dbyhjoeslx.mp4,FAKE
D:\major project\dataset\face only\DFDC_FAKE_Face_only_data\shortened\dbclzwjvvx.mp4,FAKE
D:\major project\dataset\face only\DFDC_REAL_Face_only_data\shortened\avpxuvplbn.mp4,REAL
D:\major project\dataset\face only\DFDC_REAL_Face_only_data\shortened\cioqvqngku.mp4,REAL
D:\major project\dataset\face only\DFDC_FAKE_Face_only_data\shortened\cffpcdxoyt.mp4,FAKE
D:\major project\dataset\face only\DFDC_REAL_Face_only_data\shortened\tjmppqyqzc.mp4,REAL
D:\major project\dataset\face only\DFDC_REAL_Face_only_data\shortened\zcijgqopyg.mp4,REAL
D:\major project\dataset\face only\DFDC_REAL_Face_only_data\shortened\vsnjcgsrlk.mp4,REAL
D:\major project\dataset\face only\DFDC_FAKE_Face_only_data\shortened\aokhuioyqh.mp4,FAKE
D:\major project\dataset\face only\DFDC_REAL_Face_only_data\shortened\hchiymmdqm.mp4,REAL
D:\major project\dataset\face only\DFDC_REAL_Face_only_data\shortened\xibxuyhmel.mp4,REAL
D:\major project\dataset\face only\DFDC_FAKE_Face_only_data\shortened\auuxrdogjl.mp4,FAKE
D:\major project\dataset\face only\DFDC_REAL_Face_only_data\shortened\yhaahxnbcv.mp4,REAL
D:\major project\dataset\face only\DFDC_REAL_Face_only_data\shortened\xuvjbhkfqu.mp4,REAL
D:\major project\dataset\face only\DFDC_FAKE_Face_only_data\shortened\ahcxtenjgp.mp4,FAKE
D:\major project\dataset\face only\DFDC_REAL_Face_only_data\shortened\fszexmwczt.mp4,REAL
D:\major project\dataset\face only\DFDC_REAL_Face_only_data\shortened\yqwcvpjeuw.mp4,REAL
D:\major project\dataset\face only\DFDC_REAL_Face_only_data\shortened\zveogsfnoz.mp4,REAL
D:\major project\dataset\face only\DFDC_REAL_Face_only_data\shortened\pxcumwtops.mp4,REAL
D:\major project\dataset\face only\DFDC_REAL_Face_only_data\shortened\woewmsbgot.mp4,REAL
D:\major project\dataset\face only\DFDC_REAL_Face_only_data\shortened\gasdqayvgc.mp4,REAL
D:\major project\dataset\face only\DFDC_REAL_Face_only_data\shortened\gnqojufshp.mp4,REAL
D:\major project\dataset\face only\DFDC_FAKE_Face_only_data\shortened\afvldbcclm.mp4,FAKE
D:\major project\dataset\face only\DFDC_FAKE_Face_only_data\shortened\cdmwcoqgsq.mp4,FAKE
D:\major project\dataset\face only\DFDC_REAL_Face_only_data\shortened\voeyftxnik.mp4,REAL
D:\major project\dataset\face only\DFDC_REAL_Face_only_data\shortened\kaozdubluo.mp4,REAL
D:\major project\dataset\face only\DFDC_REAL_Face_only_data\shortened\aszdwxqtnb.mp4,REAL
D:\major project\dataset\face only\DFDC_FAKE_Face_only_data\shortened\chkwkxujis.mp4,FAKE
D:\major project\dataset\face only\DFDC_FAKE_Face_only_data\shortened\clcwqjmvjd.mp4,FAKE
D:\major project\dataset\face only\DFDC_REAL_Face_only_data\shortened\vwddtkosep.mp4,REAL
D:\major project\dataset\face only\DFDC_REAL_Face_only_data\shortened\oqrmyzxvfw.mp4,REAL
D:\major project\dataset\face only\DFDC_REAL_Face_only_data\shortened\bdzgchaaxp.mp4,REAL
D:\major project\dataset\face only\DFDC_REAL_Face_only_data\shortened\cugumlyhiu.mp4,REAL
D:\major project\dataset\face only\DFDC_REAL_Face_only_data\shortened\zvmdzpupbp.mp4,REAL
D:\major project\dataset\face only\DFDC_REAL_Face_only_data\shortened\ardijxbxdm.mp4,REAL
D:\major project\dataset\face only\DFDC_REAL_Face_only_data\shortened\keyngrgpvp.mp4,REAL
D:\major project\dataset\face only\DFDC_REAL_Face_only_data\shortened\yrxnqqjvrc.mp4,REAL
D:\major project\dataset\face only\DFDC_REAL_Face_only_data\shortened\miltxpsvmr.mp4,REAL
D:\major project\dataset\face only\DFDC_REAL_Face_only_data\shortened\ewuibihtuo.mp4,REAL
D:\major project\dataset\face only\DFDC_REAL_Face_only_data\shortened\cndtykayuj.mp4,REAL
D:\major project\dataset\face only\DFDC_REAL_Face_only_data\shortened\pydubklpub.mp4,REAL
D:\major project\dataset\face only\DFDC_REAL_Face_only_data\shortened\wlhrjmuycr.mp4,REAL
D:\major project\dataset\face only\DFDC_REAL_Face_only_data\shortened\hmugoovuhr.mp4,REAL
D:\major project\dataset\face only\DFDC_REAL_Face_only_data\shortened\olzjecehcq.mp4,REAL
D:\major project\dataset\face only\DFDC_REAL_Face_only_data\shortened\xiutcafpof.mp4,REAL
D:\major project\dataset\face only\DFDC_REAL_Face_only_data\shortened\dinukxjoce.mp4,REAL
D:\major project\dataset\face only\DFDC_REAL_Face_only_data\shortened\ossoqigdyf.mp4,REAL
D:\major project\dataset\face only\DFDC_REAL_Face_only_data\shortened\baxkmsihqv.mp4,REAL
D:\major project\dataset\face only\DFDC_REAL_Face_only_data\shortened\osnazdhulb.mp4,REAL
D:\major project\dataset\face only\DFDC_FAKE_Face_only_data\shortened\cqvgopmkna.mp4,FAKE
D:\major project\dataset\face only\DFDC_FAKE_Face_only_data\shortened\cycxdkwndh.mp4,FAKE
D:\major project\dataset\face only\DFDC_REAL_Face_only_data\shortened\fndhijmzqg.mp4,REAL
D:\major project\dataset\face only\DFDC_REAL_Face_only_data\shortened\ufkgroaxik.mp4,REAL
D:\major project\dataset\face only\DFDC_REAL_Face_only_data\shortened\xhoruswklx.mp4,REAL
D:\major project\dataset\face only\DFDC_FAKE_Face_only_data\shortened\bjqjyplccn.mp4,FAKE
D:\major project\dataset\face only\DFDC_REAL_Face_only_data\shortened\rrldnflyrx.mp4,REAL
D:\major project\dataset\face only\DFDC_REAL_Face_only_data\shortened\uugkcetjxj.mp4,REAL
D:\major project\dataset\face only\DFDC_FAKE_Face_only_data\shortened\bivdbsqzbq.mp4,FAKE
D:\major project\dataset\face only\DFDC_FAKE_Face_only_data\shortened\cdyclvewaw.mp4,FAKE
D:\major project\dataset\face only\DFDC_REAL_Face_only_data\shortened\adkymkuove.mp4,REAL
D:\major project\dataset\face only\DFDC_REAL_Face_only_data\shortened\dpeehtnctk.mp4,REAL
D:\major project\dataset\face only\DFDC_REAL_Face_only_data\shortened\asgfrovmom.mp4,REAL
D:\major project\dataset\face only\DFDC_FAKE_Face_only_data\shortened\axietspzae.mp4,FAKE
D:\major project\dataset\face only\DFDC_REAL_Face_only_data\shortened\xjkaankpjj.mp4,REAL
D:\major project\dataset\face only\DFDC_REAL_Face_only_data\shortened\mlhjazstxo.mp4,REAL
D:\major project\dataset\face only\DFDC_REAL_Face_only_data\shortened\lhpkjgtikn.mp4,REAL
D:\major project\dataset\face only\DFDC_REAL_Face_only_data\shortened\hdckzcdbxi.mp4,REAL
D:\major project\dataset\face only\DFDC_REAL_Face_only_data\shortened\bkidieecdg.mp4,REAL
D:\major project\dataset\face only\DFDC_REAL_Face_only_data\shortened\rhqpxohjlk.mp4,REAL
D:\major project\dataset\face only\DFDC_REAL_Face_only_data\shortened\jnppybytup.mp4,REAL
D:\major project\dataset\face only\DFDC_REAL_Face_only_data\shortened\fztpqmvlzp.mp4,REAL
D:\major project\dataset\face only\DFDC_REAL_Face_only_data\shortened\nbbxssrkhg.mp4,REAL
D:\major project\dataset\face only\DFDC_FAKE_Face_only_data\shortened\chxrkprguh.mp4,FAKE
D:\major project\dataset\face only\DFDC_FAKE_Face_only_data\shortened\ayzherlveu.mp4,FAKE
D:\major project\dataset\face only\DFDC_REAL_Face_only_data\shortened\ezllcntwvv.mp4,REAL
D:\major project\dataset\face only\DFDC_REAL_Face_only_data\shortened\dtgbonxukc.mp4,REAL
D:\major project\dataset\face only\DFDC_REAL_Face_only_data\shortened\kzcnhvkopb.mp4,REAL
D:\major project\dataset\face only\DFDC_FAKE_Face_only_data\shortened\byridjpwox.mp4,FAKE
D:\major project\dataset\face only\DFDC_REAL_Face_only_data\shortened\znytebsgjb.mp4,REAL
D:\major project\dataset\face only\DFDC_REAL_Face_only_data\shortened\uzirqfsjnm.mp4,REAL
D:\major project\dataset\face only\DFDC_FAKE_Face_only_data\shortened\cwhvshlzzh.mp4,FAKE
D:\major project\dataset\face only\DFDC_FAKE_Face_only_data\shortened\bmkqvrbwal.mp4,FAKE
D:\major project\dataset\face only\DFDC_FAKE_Face_only_data\shortened\bvyfekcshf.mp4,FAKE
D:\major project\dataset\face only\DFDC_REAL_Face_only_data\shortened\qianzoqvum.mp4,REAL
D:\major project\dataset\face only\DFDC_FAKE_Face_only_data\shortened\djjmyzkmsb.mp4,FAKE
D:\major project\dataset\face only\DFDC_FAKE_Face_only_data\shortened\bybkpqmroe.mp4,FAKE
D:\major project\dataset\face only\DFDC_FAKE_Face_only_data\shortened\cjndatpdcy.mp4,FAKE
D:\major project\dataset\face only\DFDC_FAKE_Face_only_data\shortened\ccnmxgjron.mp4,FAKE
D:\major project\dataset\face only\DFDC_FAKE_Face_only_data\shortened\aaagqkcdis.mp4,FAKE
D:\major project\dataset\face only\DFDC_FAKE_Face_only_data\shortened\akmmrizujh.mp4,FAKE
D:\major project\dataset\face only\DFDC_REAL_Face_only_data\shortened\nralzvqicb.mp4,REAL
D:\major project\dataset\face only\DFDC_FAKE_Face_only_data\shortened\azenhytrlc.mp4,FAKE
D:\major project\dataset\face only\DFDC_REAL_Face_only_data\shortened\trpofaspmo.mp4,REAL
D:\major project\dataset\face only\DFDC_FAKE_Face_only_data\shortened\abahildqna.mp4,FAKE
D:\major project\dataset\face only\DFDC_FAKE_Face_only_data\shortened\bcqeebkqwp.mp4,FAKE
D:\major project\dataset\face only\DFDC_FAKE_Face_only_data\shortened\dkbmrryekj.mp4,FAKE
D:\major project\dataset\face only\DFDC_FAKE_Face_only_data\shortened\dxynhvcwrh.mp4,FAKE
D:\major project\dataset\face only\DFDC_FAKE_Face_only_data\shortened\dneleizoxr.mp4,FAKE
D:\major project\dataset\face only\DFDC_FAKE_Face_only_data\shortened\ckddyprqjv.mp4,FAKE
D:\major project\dataset\face only\DFDC_FAKE_Face_only_data\shortened\bnknqangbc.mp4,FAKE
D:\major project\dataset\face only\DFDC_FAKE_Face_only_data\shortened\apyrdjelvu.mp4,FAKE
D:\major project\dataset\face only\DFDC_FAKE_Face_only_data\shortened\cziwcuwazd.mp4,FAKE
D:\major project\dataset\face only\DFDC_FAKE_Face_only_data\shortened\dpioueayis.mp4,FAKE
D:\major project\dataset\face only\DFDC_FAKE_Face_only_data\shortened\dshoywjgap.mp4,FAKE
D:\major project\dataset\face only\DFDC_FAKE_Face_only_data\shortened\dguwaorjmx.mp4,FAKE
D:\major project\dataset\face only\DFDC_FAKE_Face_only_data\shortened\cigxlofbkn.mp4,FAKE
D:\major project\dataset\face only\DFDC_FAKE_Face_only_data\shortened\amvvmpoytv.mp4,FAKE
D:\major project\dataset\face only\DFDC_FAKE_Face_only_data\shortened\bqqnhlcjwm.mp4,FAKE
D:\major project\dataset\face only\DFDC_FAKE_Face_only_data\shortened\dretamidot.mp4,FAKE
D:\major project\dataset\face only\DFDC_FAKE_Face_only_data\shortened\cspsgyxwqt.mp4,FAKE
D:\major project\dataset\face only\DFDC_REAL_Face_only_data\shortened\ixypsvvkfv.mp4,REAL
D:\major project\dataset\face only\DFDC_FAKE_Face_only_data\shortened\abvgbvoxco.mp4,FAKE
D:\major project\dataset\face only\DFDC_FAKE_Face_only_data\shortened\bwrlcrrlec.mp4,FAKE
D:\major project\dataset\face only\DFDC_FAKE_Face_only_data\shortened\bbqlpkudxs.mp4,FAKE
D:\major project\dataset\face only\DFDC_REAL_Face_only_data\shortened\emflfadjyb.mp4,REAL
D:\major project\dataset\face only\DFDC_FAKE_Face_only_data\shortened\bcfzwkyukw.mp4,FAKE
D:\major project\dataset\face only\DFDC_REAL_Face_only_data\shortened\arccwzfwkm.mp4,REAL
D:\major project\dataset\face only\DFDC_FAKE_Face_only_data\shortened\dpuucddzsr.mp4,FAKE
D:\major project\dataset\face only\DFDC_FAKE_Face_only_data\shortened\chmgkgvsyp.mp4,FAKE
D:\major project\dataset\face only\DFDC_FAKE_Face_only_data\shortened\dvfggelian.mp4,FAKE
D:\major project\dataset\face only\DFDC_REAL_Face_only_data\shortened\woytzlcssm.mp4,REAL
D:\major project\dataset\face only\DFDC_FAKE_Face_only_data\shortened\ajtziexlkt.mp4,FAKE
D:\major project\dataset\face only\DFDC_FAKE_Face_only_data\shortened\dldaiqtavj.mp4,FAKE
D:\major project\dataset\face only\DFDC_FAKE_Face_only_data\shortened\alumxqbzxq.mp4,FAKE
D:\major project\dataset\face only\DFDC_FAKE_Face_only_data\shortened\ckphdgvojq.mp4,FAKE
D:\major project\dataset\face only\DFDC_FAKE_Face_only_data\shortened\dhpmnokwfn.mp4,FAKE
D:\major project\dataset\face only\DFDC_REAL_Face_only_data\shortened\lfiyoyymnn.mp4,REAL
D:\major project\dataset\face only\DFDC_FAKE_Face_only_data\shortened\dnzntxvurw.mp4,FAKE
D:\major project\dataset\face only\DFDC_FAKE_Face_only_data\shortened\aykawoglaw.mp4,FAKE
D:\major project\dataset\face only\DFDC_FAKE_Face_only_data\shortened\acukjpjxen.mp4,FAKE
D:\major project\dataset\face only\DFDC_FAKE_Face_only_data\shortened\abygnkrrix.mp4,FAKE
D:\major project\dataset\face only\DFDC_REAL_Face_only_data\shortened\soiiwyzmfe.mp4,REAL
D:\major project\dataset\face only\DFDC_FAKE_Face_only_data\shortened\aiseiufjsz.mp4,FAKE
D:\major project\dataset\face only\DFDC_FAKE_Face_only_data\shortened\azduhthfhk.mp4,FAKE
D:\major project\dataset\face only\DFDC_FAKE_Face_only_data\shortened\bpxitgkwkm.mp4,FAKE
D:\major project\dataset\face only\DFDC_FAKE_Face_only_data\shortened\dgstkakoiv.mp4,FAKE
D:\major project\dataset\face only\DFDC_REAL_Face_only_data\shortened\atzdjguknk.mp4,REAL
D:\major project\dataset\face only\DFDC_FAKE_Face_only_data\shortened\bnwetzchfg.mp4,FAKE
D:\major project\dataset\face only\DFDC_FAKE_Face_only_data\shortened\bpykroksyw.mp4,FAKE
D:\major project\dataset\face only\DFDC_FAKE_Face_only_data\shortened\brdrapqoos.mp4,FAKE
D:\major project\dataset\face only\DFDC_REAL_Face_only_data\shortened\clbyiyqits.mp4,REAL
D:\major project\dataset\face only\DFDC_REAL_Face_only_data\shortened\ztuezpjijn.mp4,REAL
D:\major project\dataset\face only\DFDC_REAL_Face_only_data\shortened\dmwmhxvlfq.mp4,REAL
D:\major project\dataset\face only\DFDC_FAKE_Face_only_data\shortened\atnmhtfbyx.mp4,FAKE
D:\major project\dataset\face only\DFDC_REAL_Face_only_data\shortened\offktoxbmq.mp4,REAL
D:\major project\dataset\face only\DFDC_FAKE_Face_only_data\shortened\anxteqfazk.mp4,FAKE
D:\major project\dataset\face only\DFDC_FAKE_Face_only_data\shortened\acsnnvnvhy.mp4,FAKE
D:\major project\dataset\face only\DFDC_FAKE_Face_only_data\shortened\dfrubjbopu.mp4,FAKE
D:\major project\dataset\face only\DFDC_FAKE_Face_only_data\shortened\cjwzotwnnx.mp4,FAKE
D:\major project\dataset\face only\DFDC_REAL_Face_only_data\shortened\vakcnljnpc.mp4,REAL
D:\major project\dataset\face only\DFDC_FAKE_Face_only_data\shortened\agldheqnhf.mp4,FAKE
D:\major project\dataset\face only\DFDC_FAKE_Face_only_data\shortened\bmacjazhyt.mp4,FAKE
D:\major project\dataset\face only\DFDC_FAKE_Face_only_data\shortened\cbfbxgvcpd.mp4,FAKE
D:\major project\dataset\face only\DFDC_FAKE_Face_only_data\shortened\cqrjepnrii.mp4,FAKE
D:\major project\dataset\face only\DFDC_FAKE_Face_only_data\shortened\dhpsvaichc.mp4,FAKE
D:\major project\dataset\face only\DFDC_FAKE_Face_only_data\shortened\afposymfjh.mp4,FAKE
D:\major project\dataset\face only\DFDC_FAKE_Face_only_data\shortened\cudbbhoegh.mp4,FAKE
D:\major project\dataset\face only\DFDC_FAKE_Face_only_data\shortened\dureftqvsh.mp4,FAKE
D:\major project\dataset\face only\DFDC_FAKE_Face_only_data\shortened\cmpmbimess.mp4,FAKE
D:\major project\dataset\face only\DFDC_REAL_Face_only_data\shortened\yklrylijjp.mp4,REAL
D:\major project\dataset\face only\DFDC_FAKE_Face_only_data\shortened\dsnfyenwjx.mp4,FAKE
D:\major project\dataset\face only\DFDC_REAL_Face_only_data\shortened\tgcgughqjf.mp4,REAL
D:\major project\dataset\face only\DFDC_FAKE_Face_only_data\shortened\awmhafhfof.mp4,FAKE
D:\major project\dataset\face only\DFDC_FAKE_Face_only_data\shortened\dkknwsvdgo.mp4,FAKE
D:\major project\dataset\face only\DFDC_REAL_Face_only_data\shortened\vmktcesfcg.mp4,REAL
D:\major project\dataset\face only\DFDC_REAL_Face_only_data\shortened\fmztdticln.mp4,REAL
D:\major project\dataset\face only\DFDC_FAKE_Face_only_data\shortened\bfowhabcyv.mp4,FAKE
D:\major project\dataset\face only\DFDC_FAKE_Face_only_data\shortened\aofuhtnouj.mp4,FAKE
D:\major project\dataset\face only\DFDC_FAKE_Face_only_data\shortened\awzkdpxorv.mp4,FAKE
D:\major project\dataset\face only\DFDC_FAKE_Face_only_data\shortened\duoisftrbn.mp4,FAKE
D:\major project\dataset\face only\DFDC_REAL_Face_only_data\shortened\mbdjwoaxcq.mp4,REAL
D:\major project\dataset\face only\DFDC_FAKE_Face_only_data\shortened\appyopevdd.mp4,FAKE
D:\major project\dataset\face only\DFDC_REAL_Face_only_data\shortened\jkwpppugfm.mp4,REAL
D:\major project\dataset\face only\DFDC_FAKE_Face_only_data\shortened\cwimepqnxq.mp4,FAKE
D:\major project\dataset\face only\DFDC_REAL_Face_only_data\shortened\uotxnsybqe.mp4,REAL
D:\major project\dataset\face only\DFDC_FAKE_Face_only_data\shortened\dttgdywaeq.mp4,FAKE
D:\major project\dataset\face only\DFDC_REAL_Face_only_data\shortened\ncoetisvvx.mp4,REAL
D:\major project\dataset\face only\DFDC_REAL_Face_only_data\shortened\wmdnqpfcey.mp4,REAL
D:\major project\dataset\face only\DFDC_FAKE_Face_only_data\shortened\bgcuvhbfkz.mp4,FAKE
D:\major project\dataset\face only\DFDC_FAKE_Face_only_data\shortened\cnnyovajio.mp4,FAKE
D:\major project\dataset\face only\DFDC_FAKE_Face_only_data\shortened\ddylopxpuw.mp4,FAKE
D:\major project\dataset\face only\DFDC_FAKE_Face_only_data\shortened\chayotcuqs.mp4,FAKE
D:\major project\dataset\face only\DFDC_FAKE_Face_only_data\shortened\dlpvnxljzj.mp4,FAKE
D:\major project\dataset\face only\DFDC_FAKE_Face_only_data\shortened\asrolirrqe.mp4,FAKE
D:\major project\dataset\face only\DFDC_FAKE_Face_only_data\shortened\cxvbureeyj.mp4,FAKE
D:\major project\dataset\face only\DFDC_FAKE_Face_only_data\shortened\dhoqdkxnjt.mp4,FAKE
D:\major project\dataset\face only\DFDC_FAKE_Face_only_data\shortened\avovhmumnp.mp4,FAKE
D:\major project\dataset\face only\DFDC_FAKE_Face_only_data\shortened\bhtoxwgarp.mp4,FAKE
D:\major project\dataset\face only\DFDC_REAL_Face_only_data\shortened\ptchnzeeqc.mp4,REAL
D:\major project\dataset\face only\DFDC_FAKE_Face_only_data\shortened\drjlhykuso.mp4,FAKE
D:\major project\dataset\face only\DFDC_FAKE_Face_only_data\shortened\aoegtmsbnc.mp4,FAKE
D:\major project\dataset\face only\DFDC_FAKE_Face_only_data\shortened\dsrioilqfo.mp4,FAKE
D:\major project\dataset\face only\DFDC_FAKE_Face_only_data\shortened\drjaegjgvo.mp4,FAKE
D:\major project\dataset\face only\DFDC_REAL_Face_only_data\shortened\xqfvnauoid.mp4,REAL
D:\major project\dataset\face only\DFDC_REAL_Face_only_data\shortened\tzablgewui.mp4,REAL
D:\major project\dataset\face only\DFDC_FAKE_Face_only_data\shortened\cttbiujgiv.mp4,FAKE
D:\major project\dataset\face only\DFDC_FAKE_Face_only_data\shortened\dyabsuwjpo.mp4,FAKE
D:\major project\dataset\face only\DFDC_FAKE_Face_only_data\shortened\cglzoiprgl.mp4,FAKE
D:\major project\dataset\face only\DFDC_FAKE_Face_only_data\shortened\direzlbdwo.mp4,FAKE
D:\major project\dataset\face only\DFDC_FAKE_Face_only_data\shortened\bgvjvvuvgb.mp4,FAKE
D:\major project\dataset\face only\DFDC_FAKE_Face_only_data\shortened\aakkdgsmvl.mp4,FAKE
D:\major project\dataset\face only\DFDC_FAKE_Face_only_data\shortened\coayfxnsgw.mp4,FAKE
D:\major project\dataset\face only\DFDC_FAKE_Face_only_data\shortened\btlojvpizg.mp4,FAKE
D:\major project\dataset\face only\DFDC_REAL_Face_only_data\shortened\ufwsepxqbr.mp4,REAL
D:\major project\dataset\face only\DFDC_FAKE_Face_only_data\shortened\drsgxhctvz.mp4,FAKE
D:\major project\dataset\face only\DFDC_FAKE_Face_only_data\shortened\dtbtodgule.mp4,FAKE
D:\major project\dataset\face only\DFDC_FAKE_Face_only_data\shortened\dcqknjslcm.mp4,FAKE
D:\major project\dataset\face only\DFDC_FAKE_Face_only_data\shortened\azzumsrvli.mp4,FAKE
D:\major project\dataset\face only\DFDC_REAL_Face_only_data\shortened\dihuyqyqps.mp4,REAL
D:\major project\dataset\face only\DFDC_FAKE_Face_only_data\shortened\drwrgupnpd.mp4,FAKE
D:\major project\dataset\face only\DFDC_FAKE_Face_only_data\shortened\cflwigoquj.mp4,FAKE
D:\major project\dataset\face only\DFDC_REAL_Face_only_data\shortened\ddrcabjbza.mp4,REAL
D:\major project\dataset\face only\DFDC_FAKE_Face_only_data\shortened\dluaxfukbh.mp4,FAKE
D:\major project\dataset\face only\DFDC_FAKE_Face_only_data\shortened\aqvpggzkmz.mp4,FAKE
D:\major project\dataset\face only\DFDC_REAL_Face_only_data\shortened\fimhhyetym.mp4,REAL
D:\major project\dataset\face only\DFDC_FAKE_Face_only_data\shortened\djeichwqqe.mp4,FAKE
D:\major project\dataset\face only\DFDC_REAL_Face_only_data\shortened\suenouugfr.mp4,REAL
D:\major project\dataset\face only\DFDC_FAKE_Face_only_data\shortened\agdizmxpmy.mp4,FAKE
D:\major project\dataset\face only\DFDC_FAKE_Face_only_data\shortened\bgswtwkxvc.mp4,FAKE
D:\major project\dataset\face only\DFDC_FAKE_Face_only_data\shortened\amqaearxwx.mp4,FAKE
D:\major project\dataset\face only\DFDC_FAKE_Face_only_data\shortened\aciecilrsg.mp4,FAKE
D:\major project\dataset\face only\DFDC_FAKE_Face_only_data\shortened\dmafzlffwj.mp4,FAKE
D:\major project\dataset\face only\DFDC_FAKE_Face_only_data\shortened\akxvfiuusn.mp4,FAKE
D:\major project\dataset\face only\DFDC_FAKE_Face_only_data\shortened\dukwxvlmkq.mp4,FAKE
D:\major project\dataset\face only\DFDC_REAL_Face_only_data\shortened\osnuxyotnv.mp4,REAL
D:\major project\dataset\face only\DFDC_FAKE_Face_only_data\shortened\ddqtdcasgi.mp4,FAKE
D:\major project\dataset\face only\DFDC_FAKE_Face_only_data\shortened\apnwnfjyfy.mp4,FAKE
D:\major project\dataset\face only\DFDC_FAKE_Face_only_data\shortened\cspxwzuccg.mp4,FAKE
D:\major project\dataset\face only\DFDC_REAL_Face_only_data\shortened\ouvlzfmqsz.mp4,REAL
D:\major project\dataset\face only\DFDC_FAKE_Face_only_data\shortened\bxqtrqyoqz.mp4,FAKE
D:\major project\dataset\face only\DFDC_FAKE_Face_only_data\shortened\bxtaeanoyr.mp4,FAKE
D:\major project\dataset\face only\DFDC_FAKE_Face_only_data\shortened\cisfilzzrp.mp4,FAKE
D:\major project\dataset\face only\DFDC_REAL_Face_only_data\shortened\eklsrnkwog.mp4,REAL
D:\major project\dataset\face only\DFDC_FAKE_Face_only_data\shortened\bserejknun.mp4,FAKE
D:\major project\dataset\face only\DFDC_FAKE_Face_only_data\shortened\cslsbufmpu.mp4,FAKE
D:\major project\dataset\face only\DFDC_FAKE_Face_only_data\shortened\aywwbfnvhk.mp4,FAKE
D:\major project\dataset\face only\DFDC_FAKE_Face_only_data\shortened\arzxyrstcs.mp4,FAKE
D:\major project\dataset\face only\DFDC_REAL_Face_only_data\shortened\kepnpratvf.mp4,REAL
D:\major project\dataset\face only\DFDC_FAKE_Face_only_data\shortened\ctmwfvnugu.mp4,FAKE
D:\major project\dataset\face only\DFDC_FAKE_Face_only_data\shortened\atntkkmyft.mp4,FAKE
D:\major project\dataset\face only\DFDC_FAKE_Face_only_data\shortened\aaoecyszps.mp4,FAKE
D:\major project\dataset\face only\DFDC_FAKE_Face_only_data\shortened\aesqljtwep.mp4,FAKE
D:\major project\dataset\face only\DFDC_FAKE_Face_only_data\shortened\baoyaflncn.mp4,FAKE
D:\major project\dataset\face only\DFDC_REAL_Face_only_data\shortened\ezuyqnjbwb.mp4,REAL
D:\major project\dataset\face only\DFDC_FAKE_Face_only_data\shortened\abddemeing.mp4,FAKE
D:\major project\dataset\face only\DFDC_FAKE_Face_only_data\shortened\dskavhjysn.mp4,FAKE
D:\major project\dataset\face only\DFDC_REAL_Face_only_data\shortened\jgvqoasjoi.mp4,REAL
D:\major project\dataset\face only\DFDC_FAKE_Face_only_data\shortened\bwbnjvsbcd.mp4,FAKE
D:\major project\dataset\face only\DFDC_FAKE_Face_only_data\shortened\angerpqrqg.mp4,FAKE
D:\major project\dataset\face only\DFDC_REAL_Face_only_data\shortened\uvxbqscnab.mp4,REAL
D:\major project\dataset\face only\DFDC_FAKE_Face_only_data\shortened\bfdlyfihvy.mp4,FAKE
D:\major project\dataset\face only\DFDC_FAKE_Face_only_data\shortened\aahslbfkop.mp4,FAKE
D:\major project\dataset\face only\DFDC_FAKE_Face_only_data\shortened\apcrjhkztt.mp4,FAKE
D:\major project\dataset\face only\DFDC_FAKE_Face_only_data\shortened\dwczogpery.mp4,FAKE
D:\major project\dataset\face only\DFDC_FAKE_Face_only_data\shortened\ccbfmuqlkj.mp4,FAKE
D:\major project\dataset\face only\DFDC_REAL_Face_only_data\shortened\addknoverp.mp4,REAL
D:\major project\dataset\face only\DFDC_FAKE_Face_only_data\shortened\csvqixkrdb.mp4,FAKE
D:\major project\dataset\face only\DFDC_REAL_Face_only_data\shortened\bmljrhlhta.mp4,REAL
D:\major project\dataset\face only\DFDC_REAL_Face_only_data\shortened\feubajatmw.mp4,REAL
D:\major project\dataset\face only\DFDC_FAKE_Face_only_data\shortened\ddohdmifkp.mp4,FAKE
D:\major project\dataset\face only\DFDC_FAKE_Face_only_data\shortened\cqxwnhupme.mp4,FAKE
D:\major project\dataset\face only\DFDC_FAKE_Face_only_data\shortened\blpsprzbrp.mp4,FAKE
D:\major project\dataset\face only\DFDC_REAL_Face_only_data\shortened\eitfpxnzwo.mp4,REAL
D:\major project\dataset\face only\DFDC_FAKE_Face_only_data\shortened\dtviszogbx.mp4,FAKE
D:\major project\dataset\face only\DFDC_REAL_Face_only_data\shortened\wtbtcunklv.mp4,REAL
D:\major project\dataset\face only\DFDC_FAKE_Face_only_data\shortened\ahtoprtppg.mp4,FAKE
D:\major project\dataset\face only\DFDC_REAL_Face_only_data\shortened\wjxmmjmchv.mp4,REAL
D:\major project\dataset\face only\DFDC_FAKE_Face_only_data\shortened\apgqgxqcbh.mp4,FAKE
D:\major project\dataset\face only\DFDC_FAKE_Face_only_data\shortened\byzmxujeng.mp4,FAKE
D:\major project\dataset\face only\DFDC_FAKE_Face_only_data\shortened\crvnokpuao.mp4,FAKE
D:\major project\dataset\face only\DFDC_FAKE_Face_only_data\shortened\anlrxdxsel.mp4,FAKE
D:\major project\dataset\face only\DFDC_FAKE_Face_only_data\shortened\dddxunglkp.mp4,FAKE
D:\major project\dataset\face only\DFDC_REAL_Face_only_data\shortened\eqgipviesf.mp4,REAL
D:\major project\dataset\face only\DFDC_FAKE_Face_only_data\shortened\deylwmxabw.mp4,FAKE
D:\major project\dataset\face only\DFDC_FAKE_Face_only_data\shortened\bpzmcgorle.mp4,FAKE
D:\major project\dataset\face only\DFDC_REAL_Face_only_data\shortened\czzfgvkhah.mp4,REAL
D:\major project\dataset\face only\DFDC_FAKE_Face_only_data\shortened\atbqpfymgi.mp4,FAKE
D:\major project\dataset\face only\DFDC_REAL_Face_only_data\shortened\dxdboiwhoo.mp4,REAL
D:\major project\dataset\face only\DFDC_FAKE_Face_only_data\shortened\aujiyxfffk.mp4,FAKE
D:\major project\dataset\face only\DFDC_FAKE_Face_only_data\shortened\cqriqodldx.mp4,FAKE
D:\major project\dataset\face only\DFDC_FAKE_Face_only_data\shortened\dvvrufajch.mp4,FAKE
D:\major project\dataset\face only\DFDC_FAKE_Face_only_data\shortened\duplfegshv.mp4,FAKE
D:\major project\dataset\face only\DFDC_FAKE_Face_only_data\shortened\bsijbywcuc.mp4,FAKE
D:\major project\dataset\face only\DFDC_REAL_Face_only_data\shortened\tepveovrdk.mp4,REAL
D:\major project\dataset\face only\DFDC_FAKE_Face_only_data\shortened\alrogmblmz.mp4,FAKE
D:\major project\dataset\face only\DFDC_FAKE_Face_only_data\shortened\bntmdzsges.mp4,FAKE
D:\major project\dataset\face only\DFDC_REAL_Face_only_data\shortened\cefzoeryat.mp4,REAL
D:\major project\dataset\face only\DFDC_FAKE_Face_only_data\shortened\dfafrrltdi.mp4,FAKE
D:\major project\dataset\face only\DFDC_FAKE_Face_only_data\shortened\bvjjrsdevv.mp4,FAKE
D:\major project\dataset\face only\DFDC_FAKE_Face_only_data\shortened\bpqtyarnjh.mp4,FAKE
D:\major project\dataset\face only\DFDC_FAKE_Face_only_data\shortened\ajqqjqkpsr.mp4,FAKE
D:\major project\dataset\face only\DFDC_FAKE_Face_only_data\shortened\dhvtqqczev.mp4,FAKE
D:\major project\dataset\face only\DFDC_REAL_Face_only_data\shortened\yrwhyhmzwi.mp4,REAL
D:\major project\dataset\face only\DFDC_FAKE_Face_only_data\shortened\cxlpvfoxdt.mp4,FAKE
D:\major project\dataset\face only\DFDC_FAKE_Face_only_data\shortened\csmvoigpmo.mp4,FAKE
D:\major project\dataset\face only\DFDC_FAKE_Face_only_data\shortened\achcojqaas.mp4,FAKE
D:\major project\dataset\face only\DFDC_FAKE_Face_only_data\shortened\cmbcebohin.mp4,FAKE
D:\major project\dataset\face only\DFDC_REAL_Face_only_data\shortened\gmkfzogjlj.mp4,REAL
D:\major project\dataset\face only\DFDC_FAKE_Face_only_data\shortened\bpvrltfiuf.mp4,FAKE
D:\major project\dataset\face only\DFDC_FAKE_Face_only_data\shortened\bebrgwqbot.mp4,FAKE
D:\major project\dataset\face only\DFDC_REAL_Face_only_data\shortened\hmnspetjoc.mp4,REAL
D:\major project\dataset\face only\DFDC_FAKE_Face_only_data\shortened\amvydakvli.mp4,FAKE
D:\major project\dataset\face only\DFDC_REAL_Face_only_data\shortened\wwqptmclnt.mp4,REAL
D:\major project\dataset\face only\DFDC_REAL_Face_only_data\shortened\chqosjqjus.mp4,REAL
D:\major project\dataset\face only\DFDC_FAKE_Face_only_data\shortened\anewicpmkd.mp4,FAKE
D:\major project\dataset\face only\DFDC_FAKE_Face_only_data\shortened\cjpjjjnsgz.mp4,FAKE
D:\major project\dataset\face only\DFDC_REAL_Face_only_data\shortened\omodwoqqhv.mp4,REAL
D:\major project\dataset\face only\DFDC_FAKE_Face_only_data\shortened\chzxlddmjo.mp4,FAKE
D:\major project\dataset\face only\DFDC_FAKE_Face_only_data\shortened\bgpzkygcea.mp4,FAKE
D:\major project\dataset\face only\DFDC_FAKE_Face_only_data\shortened\axiltxiyse.mp4,FAKE
D:\major project\dataset\face only\DFDC_FAKE_Face_only_data\shortened\drrmdksoxw.mp4,FAKE
D:\major project\dataset\face only\DFDC_FAKE_Face_only_data\shortened\ahauixjqjp.mp4,FAKE
D:\major project\dataset\face only\DFDC_FAKE_Face_only_data\shortened\dmagghegra.mp4,FAKE
D:\major project\dataset\face only\DFDC_REAL_Face_only_data\shortened\cisrxltwyh.mp4,REAL
D:\major project\dataset\face only\DFDC_FAKE_Face_only_data\shortened\cuvqoorsek.mp4,FAKE
D:\major project\dataset\face only\DFDC_REAL_Face_only_data\shortened\ebuebnxpdq.mp4,REAL
D:\major project\dataset\face only\DFDC_REAL_Face_only_data\shortened\zozjzdrvtp.mp4,REAL
D:\major project\dataset\face only\DFDC_REAL_Face_only_data\shortened\xfrswzqrmn.mp4,REAL
D:\major project\dataset\face only\DFDC_FAKE_Face_only_data\shortened\akbezffrjx.mp4,FAKE
D:\major project\dataset\face only\DFDC_FAKE_Face_only_data\shortened\dkmybfdiif.mp4,FAKE
D:\major project\dataset\face only\DFDC_FAKE_Face_only_data\shortened\aypkfdynul.mp4,FAKE
D:\major project\dataset\face only\DFDC_FAKE_Face_only_data\shortened\aeyprmocjo.mp4,FAKE
D:\major project\dataset\face only\DFDC_REAL_Face_only_data\shortened\lhglvsajka.mp4,REAL
D:\major project\dataset\face only\DFDC_REAL_Face_only_data\shortened\sitvymbvfh.mp4,REAL
D:\major project\dataset\face only\DFDC_FAKE_Face_only_data\shortened\ccpkjeveme.mp4,FAKE
D:\major project\dataset\face only\DFDC_FAKE_Face_only_data\shortened\ddlsxsesbx.mp4,FAKE
D:\major project\dataset\face only\DFDC_REAL_Face_only_data\shortened\bzzcuuntfd.mp4,REAL
D:\major project\dataset\face only\DFDC_REAL_Face_only_data\shortened\ubarhvreoj.mp4,REAL
D:\major project\dataset\face only\DFDC_FAKE_Face_only_data\shortened\bbwnmgecdf.mp4,FAKE
D:\major project\dataset\face only\DFDC_FAKE_Face_only_data\shortened\bgatyjdowa.mp4,FAKE
D:\major project\dataset\face only\DFDC_FAKE_Face_only_data\shortened\czempsilib.mp4,FAKE
D:\major project\dataset\face only\DFDC_FAKE_Face_only_data\shortened\atyljnwunq.mp4,FAKE
D:\major project\dataset\face only\DFDC_REAL_Face_only_data\shortened\jjgcpugjwy.mp4,REAL
D:\major project\dataset\face only\DFDC_FAKE_Face_only_data\shortened\apyxwaxfps.mp4,FAKE
D:\major project\dataset\face only\DFDC_REAL_Face_only_data\shortened\xajcrzlpft.mp4,REAL
D:\major project\dataset\face only\DFDC_FAKE_Face_only_data\shortened\bdqmhkoehe.mp4,FAKE
D:\major project\dataset\face only\DFDC_FAKE_Face_only_data\shortened\cyxfegxaea.mp4,FAKE
D:\major project\dataset\face only\DFDC_REAL_Face_only_data\shortened\ncmtepztza.mp4,REAL
D:\major project\dataset\face only\DFDC_REAL_Face_only_data\shortened\yvgnaxkajm.mp4,REAL
D:\major project\dataset\face only\DFDC_FAKE_Face_only_data\shortened\cpwfwaurge.mp4,FAKE
D:\major project\dataset\face only\DFDC_FAKE_Face_only_data\shortened\cbaetxcmkf.mp4,FAKE
D:\major project\dataset\face only\DFDC_REAL_Face_only_data\shortened\obxxxpbbsb.mp4,REAL
D:\major project\dataset\face only\DFDC_FAKE_Face_only_data\shortened\btqedjcqpt.mp4,FAKE
D:\major project\dataset\face only\DFDC_FAKE_Face_only_data\shortened\dfshmoospr.mp4,FAKE
D:\major project\dataset\face only\DFDC_FAKE_Face_only_data\shortened\amapzzdqse.mp4,FAKE
D:\major project\dataset\face only\DFDC_FAKE_Face_only_data\shortened\agjhckhukv.mp4,FAKE
D:\major project\dataset\face only\DFDC_FAKE_Face_only_data\shortened\bhwrpwervy.mp4,FAKE
D:\major project\dataset\face only\DFDC_FAKE_Face_only_data\shortened\dieeubojvf.mp4,FAKE
D:\major project\dataset\face only\DFDC_FAKE_Face_only_data\shortened\bgnxtocxqo.mp4,FAKE
D:\major project\dataset\face only\DFDC_FAKE_Face_only_data\shortened\brzfxbzteo.mp4,FAKE
D:\major project\dataset\face only\DFDC_REAL_Face_only_data\shortened\lkvpwhhelv.mp4,REAL
D:\major project\dataset\face only\DFDC_REAL_Face_only_data\shortened\tbhtlnrbut.mp4,REAL
D:\major project\dataset\face only\DFDC_FAKE_Face_only_data\shortened\axjxsymyhw.mp4,FAKE
D:\major project\dataset\face only\DFDC_REAL_Face_only_data\shortened\noonwrxiwg.mp4,REAL
D:\major project\dataset\face only\DFDC_FAKE_Face_only_data\shortened\bwyxdrzifm.mp4,FAKE
D:\major project\dataset\face only\DFDC_REAL_Face_only_data\shortened\dogenbgabh.mp4,REAL
D:\major project\dataset\face only\DFDC_FAKE_Face_only_data\shortened\dhtnlcuwwr.mp4,FAKE
D:\major project\dataset\face only\DFDC_REAL_Face_only_data\shortened\rocmxliauc.mp4,REAL
D:\major project\dataset\face only\DFDC_REAL_Face_only_data\shortened\ufiwltnbqn.mp4,REAL
D:\major project\dataset\face only\DFDC_REAL_Face_only_data\shortened\mvplwzoirr.mp4,REAL
D:\major project\dataset\face only\DFDC_REAL_Face_only_data\shortened\mqmfuzsrnt.mp4,REAL
D:\major project\dataset\face only\DFDC_REAL_Face_only_data\shortened\wrjwqnwiss.mp4,REAL
D:\major project\dataset\face only\DFDC_REAL_Face_only_data\shortened\csfwgdpzym.mp4,REAL
D:\major project\dataset\face only\DFDC_REAL_Face_only_data\shortened\hvierltlmq.mp4,REAL
D:\major project\dataset\face only\DFDC_REAL_Face_only_data\shortened\auubycdueq.mp4,REAL
D:\major project\dataset\face only\DFDC_REAL_Face_only_data\shortened\aabqyygbaa.mp4,REAL
D:\major project\dataset\face only\DFDC_REAL_Face_only_data\shortened\ejdavxgdsf.mp4,REAL
D:\major project\dataset\face only\DFDC_REAL_Face_only_data\shortened\wediirbvdv.mp4,REAL
D:\major project\dataset\face only\DFDC_REAL_Face_only_data\shortened\mppjpwwcom.mp4,REAL
D:\major project\dataset\face only\DFDC_REAL_Face_only_data\shortened\wdzefhhcwt.mp4,REAL
D:\major project\dataset\face only\DFDC_REAL_Face_only_data\shortened\bqruljgfil.mp4,REAL
D:\major project\dataset\face only\DFDC_REAL_Face_only_data\shortened\brlraaempq.mp4,REAL
D:\major project\dataset\face only\DFDC_REAL_Face_only_data\shortened\nvdzhsjkda.mp4,REAL
D:\major project\dataset\face only\DFDC_REAL_Face_only_data\shortened\yusjuhoblj.mp4,REAL
D:\major project\dataset\face only\DFDC_FAKE_Face_only_data\shortened\drapfnscij.mp4,FAKE
D:\major project\dataset\face only\DFDC_REAL_Face_only_data\shortened\bxqmfgdlul.mp4,REAL
D:\major project\dataset\face only\DFDC_REAL_Face_only_data\shortened\zldzgyuxam.mp4,REAL
D:\major project\dataset\face only\DFDC_REAL_Face_only_data\shortened\wqtpgcfjlu.mp4,REAL
D:\major project\dataset\face only\DFDC_REAL_Face_only_data\shortened\lkajvpbztr.mp4,REAL
D:\major project\dataset\face only\DFDC_REAL_Face_only_data\shortened\ktrkpmnnlg.mp4,REAL
D:\major project\dataset\face only\DFDC_REAL_Face_only_data\shortened\hmnkjimojl.mp4,REAL
D:\major project\dataset\face only\DFDC_REAL_Face_only_data\shortened\bmjbamtqwn.mp4,REAL
D:\major project\dataset\face only\DFDC_REAL_Face_only_data\shortened\quckfgtghv.mp4,REAL
D:\major project\dataset\face only\DFDC_REAL_Face_only_data\shortened\iofoynuaqe.mp4,REAL
D:\major project\dataset\face only\DFDC_REAL_Face_only_data\shortened\mmifqasqyt.mp4,REAL
D:\major project\dataset\face only\DFDC_REAL_Face_only_data\shortened\viiltedtog.mp4,REAL
D:\major project\dataset\face only\DFDC_REAL_Face_only_data\shortened\qziphesclu.mp4,REAL
D:\major project\dataset\face only\DFDC_REAL_Face_only_data\shortened\jokemukffb.mp4,REAL
D:\major project\dataset\face only\DFDC_REAL_Face_only_data\shortened\ueqbcbqpep.mp4,REAL
D:\major project\dataset\face only\DFDC_REAL_Face_only_data\shortened\pykjeuufie.mp4,REAL
D:\major project\dataset\face only\DFDC_FAKE_Face_only_data\shortened\csribdbvgz.mp4,FAKE
D:\major project\dataset\face only\DFDC_REAL_Face_only_data\shortened\ihwwpkzcdn.mp4,REAL
D:\major project\dataset\face only\DFDC_REAL_Face_only_data\shortened\rfvmtpuvps.mp4,REAL
D:\major project\dataset\face only\DFDC_REAL_Face_only_data\shortened\flbrvohbvv.mp4,REAL
D:\major project\dataset\face only\DFDC_REAL_Face_only_data\shortened\sgzdnmbopr.mp4,REAL
D:\major project\dataset\face only\DFDC_REAL_Face_only_data\shortened\btsbqigrcq.mp4,REAL
D:\major project\dataset\face only\DFDC_FAKE_Face_only_data\shortened\aonaupzilc.mp4,FAKE
D:\major project\dataset\face only\DFDC_REAL_Face_only_data\shortened\eiofpijvxq.mp4,REAL
D:\major project\dataset\face only\DFDC_REAL_Face_only_data\shortened\rewagripxi.mp4,REAL
D:\major project\dataset\face only\DFDC_REAL_Face_only_data\shortened\bnhejkbtyq.mp4,REAL
D:\major project\dataset\face only\DFDC_REAL_Face_only_data\shortened\vqtpvljpmu.mp4,REAL
D:\major project\dataset\face only\DFDC_REAL_Face_only_data\shortened\tkoyswvpjj.mp4,REAL
D:\major project\dataset\face only\DFDC_REAL_Face_only_data\shortened\geezrhjaml.mp4,REAL
D:\major project\dataset\face only\DFDC_REAL_Face_only_data\shortened\gvwsgyexpl.mp4,REAL
D:\major project\dataset\face only\DFDC_REAL_Face_only_data\shortened\jlpzyrhwik.mp4,REAL
D:\major project\dataset\face only\DFDC_REAL_Face_only_data\shortened\dykljokhdg.mp4,REAL
D:\major project\dataset\face only\DFDC_REAL_Face_only_data\shortened\cvznehgagq.mp4,REAL
D:\major project\dataset\face only\DFDC_REAL_Face_only_data\shortened\ugjufkwtrc.mp4,REAL
D:\major project\dataset\face only\DFDC_REAL_Face_only_data\shortened\kxvowszzuo.mp4,REAL
D:\major project\dataset\face only\DFDC_FAKE_Face_only_data\shortened\cdbmqliycy.mp4,FAKE
D:\major project\dataset\face only\DFDC_REAL_Face_only_data\shortened\jlvqrgqhpw.mp4,REAL
D:\major project\dataset\face only\DFDC_FAKE_Face_only_data\shortened\domzpupdnm.mp4,FAKE
D:\major project\dataset\face only\DFDC_REAL_Face_only_data\shortened\nmusooihlb.mp4,REAL
D:\major project\dataset\face only\DFDC_REAL_Face_only_data\shortened\sptefjlzud.mp4,REAL
D:\major project\dataset\face only\DFDC_FAKE_Face_only_data\shortened\bjnvgindid.mp4,FAKE
D:\major project\dataset\face only\DFDC_REAL_Face_only_data\shortened\wjbzupwcge.mp4,REAL
D:\major project\dataset\face only\DFDC_FAKE_Face_only_data\shortened\acpaumltcm.mp4,FAKE
D:\major project\dataset\face only\DFDC_FAKE_Face_only_data\shortened\alhqvmlmfm.mp4,FAKE
D:\major project\dataset\face only\DFDC_REAL_Face_only_data\shortened\ilvmgunkie.mp4,REAL
D:\major project\dataset\face only\DFDC_REAL_Face_only_data\shortened\pkgrxcumnm.mp4,REAL
D:\major project\dataset\face only\DFDC_FAKE_Face_only_data\shortened\adtvlinjvb.mp4,FAKE
D:\major project\dataset\face only\DFDC_REAL_Face_only_data\shortened\zcjjkcrrle.mp4,REAL
D:\major project\dataset\face only\DFDC_FAKE_Face_only_data\shortened\doujpiwzkc.mp4,FAKE
D:\major project\dataset\face only\DFDC_REAL_Face_only_data\shortened\byahwgvhmf.mp4,REAL
D:\major project\dataset\face only\DFDC_REAL_Face_only_data\shortened\xpunzwycxm.mp4,REAL
D:\major project\dataset\face only\DFDC_REAL_Face_only_data\shortened\qhprjamitv.mp4,REAL
D:\major project\dataset\face only\DFDC_REAL_Face_only_data\shortened\jgrdzsjsqn.mp4,REAL
D:\major project\dataset\face only\DFDC_REAL_Face_only_data\shortened\ttxuegkaew.mp4,REAL
D:\major project\dataset\face only\DFDC_REAL_Face_only_data\shortened\wlurvqspwf.mp4,REAL
D:\major project\dataset\face only\DFDC_REAL_Face_only_data\shortened\cbxaeqakvz.mp4,REAL
D:\major project\dataset\face only\DFDC_FAKE_Face_only_data\shortened\diokmtvbvi.mp4,FAKE
D:\major project\dataset\face only\DFDC_REAL_Face_only_data\shortened\wbhobkjdfp.mp4,REAL
D:\major project\dataset\face only\DFDC_REAL_Face_only_data\shortened\ydbnctieuk.mp4,REAL
D:\major project\dataset\face only\DFDC_FAKE_Face_only_data\shortened\bjkjjutppv.mp4,FAKE
D:\major project\dataset\face only\DFDC_REAL_Face_only_data\shortened\ljtkjhntue.mp4,REAL
D:\major project\dataset\face only\DFDC_FAKE_Face_only_data\shortened\dwowalvgfk.mp4,FAKE
D:\major project\dataset\face only\DFDC_REAL_Face_only_data\shortened\sttjoqcsec.mp4,REAL
D:\major project\dataset\face only\DFDC_REAL_Face_only_data\shortened\qnzffjwxxy.mp4,REAL
D:\major project\dataset\face only\DFDC_REAL_Face_only_data\shortened\ggjcrroblk.mp4,REAL
D:\major project\dataset\face only\DFDC_REAL_Face_only_data\shortened\ciyqhbpbry.mp4,REAL
D:\major project\dataset\face only\DFDC_FAKE_Face_only_data\shortened\cmbvmibdcr.mp4,FAKE
D:\major project\dataset\face only\DFDC_REAL_Face_only_data\shortened\hgqqwuqrlm.mp4,REAL
D:\major project\dataset\face only\DFDC_REAL_Face_only_data\shortened\nxisgwjymu.mp4,REAL
D:\major project\dataset\face only\DFDC_REAL_Face_only_data\shortened\wfmxpuzxwe.mp4,REAL
D:\major project\dataset\face only\DFDC_REAL_Face_only_data\shortened\mfyqcmjhln.mp4,REAL
D:\major project\dataset\face only\DFDC_REAL_Face_only_data\shortened\wmatrirlng.mp4,REAL
D:\major project\dataset\face only\DFDC_FAKE_Face_only_data\shortened\bpqmetsjik.mp4,FAKE
D:\major project\dataset\face only\DFDC_REAL_Face_only_data\shortened\sjfnwkiqin.mp4,REAL
D:\major project\dataset\face only\DFDC_FAKE_Face_only_data\shortened\beosdmoipb.mp4,FAKE
D:\major project\dataset\face only\DFDC_REAL_Face_only_data\shortened\fnhtrjggdb.mp4,REAL
D:\major project\dataset\face only\DFDC_REAL_Face_only_data\shortened\mocynzouym.mp4,REAL
D:\major project\dataset\face only\DFDC_REAL_Face_only_data\shortened\fratowhttl.mp4,REAL
D:\major project\dataset\face only\DFDC_REAL_Face_only_data\shortened\pcemgkfqgn.mp4,REAL
D:\major project\dataset\face only\DFDC_REAL_Face_only_data\shortened\xsgmwwbeib.mp4,REAL
D:\major project\dataset\face only\DFDC_FAKE_Face_only_data\shortened\blykqbluyb.mp4,FAKE
D:\major project\dataset\face only\DFDC_FAKE_Face_only_data\shortened\cujuflgqqa.mp4,FAKE
D:\major project\dataset\face only\DFDC_REAL_Face_only_data\shortened\qethauxnwk.mp4,REAL
D:\major project\dataset\face only\DFDC_REAL_Face_only_data\shortened\kxrolubbyy.mp4,REAL
D:\major project\dataset\face only\DFDC_REAL_Face_only_data\shortened\faevxxupes.mp4,REAL
D:\major project\dataset\face only\DFDC_REAL_Face_only_data\shortened\fsqteuqfqj.mp4,REAL
D:\major project\dataset\face only\DFDC_FAKE_Face_only_data\shortened\adcnvlhawy.mp4,FAKE
D:\major project\dataset\face only\DFDC_REAL_Face_only_data\shortened\ofpugszjdt.mp4,REAL
D:\major project\dataset\face only\DFDC_REAL_Face_only_data\shortened\otwrzyhfmy.mp4,REAL
D:\major project\dataset\face only\DFDC_REAL_Face_only_data\shortened\ggpxsyidcv.mp4,REAL
D:\major project\dataset\face only\DFDC_REAL_Face_only_data\shortened\yjqxutyyvi.mp4,REAL
D:\major project\dataset\face only\DFDC_REAL_Face_only_data\shortened\wwcowbnwms.mp4,REAL
D:\major project\dataset\face only\DFDC_FAKE_Face_only_data\shortened\awtomwfgsw.mp4,FAKE
D:\major project\dataset\face only\DFDC_REAL_Face_only_data\shortened\prbizkjaze.mp4,REAL
D:\major project\dataset\face only\DFDC_REAL_Face_only_data\shortened\sprtqpixpt.mp4,REAL
D:\major project\dataset\face only\DFDC_REAL_Face_only_data\shortened\jkxrjgnksq.mp4,REAL
D:\major project\dataset\face only\DFDC_REAL_Face_only_data\shortened\xebotqrsyd.mp4,REAL
D:\major project\dataset\face only\DFDC_REAL_Face_only_data\shortened\liyvxlwvei.mp4,REAL
D:\major project\dataset\face only\DFDC_REAL_Face_only_data\shortened\nkfxfvglzp.mp4,REAL
D:\major project\dataset\face only\DFDC_REAL_Face_only_data\shortened\abzdxpmmdb.mp4,REAL
D:\major project\dataset\face only\DFDC_FAKE_Face_only_data\shortened\dfpizimddw.mp4,FAKE
D:\major project\dataset\face only\DFDC_REAL_Face_only_data\shortened\pslnizmjib.mp4,REAL
D:\major project\dataset\face only\DFDC_REAL_Face_only_data\shortened\yryscwqjbf.mp4,REAL
D:\major project\dataset\face only\DFDC_REAL_Face_only_data\shortened\utxsqzcrbt.mp4,REAL
D:\major project\dataset\face only\DFDC_REAL_Face_only_data\shortened\qnxyrntvsj.mp4,REAL
D:\major project\dataset\face only\DFDC_REAL_Face_only_data\shortened\imrprfgqaj.mp4,REAL
D:\major project\dataset\face only\DFDC_REAL_Face_only_data\shortened\xkblnsntnr.mp4,REAL
D:\major project\dataset\face only\DFDC_REAL_Face_only_data\shortened\sirhlngcew.mp4,REAL
D:\major project\dataset\face only\DFDC_REAL_Face_only_data\shortened\qdzadbpiod.mp4,REAL
D:\major project\dataset\face only\DFDC_REAL_Face_only_data\shortened\nvjdasvkoe.mp4,REAL
D:\major project\dataset\face only\DFDC_FAKE_Face_only_data\shortened\cpxedkyytp.mp4,FAKE
D:\major project\dataset\face only\DFDC_REAL_Face_only_data\shortened\oiysfgeifc.mp4,REAL
D:\major project\dataset\face only\DFDC_REAL_Face_only_data\shortened\stcuuehqbq.mp4,REAL
D:\major project\dataset\face only\DFDC_REAL_Face_only_data\shortened\anikhdvdzo.mp4,REAL
D:\major project\dataset\face only\DFDC_FAKE_Face_only_data\shortened\bhjbjznqko.mp4,FAKE
D:\major project\dataset\face only\DFDC_REAL_Face_only_data\shortened\rtrnpctaug.mp4,REAL
D:\major project\dataset\face only\DFDC_REAL_Face_only_data\shortened\rmgyrtrhso.mp4,REAL
D:\major project\dataset\face only\DFDC_REAL_Face_only_data\shortened\arvqnhhwpm.mp4,REAL
D:\major project\dataset\face only\DFDC_REAL_Face_only_data\shortened\fskjykudzw.mp4,REAL
D:\major project\dataset\face only\DFDC_REAL_Face_only_data\shortened\aeeigmpocb.mp4,REAL
D:\major project\dataset\face only\DFDC_REAL_Face_only_data\shortened\zqibqemsix.mp4,REAL
D:\major project\dataset\face only\DFDC_REAL_Face_only_data\shortened\fvcnftvtjv.mp4,REAL
D:\major project\dataset\face only\DFDC_REAL_Face_only_data\shortened\kdzihtzpkr.mp4,REAL
D:\major project\dataset\face only\DFDC_REAL_Face_only_data\shortened\tftvimylrn.mp4,REAL
D:\major project\dataset\face only\DFDC_REAL_Face_only_data\shortened\mlfbccdtoy.mp4,REAL
D:\major project\dataset\face only\DFDC_REAL_Face_only_data\shortened\lznqagzwyk.mp4,REAL
D:\major project\dataset\face only\DFDC_REAL_Face_only_data\shortened\ppgpesmnom.mp4,REAL
D:\major project\dataset\face only\DFDC_FAKE_Face_only_data\shortened\dxbrjrefpe.mp4,FAKE
D:\major project\dataset\face only\DFDC_REAL_Face_only_data\shortened\gplgurohus.mp4,REAL
D:\major project\dataset\face only\DFDC_REAL_Face_only_data\shortened\tgknwvdjxj.mp4,REAL
D:\major project\dataset\face only\DFDC_REAL_Face_only_data\shortened\kmigcpmqoq.mp4,REAL
D:\major project\dataset\face only\DFDC_REAL_Face_only_data\shortened\gvycszbsqv.mp4,REAL
D:\major project\dataset\face only\DFDC_REAL_Face_only_data\shortened\piyckbokjg.mp4,REAL
D:\major project\dataset\face only\DFDC_REAL_Face_only_data\shortened\udeqznwkle.mp4,REAL
D:\major project\dataset\face only\DFDC_REAL_Face_only_data\shortened\ochicrfxew.mp4,REAL
D:\major project\dataset\face only\DFDC_FAKE_Face_only_data\shortened\bdbqrjjyak.mp4,FAKE
D:\major project\dataset\face only\DFDC_REAL_Face_only_data\shortened\jswunuyhcq.mp4,REAL
D:\major project\dataset\face only\DFDC_FAKE_Face_only_data\shortened\dasleascbq.mp4,FAKE
D:\major project\dataset\face only\DFDC_REAL_Face_only_data\shortened\igzvunospk.mp4,REAL
D:\major project\dataset\face only\DFDC_FAKE_Face_only_data\shortened\connsjyvsl.mp4,FAKE
D:\major project\dataset\face only\DFDC_FAKE_Face_only_data\shortened\dhcyqigcio.mp4,FAKE
D:\major project\dataset\face only\DFDC_REAL_Face_only_data\shortened\fhonpnpnls.mp4,REAL
D:\major project\dataset\face only\DFDC_REAL_Face_only_data\shortened\otumyuuzkl.mp4,REAL
D:\major project\dataset\face only\DFDC_REAL_Face_only_data\shortened\ailmasxkxb.mp4,REAL
D:\major project\dataset\face only\DFDC_FAKE_Face_only_data\shortened\cekuytiohq.mp4,FAKE
D:\major project\dataset\face only\DFDC_REAL_Face_only_data\shortened\fvcxtymazh.mp4,REAL
D:\major project\dataset\face only\DFDC_FAKE_Face_only_data\shortened\dbiuxvqhrt.mp4,FAKE
D:\major project\dataset\face only\DFDC_REAL_Face_only_data\shortened\evjkrjrged.mp4,REAL
D:\major project\dataset\face only\DFDC_REAL_Face_only_data\shortened\xttwbloiwj.mp4,REAL
D:\major project\dataset\face only\DFDC_REAL_Face_only_data\shortened\iocpymnnba.mp4,REAL
D:\major project\dataset\face only\DFDC_FAKE_Face_only_data\shortened\bqrcgzqhnm.mp4,FAKE
D:\major project\dataset\face only\DFDC_FAKE_Face_only_data\shortened\dfxwtmsttt.mp4,FAKE
D:\major project\dataset\face only\DFDC_REAL_Face_only_data\shortened\jpjyldcxnl.mp4,REAL
D:\major project\dataset\face only\DFDC_REAL_Face_only_data\shortened\hepjjlvper.mp4,REAL
D:\major project\dataset\face only\DFDC_REAL_Face_only_data\shortened\wwkraoiksx.mp4,REAL
D:\major project\dataset\face only\DFDC_REAL_Face_only_data\shortened\nbrbwqrwnb.mp4,REAL
D:\major project\dataset\face only\DFDC_REAL_Face_only_data\shortened\plihptbblj.mp4,REAL
D:\major project\dataset\face only\DFDC_FAKE_Face_only_data\shortened\bbisgqelmk.mp4,FAKE
D:\major project\dataset\face only\DFDC_REAL_Face_only_data\shortened\uzhbwfpoqz.mp4,REAL
D:\major project\dataset\face only\DFDC_REAL_Face_only_data\shortened\pjpklcreot.mp4,REAL
D:\major project\dataset\face only\DFDC_REAL_Face_only_data\shortened\fivdmorlbt.mp4,REAL
D:\major project\dataset\face only\DFDC_REAL_Face_only_data\shortened\rumxbqgmld.mp4,REAL
D:\major project\dataset\face only\DFDC_FAKE_Face_only_data\shortened\aawhvztjdt.mp4,FAKE
D:\major project\dataset\face only\DFDC_REAL_Face_only_data\shortened\gbvravevjt.mp4,REAL
D:\major project\dataset\face only\DFDC_REAL_Face_only_data\shortened\qrssrcmzzq.mp4,REAL
D:\major project\dataset\face only\DFDC_REAL_Face_only_data\shortened\uiiiophjmf.mp4,REAL
D:\major project\dataset\face only\DFDC_FAKE_Face_only_data\shortened\chdbbbghqw.mp4,FAKE
D:\major project\dataset\face only\DFDC_REAL_Face_only_data\shortened\shehvyhzsd.mp4,REAL
D:\major project\dataset\face only\DFDC_REAL_Face_only_data\shortened\wbvjhwxgfk.mp4,REAL
D:\major project\dataset\face only\DFDC_REAL_Face_only_data\shortened\gefwxtpjiz.mp4,REAL
D:\major project\dataset\face only\DFDC_REAL_Face_only_data\shortened\csomiogcwu.mp4,REAL
D:\major project\dataset\face only\DFDC_REAL_Face_only_data\shortened\rdwavfndgq.mp4,REAL
D:\major project\dataset\face only\DFDC_FAKE_Face_only_data\shortened\ckkhekfajw.mp4,FAKE
D:\major project\dataset\face only\DFDC_FAKE_Face_only_data\shortened\btxbhzzeim.mp4,FAKE
D:\major project\dataset\face only\DFDC_FAKE_Face_only_data\shortened\cwmahupvmg.mp4,FAKE
D:\major project\dataset\face only\DFDC_REAL_Face_only_data\shortened\rchhpxquai.mp4,REAL
D:\major project\dataset\face only\DFDC_REAL_Face_only_data\shortened\iwrclnpqoc.mp4,REAL
D:\major project\dataset\face only\DFDC_REAL_Face_only_data\shortened\rlzaurucfj.mp4,REAL
D:\major project\dataset\face only\DFDC_REAL_Face_only_data\shortened\azlybpzqln.mp4,REAL
D:\major project\dataset\face only\DFDC_REAL_Face_only_data\shortened\hbotpzjkuc.mp4,REAL
D:\major project\dataset\face only\DFDC_REAL_Face_only_data\shortened\stftfbmdgu.mp4,REAL
D:\major project\dataset\face only\DFDC_REAL_Face_only_data\shortened\giwobcepvb.mp4,REAL
D:\major project\dataset\face only\DFDC_FAKE_Face_only_data\shortened\bwvxqmolob.mp4,FAKE
D:\major project\dataset\face only\DFDC_REAL_Face_only_data\shortened\rsalptpmrc.mp4,REAL
D:\major project\dataset\face only\DFDC_FAKE_Face_only_data\shortened\aegwmawqov.mp4,FAKE
D:\major project\dataset\face only\DFDC_FAKE_Face_only_data\shortened\bitlskxuct.mp4,FAKE
D:\major project\dataset\face only\DFDC_FAKE_Face_only_data\shortened\chqfxmkwdq.mp4,FAKE
D:\major project\dataset\face only\DFDC_REAL_Face_only_data\shortened\ehtmhdbslm.mp4,REAL
D:\major project\dataset\face only\DFDC_REAL_Face_only_data\shortened\spgzovqysj.mp4,REAL
D:\major project\dataset\face only\DFDC_REAL_Face_only_data\shortened\ifvpemzpuf.mp4,REAL
D:\major project\dataset\face only\DFDC_REAL_Face_only_data\shortened\koowljkerd.mp4,REAL
D:\major project\dataset\face only\DFDC_REAL_Face_only_data\shortened\jiwlonxohi.mp4,REAL
D:\major project\dataset\face only\DFDC_REAL_Face_only_data\shortened\vrzpxnryrm.mp4,REAL
D:\major project\dataset\face only\DFDC_REAL_Face_only_data\shortened\mpjiuzojzc.mp4,REAL
D:\major project\dataset\face only\DFDC_REAL_Face_only_data\shortened\ifvbwbcnyj.mp4,REAL
D:\major project\dataset\face only\DFDC_REAL_Face_only_data\shortened\czgnyrrkuq.mp4,REAL
D:\major project\dataset\face only\DFDC_REAL_Face_only_data\shortened\fnwnfnrbte.mp4,REAL
D:\major project\dataset\face only\DFDC_REAL_Face_only_data\shortened\nywoptxkwu.mp4,REAL
D:\major project\dataset\face only\DFDC_REAL_Face_only_data\shortened\pctpdjneks.mp4,REAL
D:\major project\dataset\face only\DFDC_REAL_Face_only_data\shortened\fgxotqcyqh.mp4,REAL
D:\major project\dataset\face only\DFDC_REAL_Face_only_data\shortened\nufqxmyffp.mp4,REAL
D:\major project\dataset\face only\DFDC_REAL_Face_only_data\shortened\qwdktilbrk.mp4,REAL
D:\major project\dataset\face only\DFDC_REAL_Face_only_data\shortened\arsayfybpz.mp4,REAL
D:\major project\dataset\face only\DFDC_REAL_Face_only_data\shortened\rhncslawoz.mp4,REAL
D:\major project\dataset\face only\DFDC_REAL_Face_only_data\shortened\cczcxkrrnj.mp4,REAL
D:\major project\dataset\face only\DFDC_FAKE_Face_only_data\shortened\dxieksfyad.mp4,FAKE
D:\major project\dataset\face only\DFDC_REAL_Face_only_data\shortened\lkbpavasad.mp4,REAL
D:\major project\dataset\face only\DFDC_REAL_Face_only_data\shortened\aikmehbtbm.mp4,REAL
D:\major project\dataset\face only\DFDC_REAL_Face_only_data\shortened\mgqlxlnize.mp4,REAL
D:\major project\dataset\face only\DFDC_REAL_Face_only_data\shortened\jlzckbmrbw.mp4,REAL
D:\major project\dataset\face only\DFDC_REAL_Face_only_data\shortened\osqruujwxd.mp4,REAL
D:\major project\dataset\face only\DFDC_REAL_Face_only_data\shortened\bgycggxsky.mp4,REAL
D:\major project\dataset\face only\DFDC_FAKE_Face_only_data\shortened\djcuqtgccw.mp4,FAKE
D:\major project\dataset\face only\DFDC_REAL_Face_only_data\shortened\zwxefbpfee.mp4,REAL
D:\major project\dataset\face only\DFDC_REAL_Face_only_data\shortened\snijmzqzux.mp4,REAL
D:\major project\dataset\face only\DFDC_REAL_Face_only_data\shortened\giqncczwue.mp4,REAL
D:\major project\dataset\face only\DFDC_REAL_Face_only_data\shortened\siwmglrdle.mp4,REAL
D:\major project\dataset\face only\DFDC_REAL_Face_only_data\shortened\mugpedpwbl.mp4,REAL
D:\major project\dataset\face only\DFDC_REAL_Face_only_data\shortened\mkxzfysiua.mp4,REAL
D:\major project\dataset\face only\DFDC_REAL_Face_only_data\shortened\jmqmljznhv.mp4,REAL
D:\major project\dataset\face only\DFDC_FAKE_Face_only_data\shortened\cvovxjmzsl.mp4,FAKE
D:\major project\dataset\face only\DFDC_REAL_Face_only_data\shortened\slfwxkmdgo.mp4,REAL
D:\major project\dataset\face only\DFDC_REAL_Face_only_data\shortened\fwekcrqdak.mp4,REAL
D:\major project\dataset\face only\DFDC_FAKE_Face_only_data\shortened\afnhmtuuva.mp4,FAKE
D:\major project\dataset\face only\DFDC_REAL_Face_only_data\shortened\teehidqtii.mp4,REAL
D:\major project\dataset\face only\DFDC_REAL_Face_only_data\shortened\tznkzweueh.mp4,REAL
D:\major project\dataset\face only\DFDC_REAL_Face_only_data\shortened\tsqnshpqga.mp4,REAL
D:\major project\dataset\face only\DFDC_REAL_Face_only_data\shortened\iubklilvdl.mp4,REAL
D:\major project\dataset\face only\DFDC_REAL_Face_only_data\shortened\ghutxxwjrs.mp4,REAL
D:\major project\dataset\face only\DFDC_REAL_Face_only_data\shortened\pjibpowymk.mp4,REAL
D:\major project\dataset\face only\DFDC_REAL_Face_only_data\shortened\aizcvzaxcj.mp4,REAL
D:\major project\dataset\face only\DFDC_FAKE_Face_only_data\shortened\aysxspqqdm.mp4,FAKE
D:\major project\dataset\face only\DFDC_FAKE_Face_only_data\shortened\arjvscherh.mp4,FAKE
D:\major project\dataset\face only\DFDC_REAL_Face_only_data\shortened\gnhbtnojfp.mp4,REAL
D:\major project\dataset\face only\DFDC_FAKE_Face_only_data\shortened\chkyctpgjr.mp4,FAKE
D:\major project\dataset\face only\DFDC_REAL_Face_only_data\shortened\sppyyoqaey.mp4,REAL
D:\major project\dataset\face only\DFDC_FAKE_Face_only_data\shortened\ayyuycuyxl.mp4,FAKE
D:\major project\dataset\face only\DFDC_REAL_Face_only_data\shortened\epphrlkqhp.mp4,REAL
D:\major project\dataset\face only\DFDC_REAL_Face_only_data\shortened\ieycmlnprv.mp4,REAL
D:\major project\dataset\face only\DFDC_REAL_Face_only_data\shortened\juhpgqxkwl.mp4,REAL
D:\major project\dataset\face only\DFDC_REAL_Face_only_data\shortened\ykgdmawthl.mp4,REAL
D:\major project\dataset\face only\DFDC_REAL_Face_only_data\shortened\qwdoikpbwm.mp4,REAL
D:\major project\dataset\face only\DFDC_REAL_Face_only_data\shortened\smzplltnou.mp4,REAL
D:\major project\dataset\face only\DFDC_REAL_Face_only_data\shortened\fntpvkeksp.mp4,REAL
D:\major project\dataset\face only\DFDC_FAKE_Face_only_data\shortened\drvtugrrjx.mp4,FAKE
D:\major project\dataset\face only\DFDC_REAL_Face_only_data\shortened\bbkwwrlwpb.mp4,REAL
D:\major project\dataset\face only\DFDC_REAL_Face_only_data\shortened\owkrfyfxpw.mp4,REAL
D:\major project\dataset\face only\DFDC_FAKE_Face_only_data\shortened\akrebrefnz.mp4,FAKE
D:\major project\dataset\face only\DFDC_REAL_Face_only_data\shortened\dasefuclrs.mp4,REAL
D:\major project\dataset\face only\DFDC_REAL_Face_only_data\shortened\mdsbvwfcwf.mp4,REAL
D:\major project\dataset\face only\DFDC_FAKE_Face_only_data\shortened\cjgmkgfhnr.mp4,FAKE
D:\major project\dataset\face only\DFDC_FAKE_Face_only_data\shortened\atuweqcvfa.mp4,FAKE
D:\major project\dataset\face only\DFDC_REAL_Face_only_data\shortened\bgqnopotbe.mp4,REAL
D:\major project\dataset\face only\DFDC_REAL_Face_only_data\shortened\asvheijspx.mp4,REAL
D:\major project\dataset\face only\DFDC_REAL_Face_only_data\shortened\egcuyhyvsm.mp4,REAL
D:\major project\dataset\face only\DFDC_REAL_Face_only_data\shortened\xhsramepav.mp4,REAL
D:\major project\dataset\face only\DFDC_REAL_Face_only_data\shortened\kvdnaxkcbz.mp4,REAL
D:\major project\dataset\face only\DFDC_FAKE_Face_only_data\shortened\dwxdhsacsk.mp4,FAKE
D:\major project\dataset\face only\DFDC_REAL_Face_only_data\shortened\xzcexrifxq.mp4,REAL
D:\major project\dataset\face only\DFDC_REAL_Face_only_data\shortened\uztttikeuj.mp4,REAL
D:\major project\dataset\face only\DFDC_REAL_Face_only_data\shortened\deuqmhwoco.mp4,REAL
D:\major project\dataset\face only\DFDC_REAL_Face_only_data\shortened\aljzaalpym.mp4,REAL
D:\major project\dataset\face only\DFDC_FAKE_Face_only_data\shortened\bfsjasmdpd.mp4,FAKE
D:\major project\dataset\face only\DFDC_FAKE_Face_only_data\shortened\dufldddpbl.mp4,FAKE
D:\major project\dataset\face only\DFDC_REAL_Face_only_data\shortened\iavxqeuuxa.mp4,REAL
D:\major project\dataset\face only\DFDC_REAL_Face_only_data\shortened\gwmlawcreb.mp4,REAL
D:\major project\dataset\face only\DFDC_REAL_Face_only_data\shortened\nopjjvwwrg.mp4,REAL
D:\major project\dataset\face only\DFDC_FAKE_Face_only_data\shortened\bokwfrmeyv.mp4,FAKE
D:\major project\dataset\face only\DFDC_REAL_Face_only_data\shortened\mgnqkbtorj.mp4,REAL
D:\major project\dataset\face only\DFDC_REAL_Face_only_data\shortened\cxobtfqqqo.mp4,REAL
D:\major project\dataset\face only\DFDC_REAL_Face_only_data\shortened\khhsdtspvv.mp4,REAL
D:\major project\dataset\face only\DFDC_REAL_Face_only_data\shortened\htrkeemhkr.mp4,REAL
D:\major project\dataset\face only\DFDC_REAL_Face_only_data\shortened\caedadzzml.mp4,REAL
D:\major project\dataset\face only\DFDC_FAKE_Face_only_data\shortened\csvfaepgno.mp4,FAKE
D:\major project\dataset\face only\DFDC_FAKE_Face_only_data\shortened\aurgosqhcy.mp4,FAKE
D:\major project\dataset\face only\DFDC_REAL_Face_only_data\shortened\xarfrtqenk.mp4,REAL
D:\major project\dataset\face only\DFDC_REAL_Face_only_data\shortened\ayfohzyelj.mp4,REAL
D:\major project\dataset\face only\DFDC_REAL_Face_only_data\shortened\tohrqjyter.mp4,REAL
D:\major project\dataset\face only\DFDC_FAKE_Face_only_data\shortened\bxhitlorpq.mp4,FAKE
D:\major project\dataset\face only\DFDC_FAKE_Face_only_data\shortened\dcskqkepft.mp4,FAKE
D:\major project\dataset\face only\DFDC_FAKE_Face_only_data\shortened\bickzzulsq.mp4,FAKE
D:\major project\dataset\face only\DFDC_FAKE_Face_only_data\shortened\efqidahvcx.mp4,FAKE
D:\major project\dataset\face only\DFDC_FAKE_Face_only_data\shortened\dtcemctlvr.mp4,FAKE
D:\major project\dataset\face only\DFDC_REAL_Face_only_data\shortened\xoocqckwwg.mp4,REAL
D:\major project\dataset\face only\DFDC_FAKE_Face_only_data\shortened\djotkztepz.mp4,FAKE
D:\major project\dataset\face only\DFDC_REAL_Face_only_data\shortened\brqcongpqi.mp4,REAL
D:\major project\dataset\face only\DFDC_REAL_Face_only_data\shortened\kdzawbgzwb.mp4,REAL
D:\major project\dataset\face only\DFDC_FAKE_Face_only_data\shortened\eagqnsbiyh.mp4,FAKE
D:\major project\dataset\face only\DFDC_FAKE_Face_only_data\shortened\ecxdkuoeyh.mp4,FAKE
D:\major project\dataset\face only\DFDC_FAKE_Face_only_data\shortened\dzgajtndul.mp4,FAKE
D:\major project\dataset\face only\DFDC_FAKE_Face_only_data\shortened\cukadnrzpo.mp4,FAKE
D:\major project\dataset\face only\DFDC_FAKE_Face_only_data\shortened\bhumkuzoeo.mp4,FAKE
D:\major project\dataset\face only\DFDC_FAKE_Face_only_data\shortened\areepskxqp.mp4,FAKE
D:\major project\dataset\face only\DFDC_REAL_Face_only_data\shortened\drtulzvrde.mp4,REAL
D:\major project\dataset\face only\DFDC_FAKE_Face_only_data\shortened\chyajgtevi.mp4,FAKE
D:\major project\dataset\face only\DFDC_REAL_Face_only_data\shortened\hdrhwqbytu.mp4,REAL
D:\major project\dataset\face only\DFDC_REAL_Face_only_data\shortened\fjdunxauji.mp4,REAL
D:\major project\dataset\face only\DFDC_FAKE_Face_only_data\shortened\dvfymgsmmd.mp4,FAKE
D:\major project\dataset\face only\DFDC_REAL_Face_only_data\shortened\ylwljpzqhq.mp4,REAL
D:\major project\dataset\face only\DFDC_FAKE_Face_only_data\shortened\bsuhgbshgt.mp4,FAKE
D:\major project\dataset\face only\DFDC_FAKE_Face_only_data\shortened\bpurwdafcq.mp4,FAKE
D:\major project\dataset\face only\DFDC_REAL_Face_only_data\shortened\bgebgmkxyc.mp4,REAL
D:\major project\dataset\face only\DFDC_FAKE_Face_only_data\shortened\dqggmbpnwj.mp4,FAKE
D:\major project\dataset\face only\DFDC_FAKE_Face_only_data\shortened\duvihajlvv.mp4,FAKE
D:\major project\dataset\face only\DFDC_FAKE_Face_only_data\shortened\chwfrnpqbp.mp4,FAKE
D:\major project\dataset\face only\DFDC_REAL_Face_only_data\shortened\hsirdisoaf.mp4,REAL
D:\major project\dataset\face only\DFDC_REAL_Face_only_data\shortened\krgtejyztc.mp4,REAL
D:\major project\dataset\face only\DFDC_FAKE_Face_only_data\shortened\axcasmwtjb.mp4,FAKE
D:\major project\dataset\face only\DFDC_FAKE_Face_only_data\shortened\bswrobxrrf.mp4,FAKE
D:\major project\dataset\face only\DFDC_REAL_Face_only_data\shortened\qrnmvmbqxo.mp4,REAL
D:\major project\dataset\face only\DFDC_REAL_Face_only_data\shortened\uofwyzsldm.mp4,REAL
D:\major project\dataset\face only\DFDC_FAKE_Face_only_data\shortened\cqjpvlbjiy.mp4,FAKE
D:\major project\dataset\face only\DFDC_FAKE_Face_only_data\shortened\cpxdooypve.mp4,FAKE
D:\major project\dataset\face only\DFDC_REAL_Face_only_data\shortened\vuihguvkdd.mp4,REAL
D:\major project\dataset\face only\DFDC_REAL_Face_only_data\shortened\awqlgqazkz.mp4,REAL
D:\major project\dataset\face only\DFDC_REAL_Face_only_data\shortened\papoalwbmv.mp4,REAL
D:\major project\dataset\face only\DFDC_FAKE_Face_only_data\shortened\djprkltmkl.mp4,FAKE
D:\major project\dataset\face only\DFDC_REAL_Face_only_data\shortened\drjkkdbcvc.mp4,REAL
D:\major project\dataset\face only\DFDC_FAKE_Face_only_data\shortened\atmhcvvjfs.mp4,FAKE
D:\major project\dataset\face only\DFDC_FAKE_Face_only_data\shortened\czybtgfjtm.mp4,FAKE
D:\major project\dataset\face only\DFDC_FAKE_Face_only_data\shortened\doksubaxju.mp4,FAKE
D:\major project\dataset\face only\DFDC_REAL_Face_only_data\shortened\jvkjkrdeok.mp4,REAL
D:\major project\dataset\face only\DFDC_REAL_Face_only_data\shortened\qwbpqfsdwy.mp4,REAL
D:\major project\dataset\face only\DFDC_REAL_Face_only_data\shortened\bjpnibwoid.mp4,REAL
D:\major project\dataset\face only\DFDC_REAL_Face_only_data\shortened\ytoqfjghfw.mp4,REAL
D:\major project\dataset\face only\DFDC_FAKE_Face_only_data\shortened\bjkdnhyjoj.mp4,FAKE
D:\major project\dataset\face only\DFDC_FAKE_Face_only_data\shortened\brlfypwhcj.mp4,FAKE
D:\major project\dataset\face only\DFDC_FAKE_Face_only_data\shortened\bhzhtdtuvz.mp4,FAKE
D:\major project\dataset\face only\DFDC_FAKE_Face_only_data\shortened\bdqrsasbda.mp4,FAKE
D:\major project\dataset\face only\DFDC_FAKE_Face_only_data\shortened\btmstjvczd.mp4,FAKE
D:\major project\dataset\face only\DFDC_FAKE_Face_only_data\shortened\anukptetbd.mp4,FAKE
D:\major project\dataset\face only\DFDC_REAL_Face_only_data\shortened\fnlqhlbltj.mp4,REAL
D:\major project\dataset\face only\DFDC_FAKE_Face_only_data\shortened\agilfnldve.mp4,FAKE
D:\major project\dataset\face only\DFDC_REAL_Face_only_data\shortened\ykofirxynw.mp4,REAL
D:\major project\dataset\face only\DFDC_FAKE_Face_only_data\shortened\cfybijtodh.mp4,FAKE
D:\major project\dataset\face only\DFDC_FAKE_Face_only_data\shortened\duleldhtno.mp4,FAKE
D:\major project\dataset\face only\DFDC_FAKE_Face_only_data\shortened\blhgbioprk.mp4,FAKE
D:\major project\dataset\face only\DFDC_REAL_Face_only_data\shortened\mivamcdkfj.mp4,REAL
D:\major project\dataset\face only\DFDC_REAL_Face_only_data\shortened\tfbvbyliwh.mp4,REAL
D:\major project\dataset\face only\DFDC_FAKE_Face_only_data\shortened\acjjzzvzvg.mp4,FAKE
D:\major project\dataset\face only\DFDC_FAKE_Face_only_data\shortened\dwlgovxgwq.mp4,FAKE
D:\major project\dataset\face only\DFDC_REAL_Face_only_data\shortened\echurwqdgu.mp4,REAL
D:\major project\dataset\face only\DFDC_FAKE_Face_only_data\shortened\aolttdkcxv.mp4,FAKE
D:\major project\dataset\face only\DFDC_REAL_Face_only_data\shortened\kxtlzlwfsa.mp4,REAL
D:\major project\dataset\face only\DFDC_REAL_Face_only_data\shortened\axulmlkufx.mp4,REAL
D:\major project\dataset\face only\DFDC_REAL_Face_only_data\shortened\bcajvxttuv.mp4,REAL
D:\major project\dataset\face only\DFDC_REAL_Face_only_data\shortened\crzvmqszan.mp4,REAL
D:\major project\dataset\face only\DFDC_FAKE_Face_only_data\shortened\carukmrjjo.mp4,FAKE
D:\major project\dataset\face only\DFDC_REAL_Face_only_data\shortened\pvrncpaovg.mp4,REAL
D:\major project\dataset\face only\DFDC_FAKE_Face_only_data\shortened\bhbkalayvx.mp4,FAKE
D:\major project\dataset\face only\DFDC_FAKE_Face_only_data\shortened\ckuvjbzeja.mp4,FAKE
D:\major project\dataset\face only\DFDC_REAL_Face_only_data\shortened\joxiekwyhw.mp4,REAL
D:\major project\dataset\face only\DFDC_FAKE_Face_only_data\shortened\dhpbcfmalj.mp4,FAKE
D:\major project\dataset\face only\DFDC_FAKE_Face_only_data\shortened\cxmublbrkr.mp4,FAKE
D:\major project\dataset\face only\DFDC_FAKE_Face_only_data\shortened\cfpmeadviw.mp4,FAKE
D:\major project\dataset\face only\DFDC_FAKE_Face_only_data\shortened\akjkqsvfzl.mp4,FAKE
D:\major project\dataset\face only\DFDC_FAKE_Face_only_data\shortened\atcnenknyb.mp4,FAKE
D:\major project\dataset\face only\DFDC_FAKE_Face_only_data\shortened\dfgwglcyiz.mp4,FAKE
D:\major project\dataset\face only\DFDC_FAKE_Face_only_data\shortened\bgeeccvcjv.mp4,FAKE
D:\major project\dataset\face only\DFDC_FAKE_Face_only_data\shortened\dggybitydu.mp4,FAKE
D:\major project\dataset\face only\DFDC_FAKE_Face_only_data\shortened\cmhmrfjfna.mp4,FAKE
D:\major project\dataset\face only\DFDC_FAKE_Face_only_data\shortened\boydzhuebj.mp4,FAKE
D:\major project\dataset\face only\DFDC_FAKE_Face_only_data\shortened\bkbupkvksa.mp4,FAKE
D:\major project\dataset\face only\DFDC_FAKE_Face_only_data\shortened\anwbliivax.mp4,FAKE
D:\major project\dataset\face only\DFDC_FAKE_Face_only_data\shortened\ahwhvnfqhj.mp4,FAKE
D:\major project\dataset\face only\DFDC_REAL_Face_only_data\shortened\owaxsjkxxe.mp4,REAL
D:\major project\dataset\face only\DFDC_FAKE_Face_only_data\shortened\bwcajtxluy.mp4,FAKE
D:\major project\dataset\face only\DFDC_FAKE_Face_only_data\shortened\cuwoemoaai.mp4,FAKE
D:\major project\dataset\face only\DFDC_FAKE_Face_only_data\shortened\awldflynbc.mp4,FAKE
D:\major project\dataset\face only\DFDC_FAKE_Face_only_data\shortened\auyzbzzqpt.mp4,FAKE
D:\major project\dataset\face only\DFDC_REAL_Face_only_data\shortened\qtudktftrc.mp4,REAL
D:\major project\dataset\face only\DFDC_FAKE_Face_only_data\shortened\awkzxzryod.mp4,FAKE
D:\major project\dataset\face only\DFDC_FAKE_Face_only_data\shortened\cchjntpryf.mp4,FAKE
D:\major project\dataset\face only\DFDC_REAL_Face_only_data\shortened\uxhmnhoege.mp4,REAL
D:\major project\dataset\face only\DFDC_REAL_Face_only_data\shortened\nqtlzuwvqt.mp4,REAL
D:\major project\dataset\face only\DFDC_FAKE_Face_only_data\shortened\bsxznrgkpz.mp4,FAKE
D:\major project\dataset\face only\DFDC_REAL_Face_only_data\shortened\rfahyynkuf.mp4,REAL
D:\major project\dataset\face only\DFDC_FAKE_Face_only_data\shortened\aspymrzpyt.mp4,FAKE
D:\major project\dataset\face only\DFDC_FAKE_Face_only_data\shortened\dffscprcuu.mp4,FAKE
D:\major project\dataset\face only\DFDC_FAKE_Face_only_data\shortened\bwaesrrdhr.mp4,FAKE
D:\major project\dataset\face only\DFDC_FAKE_Face_only_data\shortened\eawwblntbt.mp4,FAKE
D:\major project\dataset\face only\DFDC_REAL_Face_only_data\shortened\bhgjhzlage.mp4,REAL
D:\major project\dataset\face only\DFDC_FAKE_Face_only_data\shortened\bpuzvrjihz.mp4,FAKE
D:\major project\dataset\face only\DFDC_FAKE_Face_only_data\shortened\apnaakewce.mp4,FAKE
D:\major project\dataset\face only\DFDC_FAKE_Face_only_data\shortened\bnivhzpecz.mp4,FAKE
D:\major project\dataset\face only\DFDC_FAKE_Face_only_data\shortened\bednaxvzbt.mp4,FAKE
D:\major project\dataset\face only\DFDC_FAKE_Face_only_data\shortened\bghgqeswsj.mp4,FAKE
D:\major project\dataset\face only\DFDC_REAL_Face_only_data\shortened\hwlizlhzjj.mp4,REAL
D:\major project\dataset\face only\DFDC_FAKE_Face_only_data\shortened\dbdlybcefl.mp4,FAKE
D:\major project\dataset\face only\DFDC_FAKE_Face_only_data\shortened\adfteyuomy.mp4,FAKE
D:\major project\dataset\face only\DFDC_REAL_Face_only_data\shortened\nojgizgrbw.mp4,REAL
D:\major project\dataset\face only\DFDC_FAKE_Face_only_data\shortened\bevijjvici.mp4,FAKE
D:\major project\dataset\face only\DFDC_FAKE_Face_only_data\shortened\eegenfikbt.mp4,FAKE
D:\major project\dataset\face only\DFDC_FAKE_Face_only_data\shortened\bjwvvwewcc.mp4,FAKE
D:\major project\dataset\face only\DFDC_FAKE_Face_only_data\shortened\cyvxriituc.mp4,FAKE
D:\major project\dataset\face only\DFDC_REAL_Face_only_data\shortened\akcijmdkaq.mp4,REAL
D:\major project\dataset\face only\DFDC_FAKE_Face_only_data\shortened\dpihmcmpfq.mp4,FAKE
D:\major project\dataset\face only\DFDC_FAKE_Face_only_data\shortened\dmddxqzfgv.mp4,FAKE
D:\major project\dataset\face only\DFDC_FAKE_Face_only_data\shortened\amgcrtdght.mp4,FAKE
D:\major project\dataset\face only\DFDC_FAKE_Face_only_data\shortened\cwldadomaz.mp4,FAKE
D:\major project\dataset\face only\DFDC_FAKE_Face_only_data\shortened\bysromjvhc.mp4,FAKE
D:\major project\dataset\face only\DFDC_FAKE_Face_only_data\shortened\bcisypwgtf.mp4,FAKE
D:\major project\dataset\face only\DFDC_REAL_Face_only_data\shortened\uwgcitwggp.mp4,REAL
D:\major project\dataset\face only\DFDC_FAKE_Face_only_data\shortened\cgrpueglup.mp4,FAKE
D:\major project\dataset\face only\DFDC_REAL_Face_only_data\shortened\qmwqnrhhyl.mp4,REAL
D:\major project\dataset\face only\DFDC_REAL_Face_only_data\shortened\nanyjxjvlq.mp4,REAL
D:\major project\dataset\face only\DFDC_FAKE_Face_only_data\shortened\aptqllaawb.mp4,FAKE
D:\major project\dataset\face only\DFDC_REAL_Face_only_data\shortened\eaigdemyfo.mp4,REAL
D:\major project\dataset\face only\DFDC_FAKE_Face_only_data\shortened\crbxbmyldj.mp4,FAKE
D:\major project\dataset\face only\DFDC_REAL_Face_only_data\shortened\aymwgrmlbt.mp4,REAL
D:\major project\dataset\face only\DFDC_REAL_Face_only_data\shortened\gwypcwesyg.mp4,REAL
D:\major project\dataset\face only\DFDC_REAL_Face_only_data\shortened\edggkddtuv.mp4,REAL
D:\major project\dataset\face only\DFDC_FAKE_Face_only_data\shortened\bseaalaspv.mp4,FAKE
D:\major project\dataset\face only\DFDC_FAKE_Face_only_data\shortened\cmqryxvrjs.mp4,FAKE
D:\major project\dataset\face only\DFDC_FAKE_Face_only_data\shortened\agdqwwrorz.mp4,FAKE
D:\major project\dataset\face only\DFDC_FAKE_Face_only_data\shortened\bhhyypufqy.mp4,FAKE
D:\major project\dataset\face only\DFDC_FAKE_Face_only_data\shortened\ctvgzogjqz.mp4,FAKE
D:\major project\dataset\face only\DFDC_REAL_Face_only_data\shortened\ygyhurweua.mp4,REAL
D:\major project\dataset\face only\DFDC_FAKE_Face_only_data\shortened\aeuxknmacb.mp4,FAKE
D:\major project\dataset\face only\DFDC_FAKE_Face_only_data\shortened\eaweencjhp.mp4,FAKE
D:\major project\dataset\face only\DFDC_FAKE_Face_only_data\shortened\cwdkfjctcp.mp4,FAKE
D:\major project\dataset\face only\DFDC_FAKE_Face_only_data\shortened\dhfxzbuooo.mp4,FAKE
D:\major project\dataset\face only\DFDC_FAKE_Face_only_data\shortened\dwoiiugjic.mp4,FAKE
D:\major project\dataset\face only\DFDC_REAL_Face_only_data\shortened\elxelcwfkc.mp4,REAL
D:\major project\dataset\face only\DFDC_REAL_Face_only_data\shortened\gwpgbowzye.mp4,REAL
D:\major project\dataset\face only\DFDC_FAKE_Face_only_data\shortened\alcueoqbnp.mp4,FAKE
D:\major project\dataset\face only\DFDC_FAKE_Face_only_data\shortened\dwlyuilqwp.mp4,FAKE
D:\major project\dataset\face only\DFDC_FAKE_Face_only_data\shortened\cxybpbtpih.mp4,FAKE
D:\major project\dataset\face only\DFDC_FAKE_Face_only_data\shortened\aopgandqma.mp4,FAKE
D:\major project\dataset\face only\DFDC_REAL_Face_only_data\shortened\vlpmiheura.mp4,REAL
D:\major project\dataset\face only\DFDC_FAKE_Face_only_data\shortened\alxpnosgtc.mp4,FAKE
D:\major project\dataset\face only\DFDC_FAKE_Face_only_data\shortened\dontjoarqe.mp4,FAKE
D:\major project\dataset\face only\DFDC_FAKE_Face_only_data\shortened\ayqvfldwuf.mp4,FAKE
D:\major project\dataset\face only\DFDC_FAKE_Face_only_data\shortened\blswnkmgtn.mp4,FAKE
D:\major project\dataset\face only\DFDC_REAL_Face_only_data\shortened\bcpsomlspv.mp4,REAL
D:\major project\dataset\face only\DFDC_REAL_Face_only_data\shortened\klmaeumvul.mp4,REAL
D:\major project\dataset\face only\DFDC_FAKE_Face_only_data\shortened\abdxzlhagb.mp4,FAKE
D:\major project\dataset\face only\DFDC_FAKE_Face_only_data\shortened\abjvfvhtnp.mp4,FAKE
D:\major project\dataset\face only\DFDC_REAL_Face_only_data\shortened\znsntylmoo.mp4,REAL
D:\major project\dataset\face only\DFDC_FAKE_Face_only_data\shortened\dwceebuwka.mp4,FAKE
D:\major project\dataset\face only\DFDC_FAKE_Face_only_data\shortened\dibgdfklfh.mp4,FAKE
D:\major project\dataset\face only\DFDC_FAKE_Face_only_data\shortened\cjzarnrphr.mp4,FAKE
D:\major project\dataset\face only\DFDC_FAKE_Face_only_data\shortened\agbfymrrhv.mp4,FAKE
D:\major project\dataset\face only\DFDC_FAKE_Face_only_data\shortened\dnfeattxrj.mp4,FAKE
D:\major project\dataset\face only\DFDC_FAKE_Face_only_data\shortened\dnhtodemdj.mp4,FAKE
D:\major project\dataset\face only\DFDC_FAKE_Face_only_data\shortened\ahwduszjzf.mp4,FAKE
D:\major project\dataset\face only\DFDC_FAKE_Face_only_data\shortened\civzmohmef.mp4,FAKE
D:\major project\dataset\face only\DFDC_FAKE_Face_only_data\shortened\cidzkctwby.mp4,FAKE
D:\major project\dataset\face only\DFDC_FAKE_Face_only_data\shortened\cboymxepfb.mp4,FAKE
D:\major project\dataset\face only\DFDC_FAKE_Face_only_data\shortened\bcvzgovntj.mp4,FAKE
D:\major project\dataset\face only\DFDC_FAKE_Face_only_data\shortened\dvecbxagzd.mp4,FAKE
D:\major project\dataset\face only\DFDC_REAL_Face_only_data\shortened\krxbkladav.mp4,REAL
D:\major project\dataset\face only\DFDC_FAKE_Face_only_data\shortened\adpobgciet.mp4,FAKE
D:\major project\dataset\face only\DFDC_FAKE_Face_only_data\shortened\dgheawmllp.mp4,FAKE
D:\major project\dataset\face only\DFDC_REAL_Face_only_data\shortened\lurwdsohbu.mp4,REAL
D:\major project\dataset\face only\DFDC_REAL_Face_only_data\shortened\saormighvs.mp4,REAL
D:\major project\dataset\face only\DFDC_FAKE_Face_only_data\shortened\awgsrlznew.mp4,FAKE
D:\major project\dataset\face only\DFDC_REAL_Face_only_data\shortened\ugskjblnmu.mp4,REAL
D:\major project\dataset\face only\DFDC_REAL_Face_only_data\shortened\ibkgonjbjz.mp4,REAL
D:\major project\dataset\face only\DFDC_FAKE_Face_only_data\shortened\bhsmpxgdia.mp4,FAKE
D:\major project\dataset\face only\DFDC_FAKE_Face_only_data\shortened\dpzqzfnzrs.mp4,FAKE
D:\major project\dataset\face only\DFDC_FAKE_Face_only_data\shortened\eelaraased.mp4,FAKE
D:\major project\dataset\face only\DFDC_FAKE_Face_only_data\shortened\arudlrbjsm.mp4,FAKE
D:\major project\dataset\face only\DFDC_FAKE_Face_only_data\shortened\cejgpvadjj.mp4,FAKE
D:\major project\dataset\face only\DFDC_FAKE_Face_only_data\shortened\bmcpsjkjqv.mp4,FAKE
D:\major project\dataset\face only\DFDC_REAL_Face_only_data\shortened\nmkvlryswx.mp4,REAL
D:\major project\dataset\face only\DFDC_FAKE_Face_only_data\shortened\dhjreaoqpt.mp4,FAKE
D:\major project\dataset\face only\DFDC_REAL_Face_only_data\shortened\ygqzmkxuru.mp4,REAL
D:\major project\dataset\face only\DFDC_FAKE_Face_only_data\shortened\atomsspjbl.mp4,FAKE
D:\major project\dataset\face only\DFDC_REAL_Face_only_data\shortened\hplemlikjw.mp4,REAL
D:\major project\dataset\face only\DFDC_FAKE_Face_only_data\shortened\bckuzhtwyt.mp4,FAKE
D:\major project\dataset\face only\DFDC_REAL_Face_only_data\shortened\odeuhkybmj.mp4,REAL
D:\major project\dataset\face only\DFDC_FAKE_Face_only_data\shortened\aixkdvqcem.mp4,FAKE
D:\major project\dataset\face only\DFDC_FAKE_Face_only_data\shortened\bflarmyzne.mp4,FAKE
D:\major project\dataset\face only\DFDC_FAKE_Face_only_data\shortened\bxfxykencc.mp4,FAKE
D:\major project\dataset\face only\DFDC_FAKE_Face_only_data\shortened\davcjqoiiy.mp4,FAKE
D:\major project\dataset\face only\DFDC_FAKE_Face_only_data\shortened\bffavsfxqi.mp4,FAKE
D:\major project\dataset\face only\DFDC_REAL_Face_only_data\shortened\btovwozcsm.mp4,REAL
D:\major project\dataset\face only\DFDC_FAKE_Face_only_data\shortened\dntvoisebj.mp4,FAKE
D:\major project\dataset\face only\DFDC_REAL_Face_only_data\shortened\beuzicnshd.mp4,REAL
D:\major project\dataset\face only\DFDC_REAL_Face_only_data\shortened\kqzorxfcim.mp4,REAL
D:\major project\dataset\face only\DFDC_FAKE_Face_only_data\shortened\cuaqzwwuzw.mp4,FAKE
D:\major project\dataset\face only\DFDC_REAL_Face_only_data\shortened\hhqcircgmf.mp4,REAL
D:\major project\dataset\face only\DFDC_REAL_Face_only_data\shortened\buesukpgjd.mp4,REAL
D:\major project\dataset\face only\DFDC_FAKE_Face_only_data\shortened\aiwvljvnzz.mp4,FAKE
D:\major project\dataset\face only\DFDC_REAL_Face_only_data\shortened\vwlhtziexs.mp4,REAL
D:\major project\dataset\face only\DFDC_REAL_Face_only_data\shortened\fhhpgvcqoh.mp4,REAL
D:\major project\dataset\face only\DFDC_FAKE_Face_only_data\shortened\blpboxhdvz.mp4,FAKE
D:\major project\dataset\face only\DFDC_FAKE_Face_only_data\shortened\cruebsmlgr.mp4,FAKE
D:\major project\dataset\face only\DFDC_REAL_Face_only_data\shortened\qzjpcshjjr.mp4,REAL
D:\major project\dataset\face only\DFDC_REAL_Face_only_data\shortened\frvciqvzsc.mp4,REAL
D:\major project\dataset\face only\DFDC_REAL_Face_only_data\shortened\xekyvykhqr.mp4,REAL
D:\major project\dataset\face only\DFDC_REAL_Face_only_data\shortened\uisuxausdz.mp4,REAL
D:\major project\dataset\face only\DFDC_FAKE_Face_only_data\shortened\bqxafndwgr.mp4,FAKE
D:\major project\dataset\face only\DFDC_FAKE_Face_only_data\shortened\bjxmsrkhyf.mp4,FAKE
D:\major project\dataset\face only\DFDC_REAL_Face_only_data\shortened\cawpdvymcp.mp4,REAL
D:\major project\dataset\face only\DFDC_FAKE_Face_only_data\shortened\bldglrgkgy.mp4,FAKE
D:\major project\dataset\face only\DFDC_FAKE_Face_only_data\shortened\awmatnckri.mp4,FAKE
D:\major project\dataset\face only\DFDC_REAL_Face_only_data\shortened\umrvsrftms.mp4,REAL
D:\major project\dataset\face only\DFDC_REAL_Face_only_data\shortened\tectojecvs.mp4,REAL
D:\major project\dataset\face only\DFDC_FAKE_Face_only_data\shortened\dpaxfhgmyr.mp4,FAKE
D:\major project\dataset\face only\DFDC_REAL_Face_only_data\shortened\rfakffjumr.mp4,REAL
D:\major project\dataset\face only\DFDC_FAKE_Face_only_data\shortened\aolvemvlnz.mp4,FAKE
D:\major project\dataset\face only\DFDC_FAKE_Face_only_data\shortened\cpwmxjfltv.mp4,FAKE
D:\major project\dataset\face only\DFDC_FAKE_Face_only_data\shortened\dutksjiaxm.mp4,FAKE
D:\major project\dataset\face only\DFDC_FAKE_Face_only_data\shortened\cwlwyjtxnc.mp4,FAKE
D:\major project\dataset\face only\DFDC_FAKE_Face_only_data\shortened\dvbohsuknn.mp4,FAKE
D:\major project\dataset\face only\DFDC_REAL_Face_only_data\shortened\imlfgbdpuj.mp4,REAL
D:\major project\dataset\face only\DFDC_FAKE_Face_only_data\shortened\cbmhbmwxgc.mp4,FAKE
D:\major project\dataset\face only\DFDC_FAKE_Face_only_data\shortened\dpojtssjpq.mp4,FAKE
D:\major project\dataset\face only\DFDC_REAL_Face_only_data\shortened\kpfiadskoi.mp4,REAL
D:\major project\dataset\face only\DFDC_FAKE_Face_only_data\shortened\bdkihilpyw.mp4,FAKE
D:\major project\dataset\face only\DFDC_REAL_Face_only_data\shortened\sqtqgpbsov.mp4,REAL
D:\major project\dataset\face only\DFDC_FAKE_Face_only_data\shortened\bjxxsvwlzm.mp4,FAKE
D:\major project\dataset\face only\DFDC_REAL_Face_only_data\shortened\lcdrsvfquk.mp4,REAL
D:\major project\dataset\face only\DFDC_FAKE_Face_only_data\shortened\dhspjmstbw.mp4,FAKE
D:\major project\dataset\face only\DFDC_REAL_Face_only_data\shortened\gchvouptky.mp4,REAL
D:\major project\dataset\face only\DFDC_FAKE_Face_only_data\shortened\abhqmggsqu.mp4,FAKE
D:\major project\dataset\face only\DFDC_REAL_Face_only_data\shortened\lrknyidgjx.mp4,REAL
D:\major project\dataset\face only\DFDC_REAL_Face_only_data\shortened\ptbtuynmhm.mp4,REAL
D:\major project\dataset\face only\DFDC_FAKE_Face_only_data\shortened\blnvojesru.mp4,FAKE
D:\major project\dataset\face only\DFDC_FAKE_Face_only_data\shortened\csonnyogpm.mp4,FAKE
D:\major project\dataset\face only\DFDC_FAKE_Face_only_data\shortened\cnlypryluk.mp4,FAKE
D:\major project\dataset\face only\DFDC_FAKE_Face_only_data\shortened\cwzdoxtpms.mp4,FAKE
D:\major project\dataset\face only\DFDC_REAL_Face_only_data\shortened\qlmadkjjdp.mp4,REAL
D:\major project\dataset\face only\DFDC_FAKE_Face_only_data\shortened\biamfehslm.mp4,FAKE
D:\major project\dataset\face only\DFDC_FAKE_Face_only_data\shortened\bacbsuewui.mp4,FAKE
D:\major project\dataset\face only\DFDC_REAL_Face_only_data\shortened\izkvecvmid.mp4,REAL
D:\major project\dataset\face only\DFDC_FAKE_Face_only_data\shortened\ccmfdjqzil.mp4,FAKE
D:\major project\dataset\face only\DFDC_REAL_Face_only_data\shortened\umtqdtidfm.mp4,REAL
D:\major project\dataset\face only\DFDC_FAKE_Face_only_data\shortened\celvdajmek.mp4,FAKE
D:\major project\dataset\face only\DFDC_REAL_Face_only_data\shortened\fxpjhpdfzd.mp4,REAL
D:\major project\dataset\face only\DFDC_FAKE_Face_only_data\shortened\aqogxmeouy.mp4,FAKE
D:\major project\dataset\face only\DFDC_REAL_Face_only_data\shortened\awjizuuwtg.mp4,REAL
D:\major project\dataset\face only\DFDC_FAKE_Face_only_data\shortened\dgpzwfwrst.mp4,FAKE
D:\major project\dataset\face only\DFDC_FAKE_Face_only_data\shortened\asjcdsuxqc.mp4,FAKE
D:\major project\dataset\face only\DFDC_FAKE_Face_only_data\shortened\bmjjhpgnra.mp4,FAKE
D:\major project\dataset\face only\DFDC_FAKE_Face_only_data\shortened\aomilychlk.mp4,FAKE
D:\major project\dataset\face only\DFDC_REAL_Face_only_data\shortened\entdyegoud.mp4,REAL
D:\major project\dataset\face only\DFDC_FAKE_Face_only_data\shortened\dlealirddu.mp4,FAKE
D:\major project\dataset\face only\DFDC_FAKE_Face_only_data\shortened\bqbazvieah.mp4,FAKE
D:\major project\dataset\face only\DFDC_FAKE_Face_only_data\shortened\dkmymeoyyy.mp4,FAKE
D:\major project\dataset\face only\DFDC_FAKE_Face_only_data\shortened\djaxftnzkp.mp4,FAKE
D:\major project\dataset\face only\DFDC_FAKE_Face_only_data\shortened\dulerniows.mp4,FAKE
D:\major project\dataset\face only\DFDC_FAKE_Face_only_data\shortened\dyitupcvjm.mp4,FAKE
D:\major project\dataset\face only\DFDC_FAKE_Face_only_data\shortened\dtvzkziood.mp4,FAKE
D:\major project\dataset\face only\DFDC_FAKE_Face_only_data\shortened\bisoehzztd.mp4,FAKE
D:\major project\dataset\face only\DFDC_FAKE_Face_only_data\shortened\bbbqniokoa.mp4,FAKE
D:\major project\dataset\face only\DFDC_REAL_Face_only_data\shortened\kevklcbpvi.mp4,REAL
D:\major project\dataset\face only\DFDC_REAL_Face_only_data\shortened\zwhyceyddh.mp4,REAL
D:\major project\dataset\face only\DFDC_FAKE_Face_only_data\shortened\buqdzgvzwx.mp4,FAKE
D:\major project\dataset\face only\DFDC_FAKE_Face_only_data\shortened\bjylmnvggi.mp4,FAKE
D:\major project\dataset\face only\DFDC_FAKE_Face_only_data\shortened\dqxojjjwdp.mp4,FAKE
D:\major project\dataset\face only\DFDC_REAL_Face_only_data\shortened\beueokqiuo.mp4,REAL
D:\major project\dataset\face only\DFDC_FAKE_Face_only_data\shortened\djlpswbquk.mp4,FAKE
D:\major project\dataset\face only\DFDC_FAKE_Face_only_data\shortened\bnywsgghdq.mp4,FAKE
D:\major project\dataset\face only\DFDC_REAL_Face_only_data\shortened\ckoletpkpg.mp4,REAL
D:\major project\dataset\face only\DFDC_FAKE_Face_only_data\shortened\dzpftjovem.mp4,FAKE
D:\major project\dataset\face only\DFDC_FAKE_Face_only_data\shortened\chbnpgnnzu.mp4,FAKE
D:\major project\dataset\face only\DFDC_REAL_Face_only_data\shortened\wzrocvfzql.mp4,REAL
D:\major project\dataset\face only\DFDC_REAL_Face_only_data\shortened\nnrndpakpn.mp4,REAL
D:\major project\dataset\face only\DFDC_FAKE_Face_only_data\shortened\atskafotrj.mp4,FAKE
D:\major project\dataset\face only\DFDC_FAKE_Face_only_data\shortened\choesqfxfo.mp4,FAKE
D:\major project\dataset\face only\DFDC_FAKE_Face_only_data\shortened\ayxuxnxwxa.mp4,FAKE
D:\major project\dataset\face only\DFDC_REAL_Face_only_data\shortened\fneatzvrsv.mp4,REAL
D:\major project\dataset\face only\DFDC_REAL_Face_only_data\shortened\pilaglcgpu.mp4,REAL
D:\major project\dataset\face only\DFDC_FAKE_Face_only_data\shortened\azerbqkngz.mp4,FAKE
D:\major project\dataset\face only\DFDC_FAKE_Face_only_data\shortened\csnzuyltso.mp4,FAKE
D:\major project\dataset\face only\DFDC_FAKE_Face_only_data\shortened\dokwdsjpky.mp4,FAKE
D:\major project\dataset\face only\DFDC_FAKE_Face_only_data\shortened\bvaujcjgih.mp4,FAKE
D:\major project\dataset\face only\DFDC_FAKE_Face_only_data\shortened\dnrewgaafp.mp4,FAKE
D:\major project\dataset\face only\DFDC_FAKE_Face_only_data\shortened\ajafdvgcyj.mp4,FAKE
D:\major project\dataset\face only\DFDC_FAKE_Face_only_data\shortened\azxcqazqbs.mp4,FAKE
D:\major project\dataset\face only\DFDC_FAKE_Face_only_data\shortened\caolfufjvz.mp4,FAKE
D:\major project\dataset\face only\DFDC_FAKE_Face_only_data\shortened\bqzsitzzze.mp4,FAKE
D:\major project\dataset\face only\DFDC_REAL_Face_only_data\shortened\ruhrdhrxud.mp4,REAL
D:\major project\dataset\face only\DFDC_FAKE_Face_only_data\shortened\bwxsttjaxr.mp4,FAKE
D:\major project\dataset\face only\DFDC_REAL_Face_only_data\shortened\mzhigmfuby.mp4,REAL
D:\major project\dataset\face only\DFDC_FAKE_Face_only_data\shortened\bynghiuoeh.mp4,FAKE
D:\major project\dataset\face only\DFDC_FAKE_Face_only_data\shortened\ccverippkg.mp4,FAKE
D:\major project\dataset\face only\DFDC_FAKE_Face_only_data\shortened\addkktdymg.mp4,FAKE
D:\major project\dataset\face only\DFDC_FAKE_Face_only_data\shortened\dwjmwxgqtg.mp4,FAKE
D:\major project\dataset\face only\DFDC_REAL_Face_only_data\shortened\fkisosebej.mp4,REAL
D:\major project\dataset\face only\DFDC_FAKE_Face_only_data\shortened\cumwqtxgvl.mp4,FAKE
D:\major project\dataset\face only\DFDC_FAKE_Face_only_data\shortened\ddmyqzmsuy.mp4,FAKE
D:\major project\dataset\face only\DFDC_REAL_Face_only_data\shortened\oeibgzoqus.mp4,REAL
D:\major project\dataset\face only\DFDC_FAKE_Face_only_data\shortened\djbfwqsvsb.mp4,FAKE
D:\major project\dataset\face only\DFDC_FAKE_Face_only_data\shortened\cpzyxoqgnd.mp4,FAKE
D:\major project\dataset\face only\DFDC_FAKE_Face_only_data\shortened\atlqijvnzs.mp4,FAKE
D:\major project\dataset\face only\DFDC_FAKE_Face_only_data\shortened\bujwlvyzkr.mp4,FAKE
D:\major project\dataset\face only\DFDC_REAL_Face_only_data\shortened\pmciczkrmq.mp4,REAL
D:\major project\dataset\face only\DFDC_REAL_Face_only_data\shortened\nfccydyhxu.mp4,REAL
D:\major project\dataset\face only\DFDC_FAKE_Face_only_data\shortened\dlqqieidqo.mp4,FAKE
D:\major project\dataset\face only\DFDC_FAKE_Face_only_data\shortened\arzxjcyupl.mp4,FAKE
D:\major project\dataset\face only\DFDC_FAKE_Face_only_data\shortened\beeelfonyn.mp4,FAKE
D:\major project\dataset\face only\DFDC_REAL_Face_only_data\shortened\nxipnkaszw.mp4,REAL
D:\major project\dataset\face only\DFDC_FAKE_Face_only_data\shortened\amvhbsiwou.mp4,FAKE
D:\major project\dataset\face only\DFDC_REAL_Face_only_data\shortened\usqwjtjrjg.mp4,REAL
D:\major project\dataset\face only\DFDC_REAL_Face_only_data\shortened\gvlvrhgndw.mp4,REAL
D:\major project\dataset\face only\DFDC_FAKE_Face_only_data\shortened\afvefokzbu.mp4,FAKE
D:\major project\dataset\face only\DFDC_FAKE_Face_only_data\shortened\bftgduqoct.mp4,FAKE
D:\major project\dataset\face only\DFDC_REAL_Face_only_data\shortened\ldjtsczhoc.mp4,REAL
D:\major project\dataset\face only\DFDC_FAKE_Face_only_data\shortened\dhkdlpxcbg.mp4,FAKE
D:\major project\dataset\face only\DFDC_FAKE_Face_only_data\shortened\aykbmlifdu.mp4,FAKE
D:\major project\dataset\face only\DFDC_FAKE_Face_only_data\shortened\ctwvhdkmkx.mp4,FAKE
D:\major project\dataset\face only\DFDC_FAKE_Face_only_data\shortened\dfzupullbn.mp4,FAKE
D:\major project\dataset\face only\DFDC_FAKE_Face_only_data\shortened\dirppabgwa.mp4,FAKE
D:\major project\dataset\face only\DFDC_REAL_Face_only_data\shortened\mzobgqyihz.mp4,REAL
D:\major project\dataset\face only\DFDC_FAKE_Face_only_data\shortened\aezvgaqjpf.mp4,FAKE
D:\major project\dataset\face only\DFDC_REAL_Face_only_data\shortened\dardkjawbf.mp4,REAL
D:\major project\dataset\face only\DFDC_REAL_Face_only_data\shortened\vgqnfhsxxs.mp4,REAL
D:\major project\dataset\face only\DFDC_REAL_Face_only_data\shortened\arzenjyyrm.mp4,REAL
D:\major project\dataset\face only\DFDC_REAL_Face_only_data\shortened\auqgkzaacb.mp4,REAL
D:\major project\dataset\face only\DFDC_FAKE_Face_only_data\shortened\bzwtxeifuu.mp4,FAKE
D:\major project\dataset\face only\DFDC_FAKE_Face_only_data\shortened\eedqpctook.mp4,FAKE
D:\major project\dataset\face only\DFDC_FAKE_Face_only_data\shortened\bucyxkdorm.mp4,FAKE
D:\major project\dataset\face only\DFDC_FAKE_Face_only_data\shortened\bpmqlfquqd.mp4,FAKE
D:\major project\dataset\face only\DFDC_FAKE_Face_only_data\shortened\efjwcpgxdh.mp4,FAKE
D:\major project\dataset\face only\DFDC_FAKE_Face_only_data\shortened\cbhfymetoq.mp4,FAKE
D:\major project\dataset\face only\DFDC_FAKE_Face_only_data\shortened\eezvdezfmk.mp4,FAKE
D:\major project\dataset\face only\DFDC_FAKE_Face_only_data\shortened\dnlckoyatl.mp4,FAKE
D:\major project\dataset\face only\DFDC_REAL_Face_only_data\shortened\ywvbdslsgu.mp4,REAL
D:\major project\dataset\face only\DFDC_FAKE_Face_only_data\shortened\aaprcuxsdb.mp4,FAKE
D:\major project\dataset\face only\DFDC_FAKE_Face_only_data\shortened\dpbobkmnup.mp4,FAKE
D:\major project\dataset\face only\DFDC_REAL_Face_only_data\shortened\qpadalellh.mp4,REAL
D:\major project\dataset\face only\DFDC_FAKE_Face_only_data\shortened\dlnfsqpfcd.mp4,FAKE
D:\major project\dataset\face only\DFDC_FAKE_Face_only_data\shortened\brrspejlrg.mp4,FAKE
D:\major project\dataset\face only\DFDC_FAKE_Face_only_data\shortened\bgrdfeoydq.mp4,FAKE
D:\major project\dataset\face only\DFDC_FAKE_Face_only_data\shortened\corsygyivy.mp4,FAKE
D:\major project\dataset\face only\DFDC_REAL_Face_only_data\shortened\fjctwymmnn.mp4,REAL
D:\major project\dataset\face only\DFDC_FAKE_Face_only_data\shortened\dknttybmxm.mp4,FAKE
D:\major project\dataset\face only\DFDC_FAKE_Face_only_data\shortened\ckxxswspou.mp4,FAKE
D:\major project\dataset\face only\DFDC_FAKE_Face_only_data\shortened\cphtzishek.mp4,FAKE
D:\major project\dataset\face only\DFDC_FAKE_Face_only_data\shortened\dqdkidemfy.mp4,FAKE
D:\major project\dataset\face only\DFDC_FAKE_Face_only_data\shortened\eempsqftgk.mp4,FAKE
D:\major project\dataset\face only\DFDC_FAKE_Face_only_data\shortened\ahssjssyen.mp4,FAKE
D:\major project\dataset\face only\DFDC_REAL_Face_only_data\shortened\wjkullbkff.mp4,REAL
D:\major project\dataset\face only\DFDC_FAKE_Face_only_data\shortened\cmchigmmtb.mp4,FAKE
D:\major project\dataset\face only\DFDC_FAKE_Face_only_data\shortened\bsmjyfctpp.mp4,FAKE
D:\major project\dataset\face only\DFDC_FAKE_Face_only_data\shortened\cotvlcroov.mp4,FAKE
D:\major project\dataset\face only\DFDC_FAKE_Face_only_data\shortened\avfvieoaih.mp4,FAKE
D:\major project\dataset\face only\DFDC_REAL_Face_only_data\shortened\vdmyzrdarn.mp4,REAL
D:\major project\dataset\face only\DFDC_FAKE_Face_only_data\shortened\dbcqrixpgh.mp4,FAKE
D:\major project\dataset\face only\DFDC_REAL_Face_only_data\shortened\enjaxrsqfw.mp4,REAL
D:\major project\dataset\face only\DFDC_REAL_Face_only_data\shortened\jncghwmmpf.mp4,REAL
D:\major project\dataset\face only\DFDC_REAL_Face_only_data\shortened\fizjrtkrbk.mp4,REAL
D:\major project\dataset\face only\DFDC_FAKE_Face_only_data\shortened\bmowylfixf.mp4,FAKE
D:\major project\dataset\face only\DFDC_REAL_Face_only_data\shortened\pxvjtyewfr.mp4,REAL
D:\major project\dataset\face only\DFDC_FAKE_Face_only_data\shortened\dgrfyyirxt.mp4,FAKE
D:\major project\dataset\face only\DFDC_FAKE_Face_only_data\shortened\ajowqizwjl.mp4,FAKE
D:\major project\dataset\face only\DFDC_REAL_Face_only_data\shortened\brwnebfnea.mp4,REAL
D:\major project\dataset\face only\DFDC_FAKE_Face_only_data\shortened\clggcywupp.mp4,FAKE
D:\major project\dataset\face only\DFDC_FAKE_Face_only_data\shortened\achofoxrpx.mp4,FAKE
D:\major project\dataset\face only\DFDC_REAL_Face_only_data\shortened\xbjffkzsuv.mp4,REAL
D:\major project\dataset\face only\DFDC_FAKE_Face_only_data\shortened\adlucxlfvr.mp4,FAKE
D:\major project\dataset\face only\DFDC_REAL_Face_only_data\shortened\udhrjqdycg.mp4,REAL
D:\major project\dataset\face only\DFDC_FAKE_Face_only_data\shortened\dfllzqcyug.mp4,FAKE
D:\major project\dataset\face only\DFDC_FAKE_Face_only_data\shortened\eciawhfnli.mp4,FAKE
D:\major project\dataset\face only\DFDC_FAKE_Face_only_data\shortened\ebdpceuqsy.mp4,FAKE
D:\major project\dataset\face only\DFDC_FAKE_Face_only_data\shortened\djdacdsbhz.mp4,FAKE
D:\major project\dataset\face only\DFDC_FAKE_Face_only_data\shortened\anhfrtswmh.mp4,FAKE
D:\major project\dataset\face only\DFDC_FAKE_Face_only_data\shortened\dxicnnoilh.mp4,FAKE
D:\major project\dataset\face only\DFDC_FAKE_Face_only_data\shortened\cioizeilvz.mp4,FAKE
D:\major project\dataset\face only\DFDC_FAKE_Face_only_data\shortened\cxrqyltnuu.mp4,FAKE
D:\major project\dataset\face only\DFDC_FAKE_Face_only_data\shortened\dwrpxabjqt.mp4,FAKE
D:\major project\dataset\face only\DFDC_FAKE_Face_only_data\shortened\dfwqdiyhmg.mp4,FAKE
D:\major project\dataset\face only\DFDC_REAL_Face_only_data\shortened\mmwaomsqbo.mp4,REAL
D:\major project\dataset\face only\DFDC_FAKE_Face_only_data\shortened\dhtvwqnqhm.mp4,FAKE
D:\major project\dataset\face only\DFDC_REAL_Face_only_data\shortened\dutdnjgeud.mp4,REAL
D:\major project\dataset\face only\DFDC_REAL_Face_only_data\shortened\kuoraiutvy.mp4,REAL
D:\major project\dataset\face only\DFDC_FAKE_Face_only_data\shortened\baklbjkzeq.mp4,FAKE
D:\major project\dataset\face only\DFDC_REAL_Face_only_data\shortened\euoudlinep.mp4,REAL
D:\major project\dataset\face only\DFDC_REAL_Face_only_data\shortened\iarobzzslu.mp4,REAL
D:\major project\dataset\face only\DFDC_FAKE_Face_only_data\shortened\ccceyyczpw.mp4,FAKE
D:\major project\dataset\face only\DFDC_REAL_Face_only_data\shortened\ljrcafxwrn.mp4,REAL
D:\major project\dataset\face only\DFDC_REAL_Face_only_data\shortened\sqxseogvrh.mp4,REAL
D:\major project\dataset\face only\DFDC_REAL_Face_only_data\shortened\sycfrgvkry.mp4,REAL
D:\major project\dataset\face only\DFDC_FAKE_Face_only_data\shortened\arulsxwzmq.mp4,FAKE
D:\major project\dataset\face only\DFDC_FAKE_Face_only_data\shortened\buabafojmo.mp4,FAKE
D:\major project\dataset\face only\DFDC_REAL_Face_only_data\shortened\uunealgwvj.mp4,REAL
D:\major project\dataset\face only\DFDC_REAL_Face_only_data\shortened\mrvumgzbzq.mp4,REAL
D:\major project\dataset\face only\DFDC_FAKE_Face_only_data\shortened\cvvwitgutr.mp4,FAKE
D:\major project\dataset\face only\DFDC_REAL_Face_only_data\shortened\bkbadpwpwa.mp4,REAL
D:\major project\dataset\face only\DFDC_REAL_Face_only_data\shortened\terivbcgpp.mp4,REAL
D:\major project\dataset\face only\DFDC_REAL_Face_only_data\shortened\dxzccjuqnz.mp4,REAL
D:\major project\dataset\face only\DFDC_REAL_Face_only_data\shortened\wwfehhmmhl.mp4,REAL
D:\major project\dataset\face only\DFDC_FAKE_Face_only_data\shortened\begolhmsru.mp4,FAKE
D:\major project\dataset\face only\DFDC_FAKE_Face_only_data\shortened\dfgjncxkio.mp4,FAKE
D:\major project\dataset\face only\DFDC_FAKE_Face_only_data\shortened\dkdwrocolx.mp4,FAKE
D:\major project\dataset\face only\DFDC_FAKE_Face_only_data\shortened\bcrhsbxuwu.mp4,FAKE
D:\major project\dataset\face only\DFDC_FAKE_Face_only_data\shortened\agkuzeyvkl.mp4,FAKE
D:\major project\dataset\face only\DFDC_FAKE_Face_only_data\shortened\akmletxfbg.mp4,FAKE
D:\major project\dataset\face only\DFDC_FAKE_Face_only_data\shortened\bcjuiazvil.mp4,FAKE
D:\major project\dataset\face only\DFDC_FAKE_Face_only_data\shortened\bjtdbxvwfp.mp4,FAKE
D:\major project\dataset\face only\DFDC_REAL_Face_only_data\shortened\ocsnhldayx.mp4,REAL
D:\major project\dataset\face only\DFDC_FAKE_Face_only_data\shortened\azppuasxcf.mp4,FAKE
D:\major project\dataset\face only\DFDC_FAKE_Face_only_data\shortened\ctjgmxfaxe.mp4,FAKE
D:\major project\dataset\face only\DFDC_REAL_Face_only_data\shortened\zohoemsvxx.mp4,REAL
D:\major project\dataset\face only\DFDC_FAKE_Face_only_data\shortened\abgunexqlc.mp4,FAKE
D:\major project\dataset\face only\DFDC_REAL_Face_only_data\shortened\bwlswdbfwv.mp4,REAL
D:\major project\dataset\face only\DFDC_FAKE_Face_only_data\shortened\aoerxokasa.mp4,FAKE
D:\major project\dataset\face only\DFDC_FAKE_Face_only_data\shortened\dhvxgjudyq.mp4,FAKE
D:\major project\dataset\face only\DFDC_REAL_Face_only_data\shortened\jbdmfjnsup.mp4,REAL
D:\major project\dataset\face only\DFDC_FAKE_Face_only_data\shortened\atbtsntowb.mp4,FAKE
D:\major project\dataset\face only\DFDC_REAL_Face_only_data\shortened\olqshoikjs.mp4,REAL
D:\major project\dataset\face only\DFDC_REAL_Face_only_data\shortened\gorrghkrjt.mp4,REAL
D:\major project\dataset\face only\DFDC_REAL_Face_only_data\shortened\ovhhfetnri.mp4,REAL
D:\major project\dataset\face only\DFDC_REAL_Face_only_data\shortened\mulzcbwjni.mp4,REAL
D:\major project\dataset\face only\DFDC_REAL_Face_only_data\shortened\twvdcuwpsu.mp4,REAL
D:\major project\dataset\face only\DFDC_REAL_Face_only_data\shortened\cczdxtweqv.mp4,REAL
D:\major project\dataset\face only\DFDC_REAL_Face_only_data\shortened\etinaehykw.mp4,REAL
D:\major project\dataset\face only\DFDC_REAL_Face_only_data\shortened\ntyxnzblsp.mp4,REAL
D:\major project\dataset\face only\DFDC_REAL_Face_only_data\shortened\xrdopedqcu.mp4,REAL
D:\major project\dataset\face only\DFDC_REAL_Face_only_data\shortened\iqtojehgyl.mp4,REAL
D:\major project\dataset\face only\DFDC_REAL_Face_only_data\shortened\qablpysmuq.mp4,REAL
D:\major project\dataset\face only\DFDC_REAL_Face_only_data\shortened\fvcqerfgfa.mp4,REAL
D:\major project\dataset\face only\DFDC_REAL_Face_only_data\shortened\fpqhqpiiqq.mp4,REAL
D:\major project\dataset\face only\DFDC_REAL_Face_only_data\shortened\jtmsdyckqs.mp4,REAL
D:\major project\dataset\face only\DFDC_REAL_Face_only_data\shortened\ndaetluhcr.mp4,REAL
D:\major project\dataset\face only\DFDC_REAL_Face_only_data\shortened\nhzzaivpfk.mp4,REAL
D:\major project\dataset\face only\DFDC_FAKE_Face_only_data\shortened\bmvjqkjtnf.mp4,FAKE
D:\major project\dataset\face only\DFDC_REAL_Face_only_data\shortened\zbqlzhirna.mp4,REAL
D:\major project\dataset\face only\DFDC_REAL_Face_only_data\shortened\sbfiyomqhy.mp4,REAL
D:\major project\dataset\face only\DFDC_FAKE_Face_only_data\shortened\ecqulzqtgl.mp4,FAKE
D:\major project\dataset\face only\DFDC_FAKE_Face_only_data\shortened\cvsvyuueoh.mp4,FAKE
D:\major project\dataset\face only\DFDC_FAKE_Face_only_data\shortened\bxejcionpa.mp4,FAKE
D:\major project\dataset\face only\DFDC_REAL_Face_only_data\shortened\nyfqdjrcxr.mp4,REAL
D:\major project\dataset\face only\DFDC_FAKE_Face_only_data\shortened\ajrhthktnq.mp4,FAKE
D:\major project\dataset\face only\DFDC_REAL_Face_only_data\shortened\csguabnacy.mp4,REAL
D:\major project\dataset\face only\DFDC_FAKE_Face_only_data\shortened\cddwbrlhie.mp4,FAKE
D:\major project\dataset\face only\DFDC_REAL_Face_only_data\shortened\qmhakuwxky.mp4,REAL
D:\major project\dataset\face only\DFDC_REAL_Face_only_data\shortened\ljzgbkcvgi.mp4,REAL
D:\major project\dataset\face only\DFDC_FAKE_Face_only_data\shortened\abaodketae.mp4,FAKE
D:\major project\dataset\face only\DFDC_REAL_Face_only_data\shortened\pzkdefgfyc.mp4,REAL
D:\major project\dataset\face only\DFDC_REAL_Face_only_data\shortened\gpzlnnljhn.mp4,REAL
D:\major project\dataset\face only\DFDC_FAKE_Face_only_data\shortened\bygtwucggu.mp4,FAKE
D:\major project\dataset\face only\DFDC_REAL_Face_only_data\shortened\xjfmirjqdf.mp4,REAL
D:\major project\dataset\face only\DFDC_FAKE_Face_only_data\shortened\cjhflcxdas.mp4,FAKE
D:\major project\dataset\face only\DFDC_REAL_Face_only_data\shortened\aezagrnzdz.mp4,REAL
D:\major project\dataset\face only\DFDC_REAL_Face_only_data\shortened\xfsqkrfdir.mp4,REAL
D:\major project\dataset\face only\DFDC_FAKE_Face_only_data\shortened\dvzosejlfd.mp4,FAKE
D:\major project\dataset\face only\DFDC_FAKE_Face_only_data\shortened\arpsbojfxl.mp4,FAKE
D:\major project\dataset\face only\DFDC_REAL_Face_only_data\shortened\pwvnzblmuf.mp4,REAL
D:\major project\dataset\face only\DFDC_REAL_Face_only_data\shortened\augnkililg.mp4,REAL
D:\major project\dataset\face only\DFDC_REAL_Face_only_data\shortened\prdrojamhn.mp4,REAL
D:\major project\dataset\face only\DFDC_FAKE_Face_only_data\shortened\cyjixxrrrg.mp4,FAKE
D:\major project\dataset\face only\DFDC_REAL_Face_only_data\shortened\iiwofjbuyu.mp4,REAL
D:\major project\dataset\face only\DFDC_FAKE_Face_only_data\shortened\bqjrhuuwsf.mp4,FAKE
D:\major project\dataset\face only\DFDC_REAL_Face_only_data\shortened\qzmsurujkz.mp4,REAL
D:\major project\dataset\face only\DFDC_REAL_Face_only_data\shortened\nmrfqmhabc.mp4,REAL
D:\major project\dataset\face only\DFDC_REAL_Face_only_data\shortened\eomsfwykap.mp4,REAL
D:\major project\dataset\face only\DFDC_REAL_Face_only_data\shortened\ukrvmiddhp.mp4,REAL
D:\major project\dataset\face only\DFDC_FAKE_Face_only_data\shortened\almydrosfd.mp4,FAKE
D:\major project\dataset\face only\DFDC_REAL_Face_only_data\shortened\sufwnxoxug.mp4,REAL
D:\major project\dataset\face only\DFDC_REAL_Face_only_data\shortened\cbipyxvxad.mp4,REAL
D:\major project\dataset\face only\DFDC_FAKE_Face_only_data\shortened\ecvxkykmvx.mp4,FAKE
D:\major project\dataset\face only\DFDC_REAL_Face_only_data\shortened\yeemuaroyj.mp4,REAL
D:\major project\dataset\face only\DFDC_REAL_Face_only_data\shortened\jtsftmvtcf.mp4,REAL
D:\major project\dataset\face only\DFDC_FAKE_Face_only_data\shortened\bpteuesxca.mp4,FAKE
D:\major project\dataset\face only\DFDC_FAKE_Face_only_data\shortened\aurgcztzed.mp4,FAKE
D:\major project\dataset\face only\DFDC_FAKE_Face_only_data\shortened\eamrrztkth.mp4,FAKE
D:\major project\dataset\face only\DFDC_FAKE_Face_only_data\shortened\bpapdifduo.mp4,FAKE
D:\major project\dataset\face only\DFDC_REAL_Face_only_data\shortened\amflyomuqj.mp4,REAL
D:\major project\dataset\face only\DFDC_FAKE_Face_only_data\shortened\dgdxidiauq.mp4,FAKE
D:\major project\dataset\face only\DFDC_FAKE_Face_only_data\shortened\cagiejwets.mp4,FAKE
D:\major project\dataset\face only\DFDC_REAL_Face_only_data\shortened\oggtplowfa.mp4,REAL
D:\major project\dataset\face only\DFDC_REAL_Face_only_data\shortened\uxlsxewlrd.mp4,REAL
D:\major project\dataset\face only\DFDC_REAL_Face_only_data\shortened\lzexzlshim.mp4,REAL
D:\major project\dataset\face only\DFDC_FAKE_Face_only_data\shortened\bxptafpclo.mp4,FAKE
D:\major project\dataset\face only\DFDC_REAL_Face_only_data\shortened\pgioqqehjk.mp4,REAL
D:\major project\dataset\face only\DFDC_FAKE_Face_only_data\shortened\avxtaltkzj.mp4,FAKE
D:\major project\dataset\face only\DFDC_REAL_Face_only_data\shortened\rctronqqjs.mp4,REAL
D:\major project\dataset\face only\DFDC_REAL_Face_only_data\shortened\cwzpgqpfum.mp4,REAL
D:\major project\dataset\face only\DFDC_FAKE_Face_only_data\shortened\coawjwyyjo.mp4,FAKE
D:\major project\dataset\face only\DFDC_FAKE_Face_only_data\shortened\ecpiawvxqa.mp4,FAKE
D:\major project\dataset\face only\DFDC_FAKE_Face_only_data\shortened\aofrdmqnya.mp4,FAKE
D:\major project\dataset\face only\DFDC_REAL_Face_only_data\shortened\cfgotyucqv.mp4,REAL
D:\major project\dataset\face only\DFDC_FAKE_Face_only_data\shortened\edhygwpogy.mp4,FAKE
D:\major project\dataset\face only\DFDC_REAL_Face_only_data\shortened\dxmqsnzlbh.mp4,REAL
D:\major project\dataset\face only\DFDC_REAL_Face_only_data\shortened\bgeacsngmi.mp4,REAL
D:\major project\dataset\face only\DFDC_FAKE_Face_only_data\shortened\diacloondv.mp4,FAKE
D:\major project\dataset\face only\DFDC_FAKE_Face_only_data\shortened\dqzapzhrzg.mp4,FAKE
D:\major project\dataset\face only\DFDC_REAL_Face_only_data\shortened\hddgrmdzta.mp4,REAL
D:\major project\dataset\face only\DFDC_FAKE_Face_only_data\shortened\cchtzaxgfv.mp4,FAKE
D:\major project\dataset\face only\DFDC_REAL_Face_only_data\shortened\daxppvplei.mp4,REAL
D:\major project\dataset\face only\DFDC_REAL_Face_only_data\shortened\tzsnrrptgs.mp4,REAL
D:\major project\dataset\face only\DFDC_FAKE_Face_only_data\shortened\addyjceutz.mp4,FAKE
D:\major project\dataset\face only\DFDC_REAL_Face_only_data\shortened\feihhdwmcu.mp4,REAL
D:\major project\dataset\face only\DFDC_FAKE_Face_only_data\shortened\cmqjpitmyj.mp4,FAKE
D:\major project\dataset\face only\DFDC_REAL_Face_only_data\shortened\kjaujmuvdz.mp4,REAL
D:\major project\dataset\face only\DFDC_FAKE_Face_only_data\shortened\ednjxskkrq.mp4,FAKE
D:\major project\dataset\face only\DFDC_REAL_Face_only_data\shortened\lmpgsfasor.mp4,REAL
D:\major project\dataset\face only\DFDC_REAL_Face_only_data\shortened\mogwgizctk.mp4,REAL
D:\major project\dataset\face only\DFDC_REAL_Face_only_data\shortened\yismsygbtj.mp4,REAL
D:\major project\dataset\face only\DFDC_REAL_Face_only_data\shortened\frrkzgjapb.mp4,REAL
D:\major project\dataset\face only\DFDC_FAKE_Face_only_data\shortened\ddbhhoxaib.mp4,FAKE
D:\major project\dataset\face only\DFDC_REAL_Face_only_data\shortened\jrrslkdiaf.mp4,REAL
D:\major project\dataset\face only\DFDC_REAL_Face_only_data\shortened\vttclphuxu.mp4,REAL
D:\major project\dataset\face only\DFDC_FAKE_Face_only_data\shortened\brrdxgrikt.mp4,FAKE
D:\major project\dataset\face only\DFDC_REAL_Face_only_data\shortened\lchkrtyohq.mp4,REAL
D:\major project\dataset\face only\DFDC_FAKE_Face_only_data\shortened\ayvyqvvayo.mp4,FAKE
D:\major project\dataset\face only\DFDC_REAL_Face_only_data\shortened\alfjkgcvle.mp4,REAL
D:\major project\dataset\face only\DFDC_REAL_Face_only_data\shortened\evpvyvqybg.mp4,REAL
D:\major project\dataset\face only\DFDC_REAL_Face_only_data\shortened\crgcrqxqjw.mp4,REAL
D:\major project\dataset\face only\DFDC_REAL_Face_only_data\shortened\mhlviycfpq.mp4,REAL
D:\major project\dataset\face only\DFDC_REAL_Face_only_data\shortened\sjizkayscq.mp4,REAL
D:\major project\dataset\face only\DFDC_REAL_Face_only_data\shortened\svtuluxajn.mp4,REAL
D:\major project\dataset\face only\DFDC_FAKE_Face_only_data\shortened\dmdfeqjmpe.mp4,FAKE
D:\major project\dataset\face only\DFDC_REAL_Face_only_data\shortened\tdhtjtjeqd.mp4,REAL
D:\major project\dataset\face only\DFDC_REAL_Face_only_data\shortened\vjsvdnnrck.mp4,REAL
D:\major project\dataset\face only\DFDC_REAL_Face_only_data\shortened\qfhgilfcjj.mp4,REAL
D:\major project\dataset\face only\DFDC_REAL_Face_only_data\shortened\htqtvkygxi.mp4,REAL
D:\major project\dataset\face only\DFDC_REAL_Face_only_data\shortened\tqzemlqluj.mp4,REAL
D:\major project\dataset\face only\DFDC_REAL_Face_only_data\shortened\mcctwqjerd.mp4,REAL
D:\major project\dataset\face only\DFDC_REAL_Face_only_data\shortened\ovxqacozqb.mp4,REAL
D:\major project\dataset\face only\DFDC_REAL_Face_only_data\shortened\patfknpnyh.mp4,REAL
D:\major project\dataset\face only\DFDC_REAL_Face_only_data\shortened\mzbsxfndjp.mp4,REAL
D:\major project\dataset\face only\DFDC_REAL_Face_only_data\shortened\bytmknqtol.mp4,REAL
D:\major project\dataset\face only\DFDC_REAL_Face_only_data\shortened\vmqbnadjpe.mp4,REAL
D:\major project\dataset\face only\DFDC_REAL_Face_only_data\shortened\wffvntfpfy.mp4,REAL
D:\major project\dataset\face only\DFDC_REAL_Face_only_data\shortened\ieuxohfweg.mp4,REAL
D:\major project\dataset\face only\DFDC_FAKE_Face_only_data\shortened\eerzkchzes.mp4,FAKE
D:\major project\dataset\face only\DFDC_REAL_Face_only_data\shortened\dofnhnvaxq.mp4,REAL
D:\major project\dataset\face only\DFDC_REAL_Face_only_data\shortened\vntbyeepdy.mp4,REAL
D:\major project\dataset\face only\DFDC_REAL_Face_only_data\shortened\dkkvcedpkn.mp4,REAL
D:\major project\dataset\face only\DFDC_REAL_Face_only_data\shortened\syqnnflpjv.mp4,REAL
D:\major project\dataset\face only\DFDC_REAL_Face_only_data\shortened\hfzkljkstq.mp4,REAL
D:\major project\dataset\face only\DFDC_REAL_Face_only_data\shortened\hzjpgjgtar.mp4,REAL
D:\major project\dataset\face only\DFDC_REAL_Face_only_data\shortened\prdircfvcn.mp4,REAL
D:\major project\dataset\face only\DFDC_FAKE_Face_only_data\shortened\bupcliysfg.mp4,FAKE
D:\major project\dataset\face only\DFDC_REAL_Face_only_data\shortened\fnaajvgmwt.mp4,REAL
D:\major project\dataset\face only\DFDC_REAL_Face_only_data\shortened\kjorkudgro.mp4,REAL
D:\major project\dataset\face only\DFDC_REAL_Face_only_data\shortened\ittzgzsjhw.mp4,REAL
D:\major project\dataset\face only\DFDC_REAL_Face_only_data\shortened\wjclipsrpg.mp4,REAL
D:\major project\dataset\face only\DFDC_REAL_Face_only_data\shortened\vrdugvoufo.mp4,REAL
D:\major project\dataset\face only\DFDC_REAL_Face_only_data\shortened\qmbihytemw.mp4,REAL
D:\major project\dataset\face only\DFDC_REAL_Face_only_data\shortened\zcdzrwelwn.mp4,REAL
D:\major project\dataset\face only\DFDC_REAL_Face_only_data\shortened\bzjihidtqo.mp4,REAL
D:\major project\dataset\face only\DFDC_REAL_Face_only_data\shortened\plcetnsilv.mp4,REAL
D:\major project\dataset\face only\DFDC_REAL_Face_only_data\shortened\xhrvrdvpqp.mp4,REAL
D:\major project\dataset\face only\DFDC_REAL_Face_only_data\shortened\nhsprpibiv.mp4,REAL
D:\major project\dataset\face only\DFDC_REAL_Face_only_data\shortened\pmhqncskwo.mp4,REAL
D:\major project\dataset\face only\DFDC_FAKE_Face_only_data\shortened\bkfkiejtle.mp4,FAKE
D:\major project\dataset\face only\DFDC_REAL_Face_only_data\shortened\vzysajdfrb.mp4,REAL
D:\major project\dataset\face only\DFDC_FAKE_Face_only_data\shortened\dsfosjtnho.mp4,FAKE
D:\major project\dataset\face only\DFDC_REAL_Face_only_data\shortened\geoypwfwon.mp4,REAL
D:\major project\dataset\face only\DFDC_REAL_Face_only_data\shortened\ndfbaxlseo.mp4,REAL
D:\major project\dataset\face only\DFDC_REAL_Face_only_data\shortened\clflarcjlk.mp4,REAL
D:\major project\dataset\face only\DFDC_REAL_Face_only_data\shortened\wjbonjacrq.mp4,REAL
D:\major project\dataset\face only\DFDC_REAL_Face_only_data\shortened\hzxufkpwhg.mp4,REAL
D:\major project\dataset\face only\DFDC_FAKE_Face_only_data\shortened\cxdlxvgysz.mp4,FAKE
D:\major project\dataset\face only\DFDC_REAL_Face_only_data\shortened\msvjfalfax.mp4,REAL
D:\major project\dataset\face only\DFDC_FAKE_Face_only_data\shortened\atpwgkaeet.mp4,FAKE
D:\major project\dataset\face only\DFDC_REAL_Face_only_data\shortened\sphxantczl.mp4,REAL
D:\major project\dataset\face only\DFDC_REAL_Face_only_data\shortened\iieygeizqt.mp4,REAL
D:\major project\dataset\face only\DFDC_REAL_Face_only_data\shortened\tfivpvandt.mp4,REAL
D:\major project\dataset\face only\DFDC_REAL_Face_only_data\shortened\cqfxgyotpv.mp4,REAL
D:\major project\dataset\face only\DFDC_REAL_Face_only_data\shortened\yndrghtxff.mp4,REAL
D:\major project\dataset\face only\DFDC_REAL_Face_only_data\shortened\noyszfsbov.mp4,REAL
D:\major project\dataset\face only\DFDC_REAL_Face_only_data\shortened\ghccycttqk.mp4,REAL
D:\major project\dataset\face only\DFDC_REAL_Face_only_data\shortened\ztjfjnenpy.mp4,REAL
D:\major project\dataset\face only\DFDC_REAL_Face_only_data\shortened\jpnothtwkv.mp4,REAL
D:\major project\dataset\face only\DFDC_REAL_Face_only_data\shortened\ttaawifovj.mp4,REAL
D:\major project\dataset\face only\DFDC_REAL_Face_only_data\shortened\ghanyvkhnw.mp4,REAL
D:\major project\dataset\face only\DFDC_REAL_Face_only_data\shortened\lmdjukzovh.mp4,REAL
D:\major project\dataset\face only\DFDC_REAL_Face_only_data\shortened\vekuanlmlt.mp4,REAL
D:\major project\dataset\face only\DFDC_REAL_Face_only_data\shortened\jtgujpmdff.mp4,REAL
D:\major project\dataset\face only\DFDC_REAL_Face_only_data\shortened\ynyzjkvrxc.mp4,REAL
D:\major project\dataset\face only\DFDC_REAL_Face_only_data\shortened\bxxynjbyth.mp4,REAL
D:\major project\dataset\face only\DFDC_REAL_Face_only_data\shortened\dsxmpdwjjq.mp4,REAL
D:\major project\dataset\face only\DFDC_REAL_Face_only_data\shortened\lperomvunw.mp4,REAL
D:\major project\dataset\face only\DFDC_REAL_Face_only_data\shortened\wqewxnshij.mp4,REAL
D:\major project\dataset\face only\DFDC_REAL_Face_only_data\shortened\puusxoqgev.mp4,REAL
D:\major project\dataset\face only\DFDC_REAL_Face_only_data\shortened\uffktidjaz.mp4,REAL
D:\major project\dataset\face only\DFDC_REAL_Face_only_data\shortened\ioitqcvyuk.mp4,REAL
D:\major project\dataset\face only\DFDC_FAKE_Face_only_data\shortened\cqqapjnjkx.mp4,FAKE
D:\major project\dataset\face only\DFDC_REAL_Face_only_data\shortened\uqhoxraupo.mp4,REAL
D:\major project\dataset\face only\DFDC_REAL_Face_only_data\shortened\ymkojzsvxz.mp4,REAL
D:\major project\dataset\face only\DFDC_REAL_Face_only_data\shortened\txljinhqzx.mp4,REAL
D:\major project\dataset\face only\DFDC_REAL_Face_only_data\shortened\zyvafancxz.mp4,REAL
D:\major project\dataset\face only\DFDC_REAL_Face_only_data\shortened\spcjqcmwri.mp4,REAL
D:\major project\dataset\face only\DFDC_REAL_Face_only_data\shortened\hlqychjycc.mp4,REAL
D:\major project\dataset\face only\DFDC_REAL_Face_only_data\shortened\ihfrmdxlid.mp4,REAL
D:\major project\dataset\face only\DFDC_REAL_Face_only_data\shortened\oecgmnxbjv.mp4,REAL
D:\major project\dataset\face only\DFDC_FAKE_Face_only_data\shortened\daygtjhalq.mp4,FAKE
D:\major project\dataset\face only\DFDC_REAL_Face_only_data\shortened\qsgwkephyr.mp4,REAL
D:\major project\dataset\face only\DFDC_REAL_Face_only_data\shortened\xaufrrlmgw.mp4,REAL
D:\major project\dataset\face only\DFDC_REAL_Face_only_data\shortened\vrihpmcikh.mp4,REAL
D:\major project\dataset\face only\DFDC_REAL_Face_only_data\shortened\fqbndyrupa.mp4,REAL
D:\major project\dataset\face only\DFDC_REAL_Face_only_data\shortened\sqladvmecy.mp4,REAL
D:\major project\dataset\face only\DFDC_REAL_Face_only_data\shortened\kyitsyzrme.mp4,REAL
D:\major project\dataset\face only\DFDC_REAL_Face_only_data\shortened\zgsolhunip.mp4,REAL
D:\major project\dataset\face only\DFDC_REAL_Face_only_data\shortened\vutkspfojq.mp4,REAL
D:\major project\dataset\face only\DFDC_FAKE_Face_only_data\shortened\dpnnwjdspi.mp4,FAKE
D:\major project\dataset\face only\DFDC_REAL_Face_only_data\shortened\bqbnuvouqp.mp4,REAL
D:\major project\dataset\face only\DFDC_REAL_Face_only_data\shortened\penmhaiumk.mp4,REAL
D:\major project\dataset\face only\DFDC_REAL_Face_only_data\shortened\bzbgfksqiq.mp4,REAL
D:\major project\dataset\face only\DFDC_REAL_Face_only_data\shortened\rxhqanmeew.mp4,REAL
D:\major project\dataset\face only\DFDC_REAL_Face_only_data\shortened\boaubpdrvk.mp4,REAL
D:\major project\dataset\face only\DFDC_REAL_Face_only_data\shortened\jyxdpfccde.mp4,REAL
D:\major project\dataset\face only\DFDC_REAL_Face_only_data\shortened\jiscrkliic.mp4,REAL
D:\major project\dataset\face only\DFDC_REAL_Face_only_data\shortened\wbpcawlkxt.mp4,REAL
D:\major project\dataset\face only\DFDC_REAL_Face_only_data\shortened\aqfytexxbl.mp4,REAL
D:\major project\dataset\face only\DFDC_REAL_Face_only_data\shortened\ctbonxvats.mp4,REAL
D:\major project\dataset\face only\DFDC_REAL_Face_only_data\shortened\fcfwzjbllp.mp4,REAL
D:\major project\dataset\face only\DFDC_FAKE_Face_only_data\shortened\alunjceitn.mp4,FAKE
D:\major project\dataset\face only\DFDC_REAL_Face_only_data\shortened\muxejwktkc.mp4,REAL
D:\major project\dataset\face only\DFDC_REAL_Face_only_data\shortened\mevjvsgbmk.mp4,REAL
D:\major project\dataset\face only\DFDC_FAKE_Face_only_data\shortened\bnlaajzsxt.mp4,FAKE
D:\major project\dataset\face only\DFDC_FAKE_Face_only_data\shortened\cgxpjplcke.mp4,FAKE
D:\major project\dataset\face only\DFDC_REAL_Face_only_data\shortened\xrnrtmxfad.mp4,REAL
D:\major project\dataset\face only\DFDC_REAL_Face_only_data\shortened\gbensgskzr.mp4,REAL
D:\major project\dataset\face only\DFDC_FAKE_Face_only_data\shortened\bxnsimvjlv.mp4,FAKE
D:\major project\dataset\face only\DFDC_REAL_Face_only_data\shortened\yrkcwbsofn.mp4,REAL
D:\major project\dataset\face only\DFDC_FAKE_Face_only_data\shortened\buwlbeygpx.mp4,FAKE
D:\major project\dataset\face only\DFDC_REAL_Face_only_data\shortened\dtgyycbylg.mp4,REAL
D:\major project\dataset\face only\DFDC_REAL_Face_only_data\shortened\hknucpztup.mp4,REAL
D:\major project\dataset\face only\DFDC_REAL_Face_only_data\shortened\khsvrymllj.mp4,REAL
D:\major project\dataset\face only\DFDC_REAL_Face_only_data\shortened\aajsqyyjni.mp4,REAL
D:\major project\dataset\face only\DFDC_REAL_Face_only_data\shortened\acgzblwsgw.mp4,REAL
D:\major project\dataset\face only\DFDC_REAL_Face_only_data\shortened\ypkehhhckj.mp4,REAL
D:\major project\dataset\face only\DFDC_REAL_Face_only_data\shortened\duhcgqzgic.mp4,REAL
D:\major project\dataset\face only\DFDC_REAL_Face_only_data\shortened\inxvgjgrrq.mp4,REAL
D:\major project\dataset\face only\DFDC_REAL_Face_only_data\shortened\owidtvgulx.mp4,REAL
D:\major project\dataset\face only\DFDC_REAL_Face_only_data\shortened\vtkyppsmdx.mp4,REAL
D:\major project\dataset\face only\DFDC_REAL_Face_only_data\shortened\johuaietaz.mp4,REAL
D:\major project\dataset\face only\DFDC_REAL_Face_only_data\shortened\kbddtkgnmu.mp4,REAL
D:\major project\dataset\face only\DFDC_REAL_Face_only_data\shortened\zttbanncxn.mp4,REAL
D:\major project\dataset\face only\DFDC_REAL_Face_only_data\shortened\uihudeajwz.mp4,REAL
D:\major project\dataset\face only\DFDC_FAKE_Face_only_data\shortened\dbrpqjttey.mp4,FAKE
D:\major project\dataset\face only\DFDC_REAL_Face_only_data\shortened\hjjsuvothd.mp4,REAL
D:\major project\dataset\face only\DFDC_REAL_Face_only_data\shortened\abbgqbrdiz.mp4,REAL
D:\major project\dataset\face only\DFDC_REAL_Face_only_data\shortened\pmbqvlqhhl.mp4,REAL
D:\major project\dataset\face only\DFDC_REAL_Face_only_data\shortened\uwbpcdtmlb.mp4,REAL
D:\major project\dataset\face only\DFDC_REAL_Face_only_data\shortened\heprffercd.mp4,REAL
D:\major project\dataset\face only\DFDC_REAL_Face_only_data\shortened\wjesnindbk.mp4,REAL
D:\major project\dataset\face only\DFDC_REAL_Face_only_data\shortened\ymfrgnrvfw.mp4,REAL
D:\major project\dataset\face only\DFDC_FAKE_Face_only_data\shortened\aiyqaylifg.mp4,FAKE
D:\major project\dataset\face only\DFDC_REAL_Face_only_data\shortened\epdncpntwx.mp4,REAL
D:\major project\dataset\face only\DFDC_REAL_Face_only_data\shortened\syacqpjjzr.mp4,REAL
D:\major project\dataset\face only\DFDC_REAL_Face_only_data\shortened\ojmwqqxjzk.mp4,REAL
D:\major project\dataset\face only\DFDC_REAL_Face_only_data\shortened\ocfiyleaic.mp4,REAL
D:\major project\dataset\face only\DFDC_REAL_Face_only_data\shortened\wtqrmqnqvf.mp4,REAL
D:\major project\dataset\face only\DFDC_FAKE_Face_only_data\shortened\dqnimegdrl.mp4,FAKE
D:\major project\dataset\face only\DFDC_FAKE_Face_only_data\shortened\bdcnzxibfz.mp4,FAKE
D:\major project\dataset\face only\DFDC_REAL_Face_only_data\shortened\xlgzsipnhf.mp4,REAL
D:\major project\dataset\face only\DFDC_REAL_Face_only_data\shortened\kptmhmbexi.mp4,REAL
D:\major project\dataset\face only\DFDC_REAL_Face_only_data\shortened\cgacynuzzc.mp4,REAL
D:\major project\dataset\face only\DFDC_REAL_Face_only_data\shortened\ewkakfpqmw.mp4,REAL
D:\major project\dataset\face only\DFDC_REAL_Face_only_data\shortened\ukacifecol.mp4,REAL
D:\major project\dataset\face only\DFDC_REAL_Face_only_data\shortened\nmjsymvggu.mp4,REAL
D:\major project\dataset\face only\DFDC_REAL_Face_only_data\shortened\sahwxlbrmg.mp4,REAL
D:\major project\dataset\face only\DFDC_REAL_Face_only_data\shortened\vtfzsqhfxt.mp4,REAL
D:\major project\dataset\face only\DFDC_REAL_Face_only_data\shortened\roeecmiguh.mp4,REAL
D:\major project\dataset\face only\DFDC_REAL_Face_only_data\shortened\kapzkxdgqb.mp4,REAL
D:\major project\dataset\face only\DFDC_REAL_Face_only_data\shortened\xugbywbvgv.mp4,REAL
D:\major project\dataset\face only\DFDC_REAL_Face_only_data\shortened\qdirksoqim.mp4,REAL
D:\major project\dataset\face only\DFDC_FAKE_Face_only_data\shortened\dtyxicmtwr.mp4,FAKE
D:\major project\dataset\face only\DFDC_FAKE_Face_only_data\shortened\cyqnqhfzsc.mp4,FAKE
D:\major project\dataset\face only\DFDC_REAL_Face_only_data\shortened\mqlnnysqzj.mp4,REAL
D:\major project\dataset\face only\DFDC_REAL_Face_only_data\shortened\httftywuok.mp4,REAL
D:\major project\dataset\face only\DFDC_REAL_Face_only_data\shortened\rjrudhdbpf.mp4,REAL
D:\major project\dataset\face only\DFDC_FAKE_Face_only_data\shortened\aebgvmafzx.mp4,FAKE
D:\major project\dataset\face only\DFDC_REAL_Face_only_data\shortened\elxlnjzmzi.mp4,REAL
D:\major project\dataset\face only\DFDC_REAL_Face_only_data\shortened\hgqpzhkoua.mp4,REAL
D:\major project\dataset\face only\DFDC_REAL_Face_only_data\shortened\tfgjykyhum.mp4,REAL
D:\major project\dataset\face only\DFDC_REAL_Face_only_data\shortened\rrlcbhagil.mp4,REAL
D:\major project\dataset\face only\DFDC_REAL_Face_only_data\shortened\uyfdoedjoj.mp4,REAL
D:\major project\dataset\face only\DFDC_REAL_Face_only_data\shortened\ujyowwqpri.mp4,REAL
D:\major project\dataset\face only\DFDC_REAL_Face_only_data\shortened\qotqjzqlnr.mp4,REAL
D:\major project\dataset\face only\DFDC_REAL_Face_only_data\shortened\xzayxilesu.mp4,REAL
D:\major project\dataset\face only\DFDC_REAL_Face_only_data\shortened\vtcrsoekze.mp4,REAL
D:\major project\dataset\face only\DFDC_REAL_Face_only_data\shortened\horbklyyni.mp4,REAL
D:\major project\dataset\face only\DFDC_REAL_Face_only_data\shortened\nofmjiduph.mp4,REAL
D:\major project\dataset\face only\DFDC_REAL_Face_only_data\shortened\fmuleeyhxj.mp4,REAL
D:\major project\dataset\face only\DFDC_REAL_Face_only_data\shortened\ueqxiroiqn.mp4,REAL
D:\major project\dataset\face only\DFDC_FAKE_Face_only_data\shortened\ctpzxfjbmt.mp4,FAKE
D:\major project\dataset\face only\DFDC_FAKE_Face_only_data\shortened\byzkrasazx.mp4,FAKE
D:\major project\dataset\face only\DFDC_REAL_Face_only_data\shortened\dmegwsvycz.mp4,REAL
D:\major project\dataset\face only\DFDC_REAL_Face_only_data\shortened\yovkaudkhn.mp4,REAL
D:\major project\dataset\face only\DFDC_REAL_Face_only_data\shortened\crjvhcpwis.mp4,REAL
D:\major project\dataset\face only\DFDC_FAKE_Face_only_data\shortened\aauhqwwncp.mp4,FAKE
D:\major project\dataset\face only\DFDC_FAKE_Face_only_data\shortened\bzxesmhumc.mp4,FAKE
D:\major project\dataset\face only\DFDC_FAKE_Face_only_data\shortened\dkecafbtqe.mp4,FAKE
D:\major project\dataset\face only\DFDC_FAKE_Face_only_data\shortened\dcwkheoips.mp4,FAKE
D:\major project\dataset\face only\DFDC_FAKE_Face_only_data\shortened\ccteennqhv.mp4,FAKE
D:\major project\dataset\face only\DFDC_REAL_Face_only_data\shortened\gmkuswweko.mp4,REAL
D:\major project\dataset\face only\DFDC_REAL_Face_only_data\shortened\urooekxlmq.mp4,REAL
D:\major project\dataset\face only\DFDC_REAL_Face_only_data\shortened\cxxgfpikji.mp4,REAL
D:\major project\dataset\face only\DFDC_REAL_Face_only_data\shortened\opzchpdtfl.mp4,REAL
D:\major project\dataset\face only\DFDC_REAL_Face_only_data\shortened\kqwflqwnfm.mp4,REAL
D:\major project\dataset\face only\DFDC_FAKE_Face_only_data\shortened\bvmplbmqde.mp4,FAKE
D:\major project\dataset\face only\DFDC_REAL_Face_only_data\shortened\anodbxmpne.mp4,REAL
D:\major project\dataset\face only\DFDC_REAL_Face_only_data\shortened\rupudccrgd.mp4,REAL
D:\major project\dataset\face only\DFDC_REAL_Face_only_data\shortened\ecblkidyfd.mp4,REAL
D:\major project\dataset\face only\DFDC_REAL_Face_only_data\shortened\cuafoggwku.mp4,REAL
D:\major project\dataset\face only\DFDC_REAL_Face_only_data\shortened\xwbjtlqxeo.mp4,REAL
D:\major project\dataset\face only\DFDC_REAL_Face_only_data\shortened\mnrnptdpec.mp4,REAL
D:\major project\dataset\face only\DFDC_REAL_Face_only_data\shortened\yihodfxbqj.mp4,REAL
D:\major project\dataset\face only\DFDC_REAL_Face_only_data\shortened\spsevdcrnu.mp4,REAL
D:\major project\dataset\face only\DFDC_FAKE_Face_only_data\shortened\ahrigbsxpt.mp4,FAKE
D:\major project\dataset\face only\DFDC_FAKE_Face_only_data\shortened\bhsbxnalvq.mp4,FAKE
D:\major project\dataset\face only\DFDC_FAKE_Face_only_data\shortened\dgcrrnrjyl.mp4,FAKE
D:\major project\dataset\face only\DFDC_REAL_Face_only_data\shortened\dyolakhvvw.mp4,REAL
D:\major project\dataset\face only\DFDC_REAL_Face_only_data\shortened\hlxgwlqtde.mp4,REAL
D:\major project\dataset\face only\DFDC_FAKE_Face_only_data\shortened\chgqmwtbyf.mp4,FAKE
D:\major project\dataset\face only\DFDC_REAL_Face_only_data\shortened\nonwqkyict.mp4,REAL
D:\major project\dataset\face only\DFDC_FAKE_Face_only_data\shortened\dszocsfvpr.mp4,FAKE
D:\major project\dataset\face only\DFDC_REAL_Face_only_data\shortened\uuniyowdis.mp4,REAL
D:\major project\dataset\face only\DFDC_REAL_Face_only_data\shortened\ojgetwmygj.mp4,REAL
D:\major project\dataset\face only\DFDC_REAL_Face_only_data\shortened\hvnhuymltm.mp4,REAL
D:\major project\dataset\face only\DFDC_FAKE_Face_only_data\shortened\dwnofqzcss.mp4,FAKE
D:\major project\dataset\face only\DFDC_FAKE_Face_only_data\shortened\alqayvaatm.mp4,FAKE
D:\major project\dataset\face only\DFDC_REAL_Face_only_data\shortened\ucwwycqpeu.mp4,REAL
D:\major project\dataset\face only\DFDC_FAKE_Face_only_data\shortened\cxsjnptter.mp4,FAKE
D:\major project\dataset\face only\DFDC_FAKE_Face_only_data\shortened\byuyjtloht.mp4,FAKE
D:\major project\dataset\face only\DFDC_FAKE_Face_only_data\shortened\adaoqecjet.mp4,FAKE
D:\major project\dataset\face only\DFDC_FAKE_Face_only_data\shortened\beborlpxuy.mp4,FAKE
D:\major project\dataset\face only\DFDC_REAL_Face_only_data\shortened\hlgkqylzrh.mp4,REAL
D:\major project\dataset\face only\DFDC_REAL_Face_only_data\shortened\akdaowzvvw.mp4,REAL
D:\major project\dataset\face only\DFDC_REAL_Face_only_data\shortened\idbaeatils.mp4,REAL
D:\major project\dataset\face only\DFDC_FAKE_Face_only_data\shortened\ckzxmjrjvi.mp4,FAKE
D:\major project\dataset\face only\DFDC_FAKE_Face_only_data\shortened\bztifpciva.mp4,FAKE
D:\major project\dataset\face only\DFDC_REAL_Face_only_data\shortened\jbpxyyacyj.mp4,REAL
D:\major project\dataset\face only\DFDC_FAKE_Face_only_data\shortened\dmaqwzrgkr.mp4,FAKE
D:\major project\dataset\face only\DFDC_FAKE_Face_only_data\shortened\cmyhcrqfnl.mp4,FAKE
D:\major project\dataset\face only\DFDC_FAKE_Face_only_data\shortened\bijnzrftzz.mp4,FAKE
D:\major project\dataset\face only\DFDC_FAKE_Face_only_data\shortened\dwgbqxlqzh.mp4,FAKE
D:\major project\dataset\face only\DFDC_FAKE_Face_only_data\shortened\bdfswhbxlh.mp4,FAKE
D:\major project\dataset\face only\DFDC_REAL_Face_only_data\shortened\ychnzdjprp.mp4,REAL
D:\major project\dataset\face only\DFDC_FAKE_Face_only_data\shortened\cqsgfwcots.mp4,FAKE
D:\major project\dataset\face only\DFDC_FAKE_Face_only_data\shortened\brvyquicjc.mp4,FAKE
D:\major project\dataset\face only\DFDC_REAL_Face_only_data\shortened\kseffrmenc.mp4,REAL
D:\major project\dataset\face only\DFDC_FAKE_Face_only_data\shortened\cibunztqcw.mp4,FAKE
D:\major project\dataset\face only\DFDC_REAL_Face_only_data\shortened\qoihghfryp.mp4,REAL
D:\major project\dataset\face only\DFDC_FAKE_Face_only_data\shortened\edtpirebkl.mp4,FAKE
D:\major project\dataset\face only\DFDC_FAKE_Face_only_data\shortened\dvlfqigkgr.mp4,FAKE
D:\major project\dataset\face only\DFDC_FAKE_Face_only_data\shortened\dargqdtmnl.mp4,FAKE
D:\major project\dataset\face only\DFDC_REAL_Face_only_data\shortened\jpazwswbjj.mp4,REAL
D:\major project\dataset\face only\DFDC_FAKE_Face_only_data\shortened\ehccxkudjh.mp4,FAKE
D:\major project\dataset\face only\DFDC_FAKE_Face_only_data\shortened\dngvaozylo.mp4,FAKE
D:\major project\dataset\face only\DFDC_REAL_Face_only_data\shortened\zzhtdtgdur.mp4,REAL
D:\major project\dataset\face only\DFDC_FAKE_Face_only_data\shortened\bzeovupukx.mp4,FAKE
D:\major project\dataset\face only\DFDC_FAKE_Face_only_data\shortened\czvtpopqok.mp4,FAKE
D:\major project\dataset\face only\DFDC_FAKE_Face_only_data\shortened\bwzpknlhhm.mp4,FAKE
D:\major project\dataset\face only\DFDC_REAL_Face_only_data\shortened\tfptxfvcqs.mp4,REAL
D:\major project\dataset\face only\DFDC_FAKE_Face_only_data\shortened\dgjuuohkmr.mp4,FAKE
D:\major project\dataset\face only\DFDC_FAKE_Face_only_data\shortened\bvrxamwgcl.mp4,FAKE
D:\major project\dataset\face only\DFDC_FAKE_Face_only_data\shortened\eivcumeuxu.mp4,FAKE
D:\major project\dataset\face only\DFDC_FAKE_Face_only_data\shortened\borvrzlpon.mp4,FAKE
D:\major project\dataset\face only\DFDC_FAKE_Face_only_data\shortened\cpcuxqcgzp.mp4,FAKE
D:\major project\dataset\face only\DFDC_FAKE_Face_only_data\shortened\djwtvksqup.mp4,FAKE
D:\major project\dataset\face only\DFDC_FAKE_Face_only_data\shortened\dkrknynayu.mp4,FAKE
D:\major project\dataset\face only\DFDC_REAL_Face_only_data\shortened\vgxfdvtnic.mp4,REAL
D:\major project\dataset\face only\DFDC_FAKE_Face_only_data\shortened\eescbdtoom.mp4,FAKE
D:\major project\dataset\face only\DFDC_FAKE_Face_only_data\shortened\agefbqufao.mp4,FAKE
D:\major project\dataset\face only\DFDC_FAKE_Face_only_data\shortened\cfolpcshqw.mp4,FAKE
D:\major project\dataset\face only\DFDC_REAL_Face_only_data\shortened\scpcdzexwo.mp4,REAL
D:\major project\dataset\face only\DFDC_REAL_Face_only_data\shortened\lwmufxrefm.mp4,REAL
D:\major project\dataset\face only\DFDC_FAKE_Face_only_data\shortened\dgrmcxvcok.mp4,FAKE
D:\major project\dataset\face only\DFDC_FAKE_Face_only_data\shortened\ehytkbagyq.mp4,FAKE
D:\major project\dataset\face only\DFDC_FAKE_Face_only_data\shortened\dneghxhqsr.mp4,FAKE
D:\major project\dataset\face only\DFDC_FAKE_Face_only_data\shortened\eahsxehlri.mp4,FAKE
D:\major project\dataset\face only\DFDC_FAKE_Face_only_data\shortened\bfjwtlumpn.mp4,FAKE
D:\major project\dataset\face only\DFDC_FAKE_Face_only_data\shortened\bckalnjoyq.mp4,FAKE
D:\major project\dataset\face only\DFDC_FAKE_Face_only_data\shortened\axtxpkejwb.mp4,FAKE
D:\major project\dataset\face only\DFDC_FAKE_Face_only_data\shortened\ehztvhixpt.mp4,FAKE
D:\major project\dataset\face only\DFDC_FAKE_Face_only_data\shortened\dqjvzwlpfb.mp4,FAKE
D:\major project\dataset\face only\DFDC_FAKE_Face_only_data\shortened\ckgkmmgevx.mp4,FAKE
D:\major project\dataset\face only\DFDC_FAKE_Face_only_data\shortened\dkpomvbzfh.mp4,FAKE
D:\major project\dataset\face only\DFDC_REAL_Face_only_data\shortened\wvxgxcukbb.mp4,REAL
D:\major project\dataset\face only\DFDC_FAKE_Face_only_data\shortened\cohlqbfxzu.mp4,FAKE
D:\major project\dataset\face only\DFDC_FAKE_Face_only_data\shortened\axazpptbwz.mp4,FAKE
D:\major project\dataset\face only\DFDC_FAKE_Face_only_data\shortened\ecqkcffgur.mp4,FAKE
D:\major project\dataset\face only\DFDC_FAKE_Face_only_data\shortened\dadqhcqwha.mp4,FAKE
D:\major project\dataset\face only\DFDC_FAKE_Face_only_data\shortened\cxmqothqql.mp4,FAKE
D:\major project\dataset\face only\DFDC_FAKE_Face_only_data\shortened\dnofupbivz.mp4,FAKE
D:\major project\dataset\face only\DFDC_REAL_Face_only_data\shortened\ntddufonlu.mp4,REAL
D:\major project\dataset\face only\DFDC_FAKE_Face_only_data\shortened\cwvvrbcchf.mp4,FAKE
D:\major project\dataset\face only\DFDC_REAL_Face_only_data\shortened\nvqiursmbh.mp4,REAL
D:\major project\dataset\face only\DFDC_REAL_Face_only_data\shortened\whffswfpqp.mp4,REAL
D:\major project\dataset\face only\DFDC_FAKE_Face_only_data\shortened\cnkbkvykej.mp4,FAKE
D:\major project\dataset\face only\DFDC_REAL_Face_only_data\shortened\vqybdfadtl.mp4,REAL
D:\major project\dataset\face only\DFDC_FAKE_Face_only_data\shortened\dgcdkewejs.mp4,FAKE
D:\major project\dataset\face only\DFDC_FAKE_Face_only_data\shortened\blprrfobos.mp4,FAKE
D:\major project\dataset\face only\DFDC_REAL_Face_only_data\shortened\fwjfbaqaux.mp4,REAL
D:\major project\dataset\face only\DFDC_FAKE_Face_only_data\shortened\bkzjlbokrx.mp4,FAKE
D:\major project\dataset\face only\DFDC_FAKE_Face_only_data\shortened\aabkwhhgwv.mp4,FAKE
D:\major project\dataset\face only\DFDC_REAL_Face_only_data\shortened\frwpjswdnr.mp4,REAL
D:\major project\dataset\face only\DFDC_FAKE_Face_only_data\shortened\dwrguqzmpl.mp4,FAKE
D:\major project\dataset\face only\DFDC_REAL_Face_only_data\shortened\wbsedosftd.mp4,REAL
D:\major project\dataset\face only\DFDC_REAL_Face_only_data\shortened\euwzjauqgi.mp4,REAL
D:\major project\dataset\face only\DFDC_REAL_Face_only_data\shortened\kilioqxnmq.mp4,REAL
D:\major project\dataset\face only\DFDC_FAKE_Face_only_data\shortened\debzyjrpxm.mp4,FAKE
D:\major project\dataset\face only\DFDC_FAKE_Face_only_data\shortened\aohtixcgqk.mp4,FAKE
D:\major project\dataset\face only\DFDC_FAKE_Face_only_data\shortened\adsxpxgjlp.mp4,FAKE
D:\major project\dataset\face only\DFDC_REAL_Face_only_data\shortened\afxtastwkm.mp4,REAL
D:\major project\dataset\face only\DFDC_REAL_Face_only_data\shortened\mxrnlrylrq.mp4,REAL
D:\major project\dataset\face only\DFDC_FAKE_Face_only_data\shortened\doxeyanlla.mp4,FAKE
D:\major project\dataset\face only\DFDC_REAL_Face_only_data\shortened\jtcdnrwmwn.mp4,REAL
D:\major project\dataset\face only\DFDC_FAKE_Face_only_data\shortened\bqgwnuocdo.mp4,FAKE
D:\major project\dataset\face only\DFDC_FAKE_Face_only_data\shortened\bkjqhzjyti.mp4,FAKE
D:\major project\dataset\face only\DFDC_FAKE_Face_only_data\shortened\czxtraxsnt.mp4,FAKE
D:\major project\dataset\face only\DFDC_FAKE_Face_only_data\shortened\coegoetjpm.mp4,FAKE
D:\major project\dataset\face only\DFDC_REAL_Face_only_data\shortened\ejwxolkwsr.mp4,REAL
D:\major project\dataset\face only\DFDC_FAKE_Face_only_data\shortened\dvqclmxwgd.mp4,FAKE
D:\major project\dataset\face only\DFDC_REAL_Face_only_data\shortened\sobblmyurt.mp4,REAL
D:\major project\dataset\face only\DFDC_FAKE_Face_only_data\shortened\bhwdqztgmq.mp4,FAKE
D:\major project\dataset\face only\DFDC_FAKE_Face_only_data\shortened\awuxsqvaez.mp4,FAKE
D:\major project\dataset\face only\DFDC_FAKE_Face_only_data\shortened\djibvjxokb.mp4,FAKE
D:\major project\dataset\face only\DFDC_FAKE_Face_only_data\shortened\bgdokxsepy.mp4,FAKE
D:\major project\dataset\face only\DFDC_REAL_Face_only_data\shortened\cmgotitvig.mp4,REAL
D:\major project\dataset\face only\DFDC_FAKE_Face_only_data\shortened\axvafppqre.mp4,FAKE
D:\major project\dataset\face only\DFDC_FAKE_Face_only_data\shortened\ctoeplyxsc.mp4,FAKE
D:\major project\dataset\face only\DFDC_REAL_Face_only_data\shortened\rmpvriplny.mp4,REAL
D:\major project\dataset\face only\DFDC_FAKE_Face_only_data\shortened\dqfvhvptda.mp4,FAKE
D:\major project\dataset\face only\DFDC_REAL_Face_only_data\shortened\fnudskjmbt.mp4,REAL
D:\major project\dataset\face only\DFDC_FAKE_Face_only_data\shortened\dxkqxgumzp.mp4,FAKE
D:\major project\dataset\face only\DFDC_FAKE_Face_only_data\shortened\dwnjghnnvx.mp4,FAKE
D:\major project\dataset\face only\DFDC_FAKE_Face_only_data\shortened\eewlybcbhd.mp4,FAKE
D:\major project\dataset\face only\DFDC_REAL_Face_only_data\shortened\yyaejjkbds.mp4,REAL
D:\major project\dataset\face only\DFDC_FAKE_Face_only_data\shortened\crqybwddzz.mp4,FAKE
D:\major project\dataset\face only\DFDC_FAKE_Face_only_data\shortened\arlklajpvk.mp4,FAKE
D:\major project\dataset\face only\DFDC_FAKE_Face_only_data\shortened\afouwfpdkd.mp4,FAKE
D:\major project\dataset\face only\DFDC_FAKE_Face_only_data\shortened\adxtihgjrs.mp4,FAKE
D:\major project\dataset\face only\DFDC_REAL_Face_only_data\shortened\engsjjoxfe.mp4,REAL
D:\major project\dataset\face only\DFDC_REAL_Face_only_data\shortened\fksksiyyty.mp4,REAL
D:\major project\dataset\face only\DFDC_FAKE_Face_only_data\shortened\abeibpdqhj.mp4,FAKE
D:\major project\dataset\face only\DFDC_REAL_Face_only_data\shortened\llagpqxcma.mp4,REAL
D:\major project\dataset\face only\DFDC_FAKE_Face_only_data\shortened\ddvpmqqrlj.mp4,FAKE
D:\major project\dataset\face only\DFDC_FAKE_Face_only_data\shortened\bbmstrmoaf.mp4,FAKE
D:\major project\dataset\face only\DFDC_FAKE_Face_only_data\shortened\ehfxohnspa.mp4,FAKE
D:\major project\dataset\face only\DFDC_FAKE_Face_only_data\shortened\benxwujzwl.mp4,FAKE
D:\major project\dataset\face only\DFDC_REAL_Face_only_data\shortened\rckdmkkfpe.mp4,REAL
D:\major project\dataset\face only\DFDC_FAKE_Face_only_data\shortened\dgcynprkrb.mp4,FAKE
D:\major project\dataset\face only\DFDC_FAKE_Face_only_data\shortened\davpwsqkog.mp4,FAKE
D:\major project\dataset\face only\DFDC_FAKE_Face_only_data\shortened\cgumdsscsh.mp4,FAKE
D:\major project\dataset\face only\DFDC_REAL_Face_only_data\shortened\iggixplyqf.mp4,REAL
D:\major project\dataset\face only\DFDC_REAL_Face_only_data\shortened\ipolpruzgf.mp4,REAL
D:\major project\dataset\face only\DFDC_REAL_Face_only_data\shortened\wxgwqnrvmw.mp4,REAL
D:\major project\dataset\face only\DFDC_FAKE_Face_only_data\shortened\craslvtlfq.mp4,FAKE
D:\major project\dataset\face only\DFDC_FAKE_Face_only_data\shortened\aisdsiyxvh.mp4,FAKE
D:\major project\dataset\face only\DFDC_REAL_Face_only_data\shortened\wudkmejywf.mp4,REAL
D:\major project\dataset\face only\DFDC_FAKE_Face_only_data\shortened\dbqrktaaub.mp4,FAKE
D:\major project\dataset\face only\DFDC_FAKE_Face_only_data\shortened\cuxqfnwzus.mp4,FAKE
D:\major project\dataset\face only\DFDC_FAKE_Face_only_data\shortened\ehypjoufkk.mp4,FAKE
D:\major project\dataset\face only\DFDC_REAL_Face_only_data\shortened\dbnrpkiwjx.mp4,REAL
D:\major project\dataset\face only\DFDC_REAL_Face_only_data\shortened\pswxwumwvb.mp4,REAL
D:\major project\dataset\face only\DFDC_FAKE_Face_only_data\shortened\conodqbmpe.mp4,FAKE
D:\major project\dataset\face only\DFDC_FAKE_Face_only_data\shortened\drxzulpsoz.mp4,FAKE
D:\major project\dataset\face only\DFDC_FAKE_Face_only_data\shortened\agetriarxi.mp4,FAKE
D:\major project\dataset\face only\DFDC_FAKE_Face_only_data\shortened\bkzcioseyf.mp4,FAKE
D:\major project\dataset\face only\DFDC_REAL_Face_only_data\shortened\dplfintlwc.mp4,REAL
D:\major project\dataset\face only\DFDC_FAKE_Face_only_data\shortened\dokclgqjgu.mp4,FAKE
D:\major project\dataset\face only\DFDC_FAKE_Face_only_data\shortened\ebkzdtebmn.mp4,FAKE
D:\major project\dataset\face only\DFDC_FAKE_Face_only_data\shortened\byofjwgexm.mp4,FAKE
D:\major project\dataset\face only\DFDC_FAKE_Face_only_data\shortened\aibiqkczez.mp4,FAKE
D:\major project\dataset\face only\DFDC_REAL_Face_only_data\shortened\yrkqvzrkmu.mp4,REAL
D:\major project\dataset\face only\DFDC_REAL_Face_only_data\shortened\lxswrmqcpw.mp4,REAL
D:\major project\dataset\face only\DFDC_FAKE_Face_only_data\shortened\aebenljufi.mp4,FAKE
D:\major project\dataset\face only\DFDC_FAKE_Face_only_data\shortened\cdwxurdymt.mp4,FAKE
D:\major project\dataset\face only\DFDC_FAKE_Face_only_data\shortened\axrsphinge.mp4,FAKE
D:\major project\dataset\face only\DFDC_REAL_Face_only_data\shortened\hjhxtcacvv.mp4,REAL
D:\major project\dataset\face only\DFDC_FAKE_Face_only_data\shortened\cuibixkynh.mp4,FAKE
D:\major project\dataset\face only\DFDC_REAL_Face_only_data\shortened\gvicncmstz.mp4,REAL
D:\major project\dataset\face only\DFDC_FAKE_Face_only_data\shortened\cryxhnrndp.mp4,FAKE
D:\major project\dataset\face only\DFDC_FAKE_Face_only_data\shortened\axnsynfgqo.mp4,FAKE
D:\major project\dataset\face only\DFDC_FAKE_Face_only_data\shortened\bidlydtbkf.mp4,FAKE
D:\major project\dataset\face only\DFDC_FAKE_Face_only_data\shortened\edghxugaar.mp4,FAKE
D:\major project\dataset\face only\DFDC_FAKE_Face_only_data\shortened\davhbwinyn.mp4,FAKE
D:\major project\dataset\face only\DFDC_REAL_Face_only_data\shortened\pgeromqhwc.mp4,REAL
D:\major project\dataset\face only\DFDC_FAKE_Face_only_data\shortened\bpwucdibhz.mp4,FAKE
D:\major project\dataset\face only\DFDC_FAKE_Face_only_data\shortened\bvugfvbvno.mp4,FAKE
D:\major project\dataset\face only\DFDC_FAKE_Face_only_data\shortened\aosizimfzi.mp4,FAKE
D:\major project\dataset\face only\DFDC_REAL_Face_only_data\shortened\bjtbmyfoyq.mp4,REAL
D:\major project\dataset\face only\DFDC_REAL_Face_only_data\shortened\hddvofqapm.mp4,REAL
D:\major project\dataset\face only\DFDC_REAL_Face_only_data\shortened\jcsqrhfgso.mp4,REAL
D:\major project\dataset\face only\DFDC_FAKE_Face_only_data\shortened\bkyqaqhdra.mp4,FAKE
D:\major project\dataset\face only\DFDC_FAKE_Face_only_data\shortened\bjqsyskiyq.mp4,FAKE
D:\major project\dataset\face only\DFDC_REAL_Face_only_data\shortened\tjmgpqjnla.mp4,REAL
D:\major project\dataset\face only\DFDC_FAKE_Face_only_data\shortened\dlmbhowqxi.mp4,FAKE
D:\major project\dataset\face only\DFDC_FAKE_Face_only_data\shortened\bqfyfhzjxk.mp4,FAKE
D:\major project\dataset\face only\DFDC_FAKE_Face_only_data\shortened\cspbxdvhzz.mp4,FAKE
D:\major project\dataset\face only\DFDC_FAKE_Face_only_data\shortened\dvgvdygwwy.mp4,FAKE
D:\major project\dataset\face only\DFDC_FAKE_Face_only_data\shortened\bmgnopxcdf.mp4,FAKE
D:\major project\dataset\face only\DFDC_FAKE_Face_only_data\shortened\aedbjztjwz.mp4,FAKE
D:\major project\dataset\face only\DFDC_REAL_Face_only_data\shortened\rqgzqwujgo.mp4,REAL
D:\major project\dataset\face only\DFDC_FAKE_Face_only_data\shortened\cyvbeyvgbd.mp4,FAKE
D:\major project\dataset\face only\DFDC_FAKE_Face_only_data\shortened\abiotberut.mp4,FAKE
D:\major project\dataset\face only\DFDC_FAKE_Face_only_data\shortened\ajgukoojpg.mp4,FAKE
D:\major project\dataset\face only\DFDC_FAKE_Face_only_data\shortened\duvffhbhlr.mp4,FAKE
D:\major project\dataset\face only\DFDC_FAKE_Face_only_data\shortened\djdawhgbsk.mp4,FAKE
D:\major project\dataset\face only\DFDC_REAL_Face_only_data\shortened\cwbubjzysv.mp4,REAL
D:\major project\dataset\face only\DFDC_REAL_Face_only_data\shortened\ngvvgveogh.mp4,REAL
D:\major project\dataset\face only\DFDC_REAL_Face_only_data\shortened\szhseoemfz.mp4,REAL
D:\major project\dataset\face only\DFDC_REAL_Face_only_data\shortened\pwwrycbwku.mp4,REAL
D:\major project\dataset\face only\DFDC_FAKE_Face_only_data\shortened\clwkkqwozj.mp4,FAKE
D:\major project\dataset\face only\DFDC_FAKE_Face_only_data\shortened\egsxemfpsx.mp4,FAKE
D:\major project\dataset\face only\DFDC_REAL_Face_only_data\shortened\mvmbdizipz.mp4,REAL
D:\major project\dataset\face only\DFDC_FAKE_Face_only_data\shortened\avjqdkzjdx.mp4,FAKE
D:\major project\dataset\face only\DFDC_FAKE_Face_only_data\shortened\augfkhqkbv.mp4,FAKE
D:\major project\dataset\face only\DFDC_REAL_Face_only_data\shortened\vchgbyqolg.mp4,REAL
D:\major project\dataset\face only\DFDC_FAKE_Face_only_data\shortened\dzngxjxwjy.mp4,FAKE
D:\major project\dataset\face only\DFDC_REAL_Face_only_data\shortened\qmifyvokds.mp4,REAL
D:\major project\dataset\face only\DFDC_FAKE_Face_only_data\shortened\chvwneqdcy.mp4,FAKE
D:\major project\dataset\face only\DFDC_FAKE_Face_only_data\shortened\aralaxkuwf.mp4,FAKE
D:\major project\dataset\face only\DFDC_FAKE_Face_only_data\shortened\dhvhfxtqsw.mp4,FAKE
D:\major project\dataset\face only\DFDC_FAKE_Face_only_data\shortened\awkknginsz.mp4,FAKE
D:\major project\dataset\face only\DFDC_REAL_Face_only_data\shortened\duufrtgxtq.mp4,REAL
D:\major project\dataset\face only\DFDC_FAKE_Face_only_data\shortened\ddgubuafql.mp4,FAKE
D:\major project\dataset\face only\DFDC_FAKE_Face_only_data\shortened\ckhqbkkswv.mp4,FAKE
D:\major project\dataset\face only\DFDC_REAL_Face_only_data\shortened\leoicyngqc.mp4,REAL
D:\major project\dataset\face only\DFDC_REAL_Face_only_data\shortened\eekfppyltt.mp4,REAL
D:\major project\dataset\face only\DFDC_REAL_Face_only_data\shortened\kpropgluhn.mp4,REAL
D:\major project\dataset\face only\DFDC_FAKE_Face_only_data\shortened\aqgwyuaijx.mp4,FAKE
D:\major project\dataset\face only\DFDC_FAKE_Face_only_data\shortened\dfejiindbl.mp4,FAKE
D:\major project\dataset\face only\DFDC_FAKE_Face_only_data\shortened\aicezwkwgl.mp4,FAKE
D:\major project\dataset\face only\DFDC_REAL_Face_only_data\shortened\dkntaifhkt.mp4,REAL
D:\major project\dataset\face only\DFDC_FAKE_Face_only_data\shortened\dvmvkmynha.mp4,FAKE
D:\major project\dataset\face only\DFDC_REAL_Face_only_data\shortened\whrmienink.mp4,REAL
D:\major project\dataset\face only\DFDC_FAKE_Face_only_data\shortened\avtfoeadnt.mp4,FAKE
D:\major project\dataset\face only\DFDC_FAKE_Face_only_data\shortened\bwmnobzril.mp4,FAKE
D:\major project\dataset\face only\DFDC_FAKE_Face_only_data\shortened\ddfscdlncl.mp4,FAKE
D:\major project\dataset\face only\DFDC_REAL_Face_only_data\shortened\tbiyacqeew.mp4,REAL
D:\major project\dataset\face only\DFDC_FAKE_Face_only_data\shortened\dfxtesniah.mp4,FAKE
D:\major project\dataset\face only\DFDC_REAL_Face_only_data\shortened\jnxninjsir.mp4,REAL
D:\major project\dataset\face only\DFDC_FAKE_Face_only_data\shortened\disgdyizyu.mp4,FAKE
D:\major project\dataset\face only\DFDC_FAKE_Face_only_data\shortened\ecfydhcubl.mp4,FAKE
D:\major project\dataset\face only\DFDC_FAKE_Face_only_data\shortened\bhzmcktrkb.mp4,FAKE
D:\major project\dataset\face only\DFDC_FAKE_Face_only_data\shortened\csakctnwak.mp4,FAKE
D:\major project\dataset\face only\DFDC_REAL_Face_only_data\shortened\lejzouanmd.mp4,REAL
D:\major project\dataset\face only\DFDC_FAKE_Face_only_data\shortened\aqkxylfqqc.mp4,FAKE
D:\major project\dataset\face only\DFDC_FAKE_Face_only_data\shortened\aqaoadlzlh.mp4,FAKE
D:\major project\dataset\face only\DFDC_FAKE_Face_only_data\shortened\cswvrrtrfi.mp4,FAKE
D:\major project\dataset\face only\DFDC_FAKE_Face_only_data\shortened\ayqywtrjhl.mp4,FAKE
D:\major project\dataset\face only\DFDC_REAL_Face_only_data\shortened\tfqrimpcfz.mp4,REAL
D:\major project\dataset\face only\DFDC_FAKE_Face_only_data\shortened\dasyfhyvuq.mp4,FAKE
D:\major project\dataset\face only\DFDC_FAKE_Face_only_data\shortened\convzgmiqk.mp4,FAKE
D:\major project\dataset\face only\DFDC_FAKE_Face_only_data\shortened\ajalgtjhgp.mp4,FAKE
D:\major project\dataset\face only\DFDC_FAKE_Face_only_data\shortened\ccirkpwvgi.mp4,FAKE
D:\major project\dataset\face only\DFDC_REAL_Face_only_data\shortened\iwfqatwnfa.mp4,REAL
D:\major project\dataset\face only\DFDC_FAKE_Face_only_data\shortened\cgdrgdldtn.mp4,FAKE
D:\major project\dataset\face only\DFDC_REAL_Face_only_data\shortened\rzgdszqase.mp4,REAL
D:\major project\dataset\face only\DFDC_REAL_Face_only_data\shortened\rutwnoagbl.mp4,REAL
D:\major project\dataset\face only\DFDC_FAKE_Face_only_data\shortened\angokkehzt.mp4,FAKE
D:\major project\dataset\face only\DFDC_FAKE_Face_only_data\shortened\eduorgiuji.mp4,FAKE
D:\major project\dataset\face only\DFDC_REAL_Face_only_data\shortened\ejmpycnatt.mp4,REAL
D:\major project\dataset\face only\DFDC_REAL_Face_only_data\shortened\fnxmqrygbm.mp4,REAL
D:\major project\dataset\face only\DFDC_FAKE_Face_only_data\shortened\bhkjrexduj.mp4,FAKE
D:\major project\dataset\face only\DFDC_REAL_Face_only_data\shortened\juuxucpukk.mp4,REAL
D:\major project\dataset\face only\DFDC_FAKE_Face_only_data\shortened\bvienyqobe.mp4,FAKE
D:\major project\dataset\face only\DFDC_FAKE_Face_only_data\shortened\ebjdmhnula.mp4,FAKE
D:\major project\dataset\face only\DFDC_REAL_Face_only_data\shortened\kguzqxckys.mp4,REAL
D:\major project\dataset\face only\DFDC_FAKE_Face_only_data\shortened\buzkrvzzlp.mp4,FAKE
D:\major project\dataset\face only\DFDC_FAKE_Face_only_data\shortened\dpihwwnser.mp4,FAKE
D:\major project\dataset\face only\DFDC_FAKE_Face_only_data\shortened\dqcmqcmmba.mp4,FAKE
D:\major project\dataset\face only\DFDC_FAKE_Face_only_data\shortened\aysrnwnhii.mp4,FAKE
D:\major project\dataset\face only\DFDC_FAKE_Face_only_data\shortened\bjhrnoxued.mp4,FAKE
D:\major project\dataset\face only\DFDC_FAKE_Face_only_data\shortened\cifhvelrvx.mp4,FAKE
D:\major project\dataset\face only\DFDC_FAKE_Face_only_data\shortened\dyioiacfyw.mp4,FAKE
D:\major project\dataset\face only\DFDC_FAKE_Face_only_data\shortened\dsvwtcrvwv.mp4,FAKE
D:\major project\dataset\face only\DFDC_FAKE_Face_only_data\shortened\aiuutdsmpd.mp4,FAKE
D:\major project\dataset\face only\DFDC_REAL_Face_only_data\shortened\lkppttaxoq.mp4,REAL
D:\major project\dataset\face only\DFDC_REAL_Face_only_data\shortened\udgswgspcm.mp4,REAL
D:\major project\dataset\face only\DFDC_REAL_Face_only_data\shortened\nfqpnrwvep.mp4,REAL
D:\major project\dataset\face only\DFDC_FAKE_Face_only_data\shortened\bspvtixfud.mp4,FAKE
D:\major project\dataset\face only\DFDC_FAKE_Face_only_data\shortened\dbkmxwlytr.mp4,FAKE
D:\major project\dataset\face only\DFDC_FAKE_Face_only_data\shortened\ahqbzhlgfd.mp4,FAKE
D:\major project\dataset\face only\DFDC_FAKE_Face_only_data\shortened\cbywmlmeds.mp4,FAKE
D:\major project\dataset\face only\DFDC_FAKE_Face_only_data\shortened\bhtrhmtfvu.mp4,FAKE
D:\major project\dataset\face only\DFDC_REAL_Face_only_data\shortened\jqqpgsorcl.mp4,REAL
D:\major project\dataset\face only\DFDC_REAL_Face_only_data\shortened\fuusxfhmrc.mp4,REAL
D:\major project\dataset\face only\DFDC_REAL_Face_only_data\shortened\aqmydibivi.mp4,REAL
D:\major project\dataset\face only\DFDC_REAL_Face_only_data\shortened\qhkwjzpuud.mp4,REAL
D:\major project\dataset\face only\DFDC_FAKE_Face_only_data\shortened\ayvkjimrki.mp4,FAKE
D:\major project\dataset\face only\DFDC_REAL_Face_only_data\shortened\rmuyiybkxk.mp4,REAL
D:\major project\dataset\face only\DFDC_REAL_Face_only_data\shortened\blyoxkhsdl.mp4,REAL
D:\major project\dataset\face only\DFDC_FAKE_Face_only_data\shortened\eahmseribf.mp4,FAKE
D:\major project\dataset\face only\DFDC_FAKE_Face_only_data\shortened\coatfjiush.mp4,FAKE
D:\major project\dataset\face only\DFDC_REAL_Face_only_data\shortened\nejuxyzoyd.mp4,REAL
D:\major project\dataset\face only\DFDC_REAL_Face_only_data\shortened\ulbqxiejgi.mp4,REAL
D:\major project\dataset\face only\DFDC_REAL_Face_only_data\shortened\wkrivltdys.mp4,REAL
D:\major project\dataset\face only\DFDC_FAKE_Face_only_data\shortened\aweyorxpto.mp4,FAKE
D:\major project\dataset\face only\DFDC_REAL_Face_only_data\shortened\fxtrbrdcgo.mp4,REAL
D:\major project\dataset\face only\DFDC_FAKE_Face_only_data\shortened\agsrndrnjg.mp4,FAKE
D:\major project\dataset\face only\DFDC_REAL_Face_only_data\shortened\dwhlwvplsz.mp4,REAL
D:\major project\dataset\face only\DFDC_FAKE_Face_only_data\shortened\bfajryuvdg.mp4,FAKE
D:\major project\dataset\face only\DFDC_FAKE_Face_only_data\shortened\agwtvukqyx.mp4,FAKE
D:\major project\dataset\face only\DFDC_FAKE_Face_only_data\shortened\abssilrpat.mp4,FAKE
D:\major project\dataset\face only\DFDC_FAKE_Face_only_data\shortened\eculwfsisv.mp4,FAKE
D:\major project\dataset\face only\DFDC_REAL_Face_only_data\shortened\rtcnwhskkw.mp4,REAL
D:\major project\dataset\face only\DFDC_FAKE_Face_only_data\shortened\eeqnbbafzq.mp4,FAKE
D:\major project\dataset\face only\DFDC_REAL_Face_only_data\shortened\nsfnxqvgxn.mp4,REAL
D:\major project\dataset\face only\DFDC_REAL_Face_only_data\shortened\ylntmnbfvk.mp4,REAL
D:\major project\dataset\face only\DFDC_REAL_Face_only_data\shortened\onavgkayge.mp4,REAL
D:\major project\dataset\face only\DFDC_REAL_Face_only_data\shortened\zhplmoxofo.mp4,REAL
D:\major project\dataset\face only\DFDC_FAKE_Face_only_data\shortened\bmtvkrvubb.mp4,FAKE
D:\major project\dataset\face only\DFDC_REAL_Face_only_data\shortened\yiwldoyyvv.mp4,REAL
D:\major project\dataset\face only\DFDC_REAL_Face_only_data\shortened\tlimufbiog.mp4,REAL
D:\major project\dataset\face only\DFDC_REAL_Face_only_data\shortened\kerpokjmkf.mp4,REAL
D:\major project\dataset\face only\DFDC_REAL_Face_only_data\shortened\zjnrllmowq.mp4,REAL
D:\major project\dataset\face only\DFDC_FAKE_Face_only_data\shortened\dtrasqdgid.mp4,FAKE
D:\major project\dataset\face only\DFDC_REAL_Face_only_data\shortened\knkhspjotx.mp4,REAL
D:\major project\dataset\face only\DFDC_FAKE_Face_only_data\shortened\dnrojrvdrw.mp4,FAKE
D:\major project\dataset\face only\DFDC_FAKE_Face_only_data\shortened\buxipbfbir.mp4,FAKE
D:\major project\dataset\face only\DFDC_REAL_Face_only_data\shortened\figsmtmzse.mp4,REAL
D:\major project\dataset\face only\DFDC_REAL_Face_only_data\shortened\zqfqdmqkyj.mp4,REAL
D:\major project\dataset\face only\DFDC_REAL_Face_only_data\shortened\mxjfuswavn.mp4,REAL
D:\major project\dataset\face only\DFDC_FAKE_Face_only_data\shortened\dvusgcaaji.mp4,FAKE
D:\major project\dataset\face only\DFDC_REAL_Face_only_data\shortened\dafhnjbgjp.mp4,REAL
D:\major project\dataset\face only\DFDC_FAKE_Face_only_data\shortened\dyhegporuf.mp4,FAKE
D:\major project\dataset\face only\DFDC_FAKE_Face_only_data\shortened\bilwtjqxak.mp4,FAKE
D:\major project\dataset\face only\DFDC_FAKE_Face_only_data\shortened\buavuaumij.mp4,FAKE
D:\major project\dataset\face only\DFDC_REAL_Face_only_data\shortened\gxsbbcjuzh.mp4,REAL
D:\major project\dataset\face only\DFDC_REAL_Face_only_data\shortened\gefugazrua.mp4,REAL
D:\major project\dataset\face only\DFDC_FAKE_Face_only_data\shortened\dewgobbsfq.mp4,FAKE
D:\major project\dataset\face only\DFDC_FAKE_Face_only_data\shortened\aemuyscfmg.mp4,FAKE
D:\major project\dataset\face only\DFDC_FAKE_Face_only_data\shortened\ajxqmncunn.mp4,FAKE
D:\major project\dataset\face only\DFDC_REAL_Face_only_data\shortened\lkfoelyxpq.mp4,REAL
D:\major project\dataset\face only\DFDC_REAL_Face_only_data\shortened\uzlkfyluxj.mp4,REAL
D:\major project\dataset\face only\DFDC_FAKE_Face_only_data\shortened\azqvligwls.mp4,FAKE
D:\major project\dataset\face only\DFDC_REAL_Face_only_data\shortened\tlcvcbarnk.mp4,REAL
D:\major project\dataset\face only\DFDC_REAL_Face_only_data\shortened\yieptjmvhm.mp4,REAL
D:\major project\dataset\face only\DFDC_FAKE_Face_only_data\shortened\buqjtkguuj.mp4,FAKE
D:\major project\dataset\face only\DFDC_FAKE_Face_only_data\shortened\dplgqdumdb.mp4,FAKE
D:\major project\dataset\face only\DFDC_REAL_Face_only_data\shortened\spyazeqqds.mp4,REAL
D:\major project\dataset\face only\DFDC_REAL_Face_only_data\shortened\plukixxapg.mp4,REAL
D:\major project\dataset\face only\DFDC_FAKE_Face_only_data\shortened\dvmmryecpe.mp4,FAKE
D:\major project\dataset\face only\DFDC_REAL_Face_only_data\shortened\nilxaonflk.mp4,REAL
D:\major project\dataset\face only\DFDC_FAKE_Face_only_data\shortened\ccaiyxmdut.mp4,FAKE
D:\major project\dataset\face only\DFDC_REAL_Face_only_data\shortened\ttgaikzvix.mp4,REAL
D:\major project\dataset\face only\DFDC_FAKE_Face_only_data\shortened\asiduvhsif.mp4,FAKE
D:\major project\dataset\face only\DFDC_REAL_Face_only_data\shortened\ejllqmhnyt.mp4,REAL
D:\major project\dataset\face only\DFDC_FAKE_Face_only_data\shortened\eixgvemqnk.mp4,FAKE
D:\major project\dataset\face only\DFDC_FAKE_Face_only_data\shortened\bttkvdunwu.mp4,FAKE
D:\major project\dataset\face only\DFDC_REAL_Face_only_data\shortened\zejwzdeabv.mp4,REAL
D:\major project\dataset\face only\DFDC_REAL_Face_only_data\shortened\fhioksfycd.mp4,REAL
D:\major project\dataset\face only\DFDC_FAKE_Face_only_data\shortened\bnthvgevmy.mp4,FAKE
D:\major project\dataset\face only\DFDC_FAKE_Face_only_data\shortened\dxexoyuqqf.mp4,FAKE
D:\major project\dataset\face only\DFDC_REAL_Face_only_data\shortened\vlxmqleltz.mp4,REAL
D:\major project\dataset\face only\DFDC_FAKE_Face_only_data\shortened\bptrqltmsx.mp4,FAKE
D:\major project\dataset\face only\DFDC_REAL_Face_only_data\shortened\xdkrcntpso.mp4,REAL
D:\major project\dataset\face only\DFDC_REAL_Face_only_data\shortened\crnbqgwbmt.mp4,REAL
D:\major project\dataset\face only\DFDC_REAL_Face_only_data\shortened\zwaxouvabs.mp4,REAL
D:\major project\dataset\face only\DFDC_REAL_Face_only_data\shortened\zzpbsapyyf.mp4,REAL
D:\major project\dataset\face only\DFDC_FAKE_Face_only_data\shortened\bsqnzpidrn.mp4,FAKE
D:\major project\dataset\face only\DFDC_REAL_Face_only_data\shortened\qvmadvtfzf.mp4,REAL
D:\major project\dataset\face only\DFDC_FAKE_Face_only_data\shortened\dmzupwmxjo.mp4,FAKE
D:\major project\dataset\face only\DFDC_FAKE_Face_only_data\shortened\bljlskjwsg.mp4,FAKE
D:\major project\dataset\face only\DFDC_REAL_Face_only_data\shortened\xgscdzbugy.mp4,REAL
D:\major project\dataset\face only\DFDC_FAKE_Face_only_data\shortened\cxngwglwnw.mp4,FAKE
D:\major project\dataset\face only\DFDC_REAL_Face_only_data\shortened\kpltzztlvj.mp4,REAL
D:\major project\dataset\face only\DFDC_REAL_Face_only_data\shortened\objlrnhyjq.mp4,REAL
D:\major project\dataset\face only\DFDC_FAKE_Face_only_data\shortened\eaakpmkvvp.mp4,FAKE
D:\major project\dataset\face only\DFDC_REAL_Face_only_data\shortened\ymwmhfiwmb.mp4,REAL
D:\major project\dataset\face only\DFDC_FAKE_Face_only_data\shortened\bxrlaehmdg.mp4,FAKE
D:\major project\dataset\face only\DFDC_REAL_Face_only_data\shortened\selrivfagu.mp4,REAL
D:\major project\dataset\face only\DFDC_REAL_Face_only_data\shortened\zwtmeatpkq.mp4,REAL
D:\major project\dataset\face only\DFDC_REAL_Face_only_data\shortened\ebxeniwdgc.mp4,REAL
D:\major project\dataset\face only\DFDC_FAKE_Face_only_data\shortened\ciminikxsj.mp4,FAKE
D:\major project\dataset\face only\DFDC_REAL_Face_only_data\shortened\nmmzvnlgek.mp4,REAL
D:\major project\dataset\face only\DFDC_REAL_Face_only_data\shortened\oovaksexmh.mp4,REAL
D:\major project\dataset\face only\DFDC_FAKE_Face_only_data\shortened\blplivuqcr.mp4,FAKE
D:\major project\dataset\face only\DFDC_FAKE_Face_only_data\shortened\bopzdqqfqi.mp4,FAKE
D:\major project\dataset\face only\DFDC_FAKE_Face_only_data\shortened\dywrvfnhme.mp4,FAKE
D:\major project\dataset\face only\DFDC_REAL_Face_only_data\shortened\wwsfqkfkep.mp4,REAL
D:\major project\dataset\face only\DFDC_REAL_Face_only_data\shortened\jtpjvsnwjc.mp4,REAL
D:\major project\dataset\face only\DFDC_FAKE_Face_only_data\shortened\aciykyosuy.mp4,FAKE
D:\major project\dataset\face only\DFDC_REAL_Face_only_data\shortened\ztdtnirdhh.mp4,REAL
D:\major project\dataset\face only\DFDC_REAL_Face_only_data\shortened\ikokogfuzz.mp4,REAL
D:\major project\dataset\face only\DFDC_FAKE_Face_only_data\shortened\dkeontafvh.mp4,FAKE
D:\major project\dataset\face only\DFDC_REAL_Face_only_data\shortened\yoqqryxlll.mp4,REAL
D:\major project\dataset\face only\DFDC_FAKE_Face_only_data\shortened\bavaszoflz.mp4,FAKE
D:\major project\dataset\face only\DFDC_REAL_Face_only_data\shortened\pllyywolvy.mp4,REAL
D:\major project\dataset\face only\DFDC_REAL_Face_only_data\shortened\fwiyjcfwta.mp4,REAL
D:\major project\dataset\face only\DFDC_REAL_Face_only_data\shortened\nlqyedaokg.mp4,REAL
D:\major project\dataset\face only\DFDC_REAL_Face_only_data\shortened\lcfikdgtrl.mp4,REAL
D:\major project\dataset\face only\DFDC_REAL_Face_only_data\shortened\owgnqjrscy.mp4,REAL
D:\major project\dataset\face only\DFDC_REAL_Face_only_data\shortened\xowmjjuavg.mp4,REAL
D:\major project\dataset\face only\DFDC_REAL_Face_only_data\shortened\przkpfwrmr.mp4,REAL
D:\major project\dataset\face only\DFDC_REAL_Face_only_data\shortened\ttgfcsyfcg.mp4,REAL
D:\major project\dataset\face only\DFDC_REAL_Face_only_data\shortened\mkcmhdexey.mp4,REAL
D:\major project\dataset\face only\DFDC_REAL_Face_only_data\shortened\wstgvdiflj.mp4,REAL
D:\major project\dataset\face only\DFDC_FAKE_Face_only_data\shortened\cnvkzbnefj.mp4,FAKE
D:\major project\dataset\face only\DFDC_REAL_Face_only_data\shortened\sxhwdvetbh.mp4,REAL
D:\major project\dataset\face only\DFDC_REAL_Face_only_data\shortened\egkaufznwj.mp4,REAL
D:\major project\dataset\face only\DFDC_FAKE_Face_only_data\shortened\bpgclzzckb.mp4,FAKE
D:\major project\dataset\face only\DFDC_FAKE_Face_only_data\shortened\copybkdfji.mp4,FAKE
D:\major project\dataset\face only\DFDC_REAL_Face_only_data\shortened\ywpbkpicbt.mp4,REAL
D:\major project\dataset\face only\DFDC_REAL_Face_only_data\shortened\lmgbrxnyjk.mp4,REAL
D:\major project\dataset\face only\DFDC_REAL_Face_only_data\shortened\matmepwiel.mp4,REAL
D:\major project\dataset\face only\DFDC_REAL_Face_only_data\shortened\dobyrqmayi.mp4,REAL
D:\major project\dataset\face only\DFDC_REAL_Face_only_data\shortened\ppmamjdpzw.mp4,REAL
D:\major project\dataset\face only\DFDC_FAKE_Face_only_data\shortened\bvfhvgdlnl.mp4,FAKE
D:\major project\dataset\face only\DFDC_REAL_Face_only_data\shortened\tpzecuwvyf.mp4,REAL
D:\major project\dataset\face only\DFDC_FAKE_Face_only_data\shortened\ajpwtcvoqm.mp4,FAKE
D:\major project\dataset\face only\DFDC_REAL_Face_only_data\shortened\titmflflrv.mp4,REAL
D:\major project\dataset\face only\DFDC_REAL_Face_only_data\shortened\lgvpvxzbje.mp4,REAL
D:\major project\dataset\face only\DFDC_REAL_Face_only_data\shortened\titvikgntw.mp4,REAL
D:\major project\dataset\face only\DFDC_REAL_Face_only_data\shortened\jmmrrmjjhc.mp4,REAL
D:\major project\dataset\face only\DFDC_REAL_Face_only_data\shortened\evtejfbbal.mp4,REAL
D:\major project\dataset\face only\DFDC_REAL_Face_only_data\shortened\bcorltkxuf.mp4,REAL
D:\major project\dataset\face only\DFDC_REAL_Face_only_data\shortened\fzjvdhvfhp.mp4,REAL
D:\major project\dataset\face only\DFDC_FAKE_Face_only_data\shortened\akmvjzulkz.mp4,FAKE
D:\major project\dataset\face only\DFDC_REAL_Face_only_data\shortened\ugehfvqgbq.mp4,REAL
D:\major project\dataset\face only\DFDC_REAL_Face_only_data\shortened\tcquctnaeu.mp4,REAL
D:\major project\dataset\face only\DFDC_REAL_Face_only_data\shortened\ovsraliubt.mp4,REAL
D:\major project\dataset\face only\DFDC_REAL_Face_only_data\shortened\bojeaxbyqw.mp4,REAL
D:\major project\dataset\face only\DFDC_FAKE_Face_only_data\shortened\dwwninqprc.mp4,FAKE
D:\major project\dataset\face only\DFDC_REAL_Face_only_data\shortened\dtvlwkzhwb.mp4,REAL
D:\major project\dataset\face only\DFDC_REAL_Face_only_data\shortened\mguicjhxmq.mp4,REAL
D:\major project\dataset\face only\DFDC_FAKE_Face_only_data\shortened\bwquverbcd.mp4,FAKE
D:\major project\dataset\face only\DFDC_FAKE_Face_only_data\shortened\bycktzkuax.mp4,FAKE
D:\major project\dataset\face only\DFDC_REAL_Face_only_data\shortened\zxiwxpuuce.mp4,REAL
D:\major project\dataset\face only\DFDC_REAL_Face_only_data\shortened\mbmiuwgixg.mp4,REAL
D:\major project\dataset\face only\DFDC_REAL_Face_only_data\shortened\xkokkanfcj.mp4,REAL
D:\major project\dataset\face only\DFDC_FAKE_Face_only_data\shortened\bfrwghgtrn.mp4,FAKE
D:\major project\dataset\face only\DFDC_FAKE_Face_only_data\shortened\azlwgfnjpi.mp4,FAKE
D:\major project\dataset\face only\DFDC_FAKE_Face_only_data\shortened\axntzvpfmh.mp4,FAKE
D:\major project\dataset\face only\DFDC_FAKE_Face_only_data\shortened\bgwmmwgmgk.mp4,FAKE
D:\major project\dataset\face only\DFDC_REAL_Face_only_data\shortened\pupojdyqlw.mp4,REAL
D:\major project\dataset\face only\DFDC_REAL_Face_only_data\shortened\lbaqljuzgt.mp4,REAL
D:\major project\dataset\face only\DFDC_REAL_Face_only_data\shortened\ldefkanmkf.mp4,REAL
D:\major project\dataset\face only\DFDC_REAL_Face_only_data\shortened\rdpumvchul.mp4,REAL
D:\major project\dataset\face only\DFDC_REAL_Face_only_data\shortened\hzhvexzokl.mp4,REAL
D:\major project\dataset\face only\DFDC_FAKE_Face_only_data\shortened\cgmyiexmbk.mp4,FAKE
D:\major project\dataset\face only\DFDC_REAL_Face_only_data\shortened\oildclpnpu.mp4,REAL
D:\major project\dataset\face only\DFDC_REAL_Face_only_data\shortened\biyldyzclj.mp4,REAL
D:\major project\dataset\face only\DFDC_REAL_Face_only_data\shortened\jxrejahpqa.mp4,REAL
D:\major project\dataset\face only\DFDC_REAL_Face_only_data\shortened\cbgerjhdzy.mp4,REAL
D:\major project\dataset\face only\DFDC_FAKE_Face_only_data\shortened\cintoxpsgf.mp4,FAKE
D:\major project\dataset\face only\DFDC_FAKE_Face_only_data\shortened\dowybibeqv.mp4,FAKE
D:\major project\dataset\face only\DFDC_REAL_Face_only_data\shortened\fsoanljfmx.mp4,REAL
D:\major project\dataset\face only\DFDC_FAKE_Face_only_data\shortened\ecemscsrgg.mp4,FAKE
D:\major project\dataset\face only\DFDC_REAL_Face_only_data\shortened\zquignrzhj.mp4,REAL
D:\major project\dataset\face only\DFDC_REAL_Face_only_data\shortened\cqvrufiicc.mp4,REAL
D:\major project\dataset\face only\DFDC_FAKE_Face_only_data\shortened\bykuvjnkuf.mp4,FAKE
D:\major project\dataset\face only\DFDC_FAKE_Face_only_data\shortened\dgzrkiuhre.mp4,FAKE
D:\major project\dataset\face only\DFDC_REAL_Face_only_data\shortened\yoosbxmtow.mp4,REAL
D:\major project\dataset\face only\DFDC_FAKE_Face_only_data\shortened\doiwcojvgj.mp4,FAKE
D:\major project\dataset\face only\DFDC_REAL_Face_only_data\shortened\domsajovzs.mp4,REAL
D:\major project\dataset\face only\DFDC_FAKE_Face_only_data\shortened\aldiaifkrb.mp4,FAKE
D:\major project\dataset\face only\DFDC_REAL_Face_only_data\shortened\qskstyrigj.mp4,REAL
D:\major project\dataset\face only\DFDC_FAKE_Face_only_data\shortened\daityhferh.mp4,FAKE
D:\major project\dataset\face only\DFDC_FAKE_Face_only_data\shortened\cfwkrubysq.mp4,FAKE
D:\major project\dataset\face only\DFDC_FAKE_Face_only_data\shortened\ctgradkbzn.mp4,FAKE
D:\major project\dataset\face only\DFDC_REAL_Face_only_data\shortened\hkplvhwibp.mp4,REAL
D:\major project\dataset\face only\DFDC_REAL_Face_only_data\shortened\wuhxicjmkj.mp4,REAL
D:\major project\dataset\face only\DFDC_REAL_Face_only_data\shortened\dkjxtelpyg.mp4,REAL
D:\major project\dataset\face only\DFDC_FAKE_Face_only_data\shortened\apgxbcqpko.mp4,FAKE
D:\major project\dataset\face only\DFDC_REAL_Face_only_data\shortened\anndvqgoko.mp4,REAL
D:\major project\dataset\face only\DFDC_REAL_Face_only_data\shortened\tsvbsrtcom.mp4,REAL
D:\major project\dataset\face only\DFDC_FAKE_Face_only_data\shortened\crvjayqqcl.mp4,FAKE
D:\major project\dataset\face only\DFDC_REAL_Face_only_data\shortened\chohzofpsz.mp4,REAL
D:\major project\dataset\face only\DFDC_REAL_Face_only_data\shortened\vpamslbafq.mp4,REAL
D:\major project\dataset\face only\DFDC_REAL_Face_only_data\shortened\dekubmzctv.mp4,REAL
D:\major project\dataset\face only\DFDC_REAL_Face_only_data\shortened\iqqckuassu.mp4,REAL
D:\major project\dataset\face only\DFDC_REAL_Face_only_data\shortened\nkqahghhxx.mp4,REAL
D:\major project\dataset\face only\DFDC_REAL_Face_only_data\shortened\ryggmbhrmc.mp4,REAL
D:\major project\dataset\face only\DFDC_FAKE_Face_only_data\shortened\ckmjeilxpy.mp4,FAKE
D:\major project\dataset\face only\DFDC_REAL_Face_only_data\shortened\vrygfsxghl.mp4,REAL
D:\major project\dataset\face only\DFDC_FAKE_Face_only_data\shortened\cjazrigwbq.mp4,FAKE
D:\major project\dataset\face only\DFDC_FAKE_Face_only_data\shortened\cczisiwrmd.mp4,FAKE
D:\major project\dataset\face only\DFDC_REAL_Face_only_data\shortened\ciarewcddo.mp4,REAL
D:\major project\dataset\face only\DFDC_REAL_Face_only_data\shortened\usxwvvhtih.mp4,REAL
D:\major project\dataset\face only\DFDC_FAKE_Face_only_data\shortened\ckkcbibrkd.mp4,FAKE
D:\major project\dataset\face only\DFDC_REAL_Face_only_data\shortened\tjbqbxpelz.mp4,REAL
D:\major project\dataset\face only\DFDC_FAKE_Face_only_data\shortened\bxnheaevzx.mp4,FAKE
D:\major project\dataset\face only\DFDC_REAL_Face_only_data\shortened\udfmguouqh.mp4,REAL
D:\major project\dataset\face only\DFDC_REAL_Face_only_data\shortened\nioqtolubb.mp4,REAL
D:\major project\dataset\face only\DFDC_REAL_Face_only_data\shortened\qvbhffochl.mp4,REAL
D:\major project\dataset\face only\DFDC_REAL_Face_only_data\shortened\uyrhbkmzat.mp4,REAL
D:\major project\dataset\face only\DFDC_REAL_Face_only_data\shortened\wrgflmpxpi.mp4,REAL
D:\major project\dataset\face only\DFDC_REAL_Face_only_data\shortened\sbmlekhkao.mp4,REAL
D:\major project\dataset\face only\DFDC_FAKE_Face_only_data\shortened\cpsttjlkme.mp4,FAKE
D:\major project\dataset\face only\DFDC_REAL_Face_only_data\shortened\jbaqarlltp.mp4,REAL
D:\major project\dataset\face only\DFDC_REAL_Face_only_data\shortened\mjtgoedhei.mp4,REAL
D:\major project\dataset\face only\DFDC_REAL_Face_only_data\shortened\pvlqsnxkpb.mp4,REAL
D:\major project\dataset\face only\DFDC_REAL_Face_only_data\shortened\qeopftwnwe.mp4,REAL
D:\major project\dataset\face only\DFDC_REAL_Face_only_data\shortened\pzvqmdizij.mp4,REAL
D:\major project\dataset\face only\DFDC_REAL_Face_only_data\shortened\zdhmhvkvqf.mp4,REAL
D:\major project\dataset\face only\DFDC_FAKE_Face_only_data\shortened\bsnxoayogp.mp4,FAKE
D:\major project\dataset\face only\DFDC_REAL_Face_only_data\shortened\aqshzvyucn.mp4,REAL
D:\major project\dataset\face only\DFDC_FAKE_Face_only_data\shortened\dkjbpakqzz.mp4,FAKE
D:\major project\dataset\face only\DFDC_REAL_Face_only_data\shortened\wetemidcey.mp4,REAL
D:\major project\dataset\face only\DFDC_REAL_Face_only_data\shortened\jrabtkjqwn.mp4,REAL
D:\major project\dataset\face only\DFDC_REAL_Face_only_data\shortened\hrifyziwgp.mp4,REAL
D:\major project\dataset\face only\DFDC_REAL_Face_only_data\shortened\hagwpqirru.mp4,REAL
D:\major project\dataset\face only\DFDC_REAL_Face_only_data\shortened\jtjeyowlxq.mp4,REAL
D:\major project\dataset\face only\DFDC_REAL_Face_only_data\shortened\obifapcvef.mp4,REAL
D:\major project\dataset\face only\DFDC_REAL_Face_only_data\shortened\nwjazksytp.mp4,REAL
D:\major project\dataset\face only\DFDC_REAL_Face_only_data\shortened\ocozccwdhg.mp4,REAL
D:\major project\dataset\face only\DFDC_REAL_Face_only_data\shortened\zupatqsmhr.mp4,REAL
D:\major project\dataset\face only\DFDC_REAL_Face_only_data\shortened\fvojjtkkdy.mp4,REAL
D:\major project\dataset\face only\DFDC_FAKE_Face_only_data\shortened\bomcfegdpt.mp4,FAKE
D:\major project\dataset\face only\DFDC_REAL_Face_only_data\shortened\pocznsxxuy.mp4,REAL
D:\major project\dataset\face only\DFDC_REAL_Face_only_data\shortened\hfkllixxkr.mp4,REAL
D:\major project\dataset\face only\DFDC_FAKE_Face_only_data\shortened\cvxnllaicc.mp4,FAKE
D:\major project\dataset\face only\DFDC_FAKE_Face_only_data\shortened\dahznkybpw.mp4,FAKE
D:\major project\dataset\face only\DFDC_FAKE_Face_only_data\shortened\dfufvvtqov.mp4,FAKE
D:\major project\dataset\face only\DFDC_REAL_Face_only_data\shortened\xjaamriopq.mp4,REAL
D:\major project\dataset\face only\DFDC_FAKE_Face_only_data\shortened\bnmkwtjris.mp4,FAKE
D:\major project\dataset\face only\DFDC_FAKE_Face_only_data\shortened\csvhhhydcr.mp4,FAKE
D:\major project\dataset\face only\DFDC_REAL_Face_only_data\shortened\hbbnbemsln.mp4,REAL
D:\major project\dataset\face only\DFDC_REAL_Face_only_data\shortened\apeftlgrqg.mp4,REAL
D:\major project\dataset\face only\DFDC_REAL_Face_only_data\shortened\hvwgiotrdg.mp4,REAL
D:\major project\dataset\face only\DFDC_REAL_Face_only_data\shortened\vqktsvqfdj.mp4,REAL
D:\major project\dataset\face only\DFDC_REAL_Face_only_data\shortened\bwavwszqqa.mp4,REAL
D:\major project\dataset\face only\DFDC_REAL_Face_only_data\shortened\yvqbiivsrs.mp4,REAL
D:\major project\dataset\face only\DFDC_REAL_Face_only_data\shortened\roykwzcnwf.mp4,REAL
D:\major project\dataset\face only\DFDC_FAKE_Face_only_data\shortened\dycmubnkqs.mp4,FAKE
D:\major project\dataset\face only\DFDC_REAL_Face_only_data\shortened\jjamkukusv.mp4,REAL
D:\major project\dataset\face only\DFDC_REAL_Face_only_data\shortened\rgwenetndf.mp4,REAL
D:\major project\dataset\face only\DFDC_REAL_Face_only_data\shortened\mlqtepcdhs.mp4,REAL
D:\major project\dataset\face only\DFDC_REAL_Face_only_data\shortened\creyvvrxcf.mp4,REAL
D:\major project\dataset\face only\DFDC_REAL_Face_only_data\shortened\dtfqodmape.mp4,REAL
D:\major project\dataset\face only\DFDC_FAKE_Face_only_data\shortened\anunyoghdg.mp4,FAKE
D:\major project\dataset\face only\DFDC_REAL_Face_only_data\shortened\odioowlayj.mp4,REAL
D:\major project\dataset\face only\DFDC_REAL_Face_only_data\shortened\iovykwzdjv.mp4,REAL
D:\major project\dataset\face only\DFDC_REAL_Face_only_data\shortened\wuoxykvoee.mp4,REAL
D:\major project\dataset\face only\DFDC_REAL_Face_only_data\shortened\xncqpmoabm.mp4,REAL
D:\major project\dataset\face only\DFDC_FAKE_Face_only_data\shortened\ahbjzjoucp.mp4,FAKE
D:\major project\dataset\face only\DFDC_REAL_Face_only_data\shortened\qlccwtarer.mp4,REAL
D:\major project\dataset\face only\DFDC_REAL_Face_only_data\shortened\jcvihxcuyc.mp4,REAL
D:\major project\dataset\face only\DFDC_REAL_Face_only_data\shortened\koiifpthwj.mp4,REAL
D:\major project\dataset\face only\DFDC_FAKE_Face_only_data\shortened\ddxydequdc.mp4,FAKE
D:\major project\dataset\face only\DFDC_REAL_Face_only_data\shortened\leospsirmn.mp4,REAL
D:\major project\dataset\face only\DFDC_REAL_Face_only_data\shortened\nauoqhhash.mp4,REAL
D:\major project\dataset\face only\DFDC_REAL_Face_only_data\shortened\ekvvevzkyu.mp4,REAL
D:\major project\dataset\face only\DFDC_REAL_Face_only_data\shortened\gyluavwkij.mp4,REAL
D:\major project\dataset\face only\DFDC_FAKE_Face_only_data\shortened\azqmircfhx.mp4,FAKE
D:\major project\dataset\face only\DFDC_REAL_Face_only_data\shortened\tnxvpbqxza.mp4,REAL
D:\major project\dataset\face only\DFDC_REAL_Face_only_data\shortened\coznguzsuq.mp4,REAL
D:\major project\dataset\face only\DFDC_REAL_Face_only_data\shortened\tinyzmufap.mp4,REAL
D:\major project\dataset\face only\DFDC_REAL_Face_only_data\shortened\hiadoidirz.mp4,REAL
D:\major project\dataset\face only\DFDC_REAL_Face_only_data\shortened\cftfpsgzil.mp4,REAL
D:\major project\dataset\face only\DFDC_REAL_Face_only_data\shortened\qyxlicusfv.mp4,REAL
D:\major project\dataset\face only\DFDC_FAKE_Face_only_data\shortened\doydmpebcj.mp4,FAKE
D:\major project\dataset\face only\DFDC_FAKE_Face_only_data\shortened\cnwryfbhjs.mp4,FAKE
D:\major project\dataset\face only\DFDC_FAKE_Face_only_data\shortened\aqgbewikxk.mp4,FAKE
D:\major project\dataset\face only\DFDC_FAKE_Face_only_data\shortened\dxrtunuxjb.mp4,FAKE
D:\major project\dataset\face only\DFDC_REAL_Face_only_data\shortened\kucosddfoi.mp4,REAL
D:\major project\dataset\face only\DFDC_REAL_Face_only_data\shortened\qhwndxvxrl.mp4,REAL
D:\major project\dataset\face only\DFDC_FAKE_Face_only_data\shortened\achakioceb.mp4,FAKE
D:\major project\dataset\face only\DFDC_REAL_Face_only_data\shortened\bqfbhkinte.mp4,REAL
D:\major project\dataset\face only\DFDC_FAKE_Face_only_data\shortened\aorwnetwso.mp4,FAKE
D:\major project\dataset\face only\DFDC_REAL_Face_only_data\shortened\ibdeoiczoh.mp4,REAL
D:\major project\dataset\face only\DFDC_REAL_Face_only_data\shortened\detsnvjgrp.mp4,REAL
D:\major project\dataset\face only\DFDC_REAL_Face_only_data\shortened\ybrgaiveux.mp4,REAL
D:\major project\dataset\face only\DFDC_FAKE_Face_only_data\shortened\adnnnmoqek.mp4,FAKE
D:\major project\dataset\face only\DFDC_REAL_Face_only_data\shortened\jpxmbjtlsq.mp4,REAL
D:\major project\dataset\face only\DFDC_FAKE_Face_only_data\shortened\crbieeifzf.mp4,FAKE
D:\major project\dataset\face only\DFDC_FAKE_Face_only_data\shortened\akcogqlmdd.mp4,FAKE
D:\major project\dataset\face only\DFDC_REAL_Face_only_data\shortened\mxxwxzeqib.mp4,REAL
D:\major project\dataset\face only\DFDC_REAL_Face_only_data\shortened\vxoaanowge.mp4,REAL
D:\major project\dataset\face only\DFDC_REAL_Face_only_data\shortened\cpvwreivtv.mp4,REAL
D:\major project\dataset\face only\DFDC_REAL_Face_only_data\shortened\xuldmmzgci.mp4,REAL
D:\major project\dataset\face only\DFDC_REAL_Face_only_data\shortened\jdnwqgdcgd.mp4,REAL
D:\major project\dataset\face only\DFDC_REAL_Face_only_data\shortened\nfozzfizpn.mp4,REAL
D:\major project\dataset\face only\DFDC_REAL_Face_only_data\shortened\ncdzufmnhc.mp4,REAL
D:\major project\dataset\face only\DFDC_REAL_Face_only_data\shortened\cavwtpmmbr.mp4,REAL
D:\major project\dataset\face only\DFDC_REAL_Face_only_data\shortened\whbxafllos.mp4,REAL
D:\major project\dataset\face only\DFDC_REAL_Face_only_data\shortened\wimbntkoha.mp4,REAL
D:\major project\dataset\face only\DFDC_FAKE_Face_only_data\shortened\cjdiezyedv.mp4,FAKE
D:\major project\dataset\face only\DFDC_FAKE_Face_only_data\shortened\anmzsfpcog.mp4,FAKE
D:\major project\dataset\face only\DFDC_REAL_Face_only_data\shortened\njrcaurral.mp4,REAL
D:\major project\dataset\face only\DFDC_REAL_Face_only_data\shortened\lcqqawbmnn.mp4,REAL
D:\major project\dataset\face only\DFDC_REAL_Face_only_data\shortened\locbjirkex.mp4,REAL
D:\major project\dataset\face only\DFDC_REAL_Face_only_data\shortened\vasbxjbiyl.mp4,REAL
D:\major project\dataset\face only\DFDC_REAL_Face_only_data\shortened\prwsdpvgvk.mp4,REAL
D:\major project\dataset\face only\DFDC_REAL_Face_only_data\shortened\kdcshrgdcw.mp4,REAL
D:\major project\dataset\face only\DFDC_FAKE_Face_only_data\shortened\ecjozlfeec.mp4,FAKE
D:\major project\dataset\face only\DFDC_REAL_Face_only_data\shortened\gwuvxanihp.mp4,REAL
D:\major project\dataset\face only\DFDC_REAL_Face_only_data\shortened\kpxymrpgxe.mp4,REAL
D:\major project\dataset\face only\DFDC_REAL_Face_only_data\shortened\djmyetudka.mp4,REAL
D:\major project\dataset\face only\DFDC_REAL_Face_only_data\shortened\gopykvbaxq.mp4,REAL
D:\major project\dataset\face only\DFDC_REAL_Face_only_data\shortened\rxfmyrgkti.mp4,REAL
D:\major project\dataset\face only\DFDC_REAL_Face_only_data\shortened\rstlwzctdt.mp4,REAL
D:\major project\dataset\face only\DFDC_REAL_Face_only_data\shortened\xebhvbcoxc.mp4,REAL
D:\major project\dataset\face only\DFDC_REAL_Face_only_data\shortened\elyogghqnr.mp4,REAL
D:\major project\dataset\face only\DFDC_FAKE_Face_only_data\shortened\alcymltoqb.mp4,FAKE
D:\major project\dataset\face only\DFDC_REAL_Face_only_data\shortened\xdyuwpzbyz.mp4,REAL
D:\major project\dataset\face only\DFDC_REAL_Face_only_data\shortened\vtgzzhtqjl.mp4,REAL
D:\major project\dataset\face only\DFDC_FAKE_Face_only_data\shortened\dlshgknsmq.mp4,FAKE
D:\major project\dataset\face only\DFDC_REAL_Face_only_data\shortened\utjlovulfq.mp4,REAL
D:\major project\dataset\face only\DFDC_FAKE_Face_only_data\shortened\bkbnfigppd.mp4,FAKE
D:\major project\dataset\face only\DFDC_REAL_Face_only_data\shortened\jsowtzdepc.mp4,REAL
D:\major project\dataset\face only\DFDC_REAL_Face_only_data\shortened\yiluzssiis.mp4,REAL
D:\major project\dataset\face only\DFDC_REAL_Face_only_data\shortened\paikwrklxc.mp4,REAL
D:\major project\dataset\face only\DFDC_REAL_Face_only_data\shortened\gdhtrbgmql.mp4,REAL
D:\major project\dataset\face only\DFDC_REAL_Face_only_data\shortened\rjgvucvdrq.mp4,REAL
D:\major project\dataset\face only\DFDC_REAL_Face_only_data\shortened\mbxblocpyw.mp4,REAL
D:\major project\dataset\face only\DFDC_REAL_Face_only_data\shortened\isebnqykad.mp4,REAL
D:\major project\dataset\face only\DFDC_REAL_Face_only_data\shortened\vbyjwspnie.mp4,REAL
D:\major project\dataset\face only\DFDC_REAL_Face_only_data\shortened\suleggscox.mp4,REAL
D:\major project\dataset\face only\Celeb_real_face_only\shortened\id0_0000.mp4,REAL
D:\major project\dataset\face only\Celeb_real_face_only\shortened\id0_0001.mp4,REAL
D:\major project\dataset\face only\Celeb_real_face_only\shortened\id0_0002.mp4,REAL
D:\major project\dataset\face only\Celeb_real_face_only\shortened\id0_0003.mp4,REAL
D:\major project\dataset\face only\Celeb_real_face_only\shortened\id0_0004.mp4,REAL
D:\major project\dataset\face only\Celeb_real_face_only\shortened\id0_0005.mp4,REAL
D:\major project\dataset\face only\Celeb_real_face_only\shortened\id0_0006.mp4,REAL
D:\major project\dataset\face only\Celeb_real_face_only\shortened\id0_0007.mp4,REAL
D:\major project\dataset\face only\Celeb_real_face_only\shortened\id0_0008.mp4,REAL
D:\major project\dataset\face only\Celeb_real_face_only\shortened\id0_0009.mp4,REAL
D:\major project\dataset\face only\Celeb_fake_face_only\shortened\id0_id1_0005.mp4,FAKE
D:\major project\dataset\face only\Celeb_fake_face_only\shortened\id0_id16_0000.mp4,FAKE
D:\major project\dataset\face only\Celeb_fake_face_only\shortened\id0_id16_0001.mp4,FAKE
D:\major project\dataset\face only\Celeb_fake_face_only\shortened\id0_id16_0008.mp4,FAKE
D:\major project\dataset\face only\Celeb_fake_face_only\shortened\id0_id17_0001.mp4,FAKE
D:\major project\dataset\face only\Celeb_fake_face_only\shortened\id0_id2_0005.mp4,FAKE
D:\major project\dataset\face only\Celeb_fake_face_only\shortened\id0_id20_0006.mp4,FAKE
D:\major project\dataset\face only\Celeb_fake_face_only\shortened\id0_id28_0002.mp4,FAKE
D:\major project\dataset\face only\Celeb_fake_face_only\shortened\id0_id4_0006.mp4,FAKE
D:\major project\dataset\face only\Celeb_fake_face_only\shortened\id0_id9_0002.mp4,FAKE
D:\major project\dataset\face only\Celeb_real_face_only\shortened\id1_0000.mp4,REAL
D:\major project\dataset\face only\Celeb_real_face_only\shortened\id1_0001.mp4,REAL
D:\major project\dataset\face only\Celeb_real_face_only\shortened\id1_0002.mp4,REAL
D:\major project\dataset\face only\Celeb_real_face_only\shortened\id1_0003.mp4,REAL
D:\major project\dataset\face only\Celeb_real_face_only\shortened\id1_0004.mp4,REAL
D:\major project\dataset\face only\Celeb_real_face_only\shortened\id1_0005.mp4,REAL
D:\major project\dataset\face only\Celeb_real_face_only\shortened\id1_0006.mp4,REAL
D:\major project\dataset\face only\Celeb_real_face_only\shortened\id1_0007.mp4,REAL
D:\major project\dataset\face only\Celeb_real_face_only\shortened\id1_0008.mp4,REAL
D:\major project\dataset\face only\Celeb_real_face_only\shortened\id1_0009.mp4,REAL
D:\major project\dataset\face only\Celeb_fake_face_only\shortened\id1_id16_0003.mp4,FAKE
D:\major project\dataset\face only\Celeb_fake_face_only\shortened\id1_id17_0002.mp4,FAKE
D:\major project\dataset\face only\Celeb_fake_face_only\shortened\id1_id2_0001.mp4,FAKE
D:\major project\dataset\face only\Celeb_fake_face_only\shortened\id1_id20_0004.mp4,FAKE
D:\major project\dataset\face only\Celeb_fake_face_only\shortened\id1_id20_0009.mp4,FAKE
D:\major project\dataset\face only\Celeb_fake_face_only\shortened\id1_id26_0005.mp4,FAKE
D:\major project\dataset\face only\Celeb_fake_face_only\shortened\id1_id28_0007.mp4,FAKE
D:\major project\dataset\face only\Celeb_fake_face_only\shortened\id1_id30_0005.mp4,FAKE
D:\major project\dataset\face only\Celeb_fake_face_only\shortened\id1_id37_0002.mp4,FAKE
D:\major project\dataset\face only\Celeb_fake_face_only\shortened\id1_id9_0007.mp4,FAKE
D:\major project\dataset\face only\Celeb_real_face_only\shortened\id10_0000.mp4,REAL
D:\major project\dataset\face only\Celeb_real_face_only\shortened\id10_0002.mp4,REAL
D:\major project\dataset\face only\Celeb_real_face_only\shortened\id10_0003.mp4,REAL
D:\major project\dataset\face only\Celeb_real_face_only\shortened\id10_0004.mp4,REAL
D:\major project\dataset\face only\Celeb_real_face_only\shortened\id10_0005.mp4,REAL
D:\major project\dataset\face only\Celeb_real_face_only\shortened\id10_0006.mp4,REAL
D:\major project\dataset\face only\Celeb_real_face_only\shortened\id10_0007.mp4,REAL
D:\major project\dataset\face only\Celeb_real_face_only\shortened\id10_0008.mp4,REAL
D:\major project\dataset\face only\Celeb_real_face_only\shortened\id10_0009.mp4,REAL
D:\major project\dataset\face only\Celeb_fake_face_only\shortened\id10_id11_0004.mp4,FAKE
D:\major project\dataset\face only\Celeb_fake_face_only\shortened\id10_id11_0005.mp4,FAKE
D:\major project\dataset\face only\Celeb_fake_face_only\shortened\id10_id11_0006.mp4,FAKE
D:\major project\dataset\face only\Celeb_fake_face_only\shortened\id10_id11_0007.mp4,FAKE
D:\major project\dataset\face only\Celeb_fake_face_only\shortened\id10_id12_0002.mp4,FAKE
D:\major project\dataset\face only\Celeb_fake_face_only\shortened\id10_id12_0005.mp4,FAKE
D:\major project\dataset\face only\Celeb_fake_face_only\shortened\id10_id12_0006.mp4,FAKE
D:\major project\dataset\face only\Celeb_fake_face_only\shortened\id10_id13_0002.mp4,FAKE
D:\major project\dataset\face only\Celeb_fake_face_only\shortened\id10_id13_0008.mp4,FAKE
D:\major project\dataset\face only\Celeb_fake_face_only\shortened\id10_id7_0004.mp4,FAKE
D:\major project\dataset\face only\Celeb_real_face_only\shortened\id11_0000.mp4,REAL
D:\major project\dataset\face only\Celeb_real_face_only\shortened\id11_0001.mp4,REAL
D:\major project\dataset\face only\Celeb_real_face_only\shortened\id11_0002.mp4,REAL
D:\major project\dataset\face only\Celeb_real_face_only\shortened\id11_0003.mp4,REAL
D:\major project\dataset\face only\Celeb_real_face_only\shortened\id11_0004.mp4,REAL
D:\major project\dataset\face only\Celeb_real_face_only\shortened\id11_0005.mp4,REAL
D:\major project\dataset\face only\Celeb_real_face_only\shortened\id11_0006.mp4,REAL
D:\major project\dataset\face only\Celeb_real_face_only\shortened\id11_0007.mp4,REAL
D:\major project\dataset\face only\Celeb_real_face_only\shortened\id11_0008.mp4,REAL
D:\major project\dataset\face only\Celeb_real_face_only\shortened\id11_0009.mp4,REAL
D:\major project\dataset\face only\Celeb_real_face_only\shortened\id11_0010.mp4,REAL
D:\major project\dataset\face only\Celeb_fake_face_only\shortened\id11_id7_0001.mp4,FAKE
D:\major project\dataset\face only\Celeb_fake_face_only\shortened\id11_id7_0002.mp4,FAKE
D:\major project\dataset\face only\Celeb_fake_face_only\shortened\id11_id7_0003.mp4,FAKE
D:\major project\dataset\face only\Celeb_fake_face_only\shortened\id11_id7_0004.mp4,FAKE
D:\major project\dataset\face only\Celeb_fake_face_only\shortened\id11_id7_0005.mp4,FAKE
D:\major project\dataset\face only\Celeb_fake_face_only\shortened\id11_id7_0006.mp4,FAKE
D:\major project\dataset\face only\Celeb_fake_face_only\shortened\id11_id7_0007.mp4,FAKE
D:\major project\dataset\face only\Celeb_fake_face_only\shortened\id11_id7_0008.mp4,FAKE
D:\major project\dataset\face only\Celeb_fake_face_only\shortened\id11_id7_0009.mp4,FAKE
D:\major project\dataset\face only\Celeb_fake_face_only\shortened\id11_id7_0010.mp4,FAKE
D:\major project\dataset\face only\Celeb_real_face_only\shortened\id12_0000.mp4,REAL
D:\major project\dataset\face only\Celeb_real_face_only\shortened\id12_0001.mp4,REAL
D:\major project\dataset\face only\Celeb_real_face_only\shortened\id12_0002.mp4,REAL
D:\major project\dataset\face only\Celeb_real_face_only\shortened\id12_0003.mp4,REAL
D:\major project\dataset\face only\Celeb_real_face_only\shortened\id12_0004.mp4,REAL
D:\major project\dataset\face only\Celeb_real_face_only\shortened\id12_0005.mp4,REAL
D:\major project\dataset\face only\Celeb_real_face_only\shortened\id12_0006.mp4,REAL
D:\major project\dataset\face only\Celeb_fake_face_only\shortened\id12_id10_0001.mp4,FAKE
D:\major project\dataset\face only\Celeb_fake_face_only\shortened\id12_id10_0004.mp4,FAKE
D:\major project\dataset\face only\Celeb_fake_face_only\shortened\id12_id10_0005.mp4,FAKE
D:\major project\dataset\face only\Celeb_fake_face_only\shortened\id12_id10_0006.mp4,FAKE
D:\major project\dataset\face only\Celeb_fake_face_only\shortened\id12_id7_0000.mp4,FAKE
D:\major project\dataset\face only\Celeb_fake_face_only\shortened\id12_id7_0001.mp4,FAKE
D:\major project\dataset\face only\Celeb_fake_face_only\shortened\id12_id7_0002.mp4,FAKE
D:\major project\dataset\face only\Celeb_fake_face_only\shortened\id12_id7_0004.mp4,FAKE
D:\major project\dataset\face only\Celeb_fake_face_only\shortened\id12_id7_0005.mp4,FAKE
D:\major project\dataset\face only\Celeb_fake_face_only\shortened\id12_id7_0006.mp4,FAKE
D:\major project\dataset\face only\Celeb_real_face_only\shortened\id13_0000.mp4,REAL
D:\major project\dataset\face only\Celeb_real_face_only\shortened\id13_0001.mp4,REAL
D:\major project\dataset\face only\Celeb_real_face_only\shortened\id13_0002.mp4,REAL
D:\major project\dataset\face only\Celeb_real_face_only\shortened\id13_0003.mp4,REAL
D:\major project\dataset\face only\Celeb_real_face_only\shortened\id13_0004.mp4,REAL
D:\major project\dataset\face only\Celeb_real_face_only\shortened\id13_0005.mp4,REAL
D:\major project\dataset\face only\Celeb_real_face_only\shortened\id13_0006.mp4,REAL
D:\major project\dataset\face only\Celeb_real_face_only\shortened\id13_0007.mp4,REAL
D:\major project\dataset\face only\Celeb_real_face_only\shortened\id13_0008.mp4,REAL
D:\major project\dataset\face only\Celeb_real_face_only\shortened\id13_0009.mp4,REAL
D:\major project\dataset\face only\Celeb_real_face_only\shortened\id13_0010.mp4,REAL
D:\major project\dataset\face only\Celeb_real_face_only\shortened\id13_0011.mp4,REAL
D:\major project\dataset\face only\Celeb_real_face_only\shortened\id13_0012.mp4,REAL
D:\major project\dataset\face only\Celeb_real_face_only\shortened\id13_0013.mp4,REAL
D:\major project\dataset\face only\Celeb_real_face_only\shortened\id13_0014.mp4,REAL
D:\major project\dataset\face only\Celeb_real_face_only\shortened\id13_0015.mp4,REAL
D:\major project\dataset\face only\Celeb_fake_face_only\shortened\id13_id10_0000.mp4,FAKE
D:\major project\dataset\face only\Celeb_fake_face_only\shortened\id13_id10_0004.mp4,FAKE
D:\major project\dataset\face only\Celeb_fake_face_only\shortened\id13_id10_0007.mp4,FAKE
D:\major project\dataset\face only\Celeb_fake_face_only\shortened\id13_id10_0011.mp4,FAKE
D:\major project\dataset\face only\Celeb_fake_face_only\shortened\id13_id10_0012.mp4,FAKE
D:\major project\dataset\face only\Celeb_fake_face_only\shortened\id13_id10_0014.mp4,FAKE
D:\major project\dataset\face only\Celeb_fake_face_only\shortened\id13_id7_0001.mp4,FAKE
D:\major project\dataset\face only\Celeb_fake_face_only\shortened\id13_id7_0002.mp4,FAKE
D:\major project\dataset\face only\Celeb_fake_face_only\shortened\id13_id7_0004.mp4,FAKE
D:\major project\dataset\face only\Celeb_fake_face_only\shortened\id13_id7_0011.mp4,FAKE
D:\major project\dataset\face only\Celeb_real_face_only\shortened\id16_0000.mp4,REAL
D:\major project\dataset\face only\Celeb_real_face_only\shortened\id16_0001.mp4,REAL
D:\major project\dataset\face only\Celeb_real_face_only\shortened\id16_0002.mp4,REAL
D:\major project\dataset\face only\Celeb_real_face_only\shortened\id16_0003.mp4,REAL
D:\major project\dataset\face only\Celeb_real_face_only\shortened\id16_0004.mp4,REAL
D:\major project\dataset\face only\Celeb_real_face_only\shortened\id16_0005.mp4,REAL
D:\major project\dataset\face only\Celeb_real_face_only\shortened\id16_0006.mp4,REAL
D:\major project\dataset\face only\Celeb_real_face_only\shortened\id16_0007.mp4,REAL
D:\major project\dataset\face only\Celeb_real_face_only\shortened\id16_0008.mp4,REAL
D:\major project\dataset\face only\Celeb_real_face_only\shortened\id16_0009.mp4,REAL
D:\major project\dataset\face only\Celeb_real_face_only\shortened\id16_0010.mp4,REAL
D:\major project\dataset\face only\Celeb_real_face_only\shortened\id16_0011.mp4,REAL
D:\major project\dataset\face only\Celeb_real_face_only\shortened\id16_0012.mp4,REAL
D:\major project\dataset\face only\Celeb_real_face_only\shortened\id16_0013.mp4,REAL
D:\major project\dataset\face only\Celeb_fake_face_only\shortened\id16_id1_0013.mp4,FAKE
D:\major project\dataset\face only\Celeb_fake_face_only\shortened\id16_id17_0004.mp4,FAKE
D:\major project\dataset\face only\Celeb_fake_face_only\shortened\id16_id20_0011.mp4,FAKE
D:\major project\dataset\face only\Celeb_fake_face_only\shortened\id16_id21_0002.mp4,FAKE
D:\major project\dataset\face only\Celeb_fake_face_only\shortened\id16_id28_0006.mp4,FAKE
D:\major project\dataset\face only\Celeb_fake_face_only\shortened\id16_id30_0001.mp4,FAKE
D:\major project\dataset\face only\Celeb_fake_face_only\shortened\id16_id31_0003.mp4,FAKE
D:\major project\dataset\face only\Celeb_fake_face_only\shortened\id16_id31_0010.mp4,FAKE
D:\major project\dataset\face only\Celeb_fake_face_only\shortened\id16_id35_0008.mp4,FAKE
D:\major project\dataset\face only\Celeb_fake_face_only\shortened\id16_id6_0001.mp4,FAKE
D:\major project\dataset\face only\Celeb_real_face_only\shortened\id17_0000.mp4,REAL
D:\major project\dataset\face only\Celeb_real_face_only\shortened\id17_0001.mp4,REAL
D:\major project\dataset\face only\Celeb_real_face_only\shortened\id17_0002.mp4,REAL
D:\major project\dataset\face only\Celeb_real_face_only\shortened\id17_0003.mp4,REAL
D:\major project\dataset\face only\Celeb_real_face_only\shortened\id17_0004.mp4,REAL
D:\major project\dataset\face only\Celeb_real_face_only\shortened\id17_0005.mp4,REAL
D:\major project\dataset\face only\Celeb_real_face_only\shortened\id17_0006.mp4,REAL
D:\major project\dataset\face only\Celeb_real_face_only\shortened\id17_0007.mp4,REAL
D:\major project\dataset\face only\Celeb_real_face_only\shortened\id17_0008.mp4,REAL
D:\major project\dataset\face only\Celeb_real_face_only\shortened\id17_0009.mp4,REAL
D:\major project\dataset\face only\Celeb_fake_face_only\shortened\id17_id0_0001.mp4,FAKE
D:\major project\dataset\face only\Celeb_fake_face_only\shortened\id17_id1_0002.mp4,FAKE
D:\major project\dataset\face only\Celeb_fake_face_only\shortened\id17_id16_0004.mp4,FAKE
D:\major project\dataset\face only\Celeb_fake_face_only\shortened\id17_id2_0004.mp4,FAKE
D:\major project\dataset\face only\Celeb_fake_face_only\shortened\id17_id23_0002.mp4,FAKE
D:\major project\dataset\face only\Celeb_fake_face_only\shortened\id17_id28_0000.mp4,FAKE
D:\major project\dataset\face only\Celeb_fake_face_only\shortened\id17_id3_0005.mp4,FAKE
D:\major project\dataset\face only\Celeb_fake_face_only\shortened\id17_id3_0006.mp4,FAKE
D:\major project\dataset\face only\Celeb_fake_face_only\shortened\id17_id37_0002.mp4,FAKE
D:\major project\dataset\face only\Celeb_fake_face_only\shortened\id17_id9_0009.mp4,FAKE
D:\major project\dataset\face only\Celeb_real_face_only\shortened\id19_0000.mp4,REAL
D:\major project\dataset\face only\Celeb_real_face_only\shortened\id19_0001.mp4,REAL
D:\major project\dataset\face only\Celeb_real_face_only\shortened\id19_0002.mp4,REAL
D:\major project\dataset\face only\Celeb_real_face_only\shortened\id19_0003.mp4,REAL
D:\major project\dataset\face only\Celeb_real_face_only\shortened\id19_0004.mp4,REAL
D:\major project\dataset\face only\Celeb_real_face_only\shortened\id19_0005.mp4,REAL
D:\major project\dataset\face only\Celeb_real_face_only\shortened\id19_0006.mp4,REAL
D:\major project\dataset\face only\Celeb_real_face_only\shortened\id19_0007.mp4,REAL
D:\major project\dataset\face only\Celeb_real_face_only\shortened\id19_0008.mp4,REAL
D:\major project\dataset\face only\Celeb_real_face_only\shortened\id19_0009.mp4,REAL
D:\major project\dataset\face only\Celeb_fake_face_only\shortened\id19_id20_0001.mp4,FAKE
D:\major project\dataset\face only\Celeb_fake_face_only\shortened\id19_id21_0007.mp4,FAKE
D:\major project\dataset\face only\Celeb_fake_face_only\shortened\id19_id22_0009.mp4,FAKE
D:\major project\dataset\face only\Celeb_fake_face_only\shortened\id19_id23_0005.mp4,FAKE
D:\major project\dataset\face only\Celeb_fake_face_only\shortened\id19_id23_0007.mp4,FAKE
D:\major project\dataset\face only\Celeb_fake_face_only\shortened\id19_id25_0004.mp4,FAKE
D:\major project\dataset\face only\Celeb_fake_face_only\shortened\id19_id25_0009.mp4,FAKE
D:\major project\dataset\face only\Celeb_fake_face_only\shortened\id19_id26_0001.mp4,FAKE
D:\major project\dataset\face only\Celeb_fake_face_only\shortened\id19_id26_0002.mp4,FAKE
D:\major project\dataset\face only\Celeb_fake_face_only\shortened\id19_id27_0006.mp4,FAKE
D:\major project\dataset\face only\Celeb_real_face_only\shortened\id2_0000.mp4,REAL
D:\major project\dataset\face only\Celeb_real_face_only\shortened\id2_0001.mp4,REAL
D:\major project\dataset\face only\Celeb_real_face_only\shortened\id2_0002.mp4,REAL
D:\major project\dataset\face only\Celeb_real_face_only\shortened\id2_0003.mp4,REAL
D:\major project\dataset\face only\Celeb_real_face_only\shortened\id2_0004.mp4,REAL
D:\major project\dataset\face only\Celeb_real_face_only\shortened\id2_0005.mp4,REAL
D:\major project\dataset\face only\Celeb_real_face_only\shortened\id2_0006.mp4,REAL
D:\major project\dataset\face only\Celeb_real_face_only\shortened\id2_0007.mp4,REAL
D:\major project\dataset\face only\Celeb_real_face_only\shortened\id2_0008.mp4,REAL
D:\major project\dataset\face only\Celeb_real_face_only\shortened\id2_0009.mp4,REAL
D:\major project\dataset\face only\Celeb_fake_face_only\shortened\id2_id1_0003.mp4,FAKE
D:\major project\dataset\face only\Celeb_fake_face_only\shortened\id2_id16_0008.mp4,FAKE
D:\major project\dataset\face only\Celeb_fake_face_only\shortened\id2_id17_0003.mp4,FAKE
D:\major project\dataset\face only\Celeb_fake_face_only\shortened\id2_id21_0007.mp4,FAKE
D:\major project\dataset\face only\Celeb_fake_face_only\shortened\id2_id23_0000.mp4,FAKE
D:\major project\dataset\face only\Celeb_fake_face_only\shortened\id2_id23_0006.mp4,FAKE
D:\major project\dataset\face only\Celeb_fake_face_only\shortened\id2_id35_0005.mp4,FAKE
D:\major project\dataset\face only\Celeb_fake_face_only\shortened\id2_id35_0009.mp4,FAKE
D:\major project\dataset\face only\Celeb_fake_face_only\shortened\id2_id37_0007.mp4,FAKE
D:\major project\dataset\face only\Celeb_fake_face_only\shortened\id2_id6_0002.mp4,FAKE
D:\major project\dataset\face only\Celeb_real_face_only\shortened\id20_0000.mp4,REAL
D:\major project\dataset\face only\Celeb_real_face_only\shortened\id20_0001.mp4,REAL
D:\major project\dataset\face only\Celeb_real_face_only\shortened\id20_0002.mp4,REAL
D:\major project\dataset\face only\Celeb_real_face_only\shortened\id20_0003.mp4,REAL
D:\major project\dataset\face only\Celeb_real_face_only\shortened\id20_0004.mp4,REAL
D:\major project\dataset\face only\Celeb_real_face_only\shortened\id20_0005.mp4,REAL
D:\major project\dataset\face only\Celeb_real_face_only\shortened\id20_0006.mp4,REAL
D:\major project\dataset\face only\Celeb_real_face_only\shortened\id20_0007.mp4,REAL
D:\major project\dataset\face only\Celeb_real_face_only\shortened\id20_0008.mp4,REAL
D:\major project\dataset\face only\Celeb_real_face_only\shortened\id20_0009.mp4,REAL
D:\major project\dataset\face only\Celeb_fake_face_only\shortened\id20_id19_0005.mp4,FAKE
D:\major project\dataset\face only\Celeb_fake_face_only\shortened\id20_id19_0006.mp4,FAKE
D:\major project\dataset\face only\Celeb_fake_face_only\shortened\id20_id23_0007.mp4,FAKE
D:\major project\dataset\face only\Celeb_fake_face_only\shortened\id20_id27_0008.mp4,FAKE
D:\major project\dataset\face only\Celeb_fake_face_only\shortened\id20_id27_0009.mp4,FAKE
D:\major project\dataset\face only\Celeb_fake_face_only\shortened\id20_id29_0003.mp4,FAKE
D:\major project\dataset\face only\Celeb_fake_face_only\shortened\id20_id29_0005.mp4,FAKE
D:\major project\dataset\face only\Celeb_fake_face_only\shortened\id20_id34_0003.mp4,FAKE
D:\major project\dataset\face only\Celeb_fake_face_only\shortened\id20_id35_0007.mp4,FAKE
D:\major project\dataset\face only\Celeb_fake_face_only\shortened\id20_id9_0005.mp4,FAKE
D:\major project\dataset\face only\Celeb_real_face_only\shortened\id21_0000.mp4,REAL
D:\major project\dataset\face only\Celeb_real_face_only\shortened\id21_0001.mp4,REAL
D:\major project\dataset\face only\Celeb_real_face_only\shortened\id21_0002.mp4,REAL
D:\major project\dataset\face only\Celeb_real_face_only\shortened\id21_0003.mp4,REAL
D:\major project\dataset\face only\Celeb_real_face_only\shortened\id21_0004.mp4,REAL
D:\major project\dataset\face only\Celeb_real_face_only\shortened\id21_0005.mp4,REAL
D:\major project\dataset\face only\Celeb_real_face_only\shortened\id21_0006.mp4,REAL
D:\major project\dataset\face only\Celeb_real_face_only\shortened\id21_0007.mp4,REAL
D:\major project\dataset\face only\Celeb_real_face_only\shortened\id21_0008.mp4,REAL
D:\major project\dataset\face only\Celeb_real_face_only\shortened\id21_0009.mp4,REAL
D:\major project\dataset\face only\Celeb_fake_face_only\shortened\id21_id1_0009.mp4,FAKE
D:\major project\dataset\face only\Celeb_fake_face_only\shortened\id21_id2_0009.mp4,FAKE
D:\major project\dataset\face only\Celeb_fake_face_only\shortened\id21_id20_0001.mp4,FAKE
D:\major project\dataset\face only\Celeb_fake_face_only\shortened\id21_id23_0001.mp4,FAKE
D:\major project\dataset\face only\Celeb_fake_face_only\shortened\id21_id24_0009.mp4,FAKE
D:\major project\dataset\face only\Celeb_fake_face_only\shortened\id21_id26_0009.mp4,FAKE
D:\major project\dataset\face only\Celeb_fake_face_only\shortened\id21_id29_0001.mp4,FAKE
D:\major project\dataset\face only\Celeb_fake_face_only\shortened\id21_id30_0008.mp4,FAKE
D:\major project\dataset\face only\Celeb_fake_face_only\shortened\id21_id31_0006.mp4,FAKE
D:\major project\dataset\face only\Celeb_fake_face_only\shortened\id21_id9_0005.mp4,FAKE
D:\major project\dataset\face only\Celeb_real_face_only\shortened\id22_0000.mp4,REAL
D:\major project\dataset\face only\Celeb_real_face_only\shortened\id22_0001.mp4,REAL
D:\major project\dataset\face only\Celeb_real_face_only\shortened\id22_0002.mp4,REAL
D:\major project\dataset\face only\Celeb_real_face_only\shortened\id22_0003.mp4,REAL
D:\major project\dataset\face only\Celeb_real_face_only\shortened\id22_0004.mp4,REAL
D:\major project\dataset\face only\Celeb_real_face_only\shortened\id22_0005.mp4,REAL
D:\major project\dataset\face only\Celeb_real_face_only\shortened\id22_0006.mp4,REAL
D:\major project\dataset\face only\Celeb_real_face_only\shortened\id22_0007.mp4,REAL
D:\major project\dataset\face only\Celeb_real_face_only\shortened\id22_0008.mp4,REAL
D:\major project\dataset\face only\Celeb_real_face_only\shortened\id22_0009.mp4,REAL
D:\major project\dataset\face only\Celeb_fake_face_only\shortened\id22_id19_0002.mp4,FAKE
D:\major project\dataset\face only\Celeb_fake_face_only\shortened\id22_id19_0005.mp4,FAKE
D:\major project\dataset\face only\Celeb_fake_face_only\shortened\id22_id20_0002.mp4,FAKE
D:\major project\dataset\face only\Celeb_fake_face_only\shortened\id22_id24_0002.mp4,FAKE
D:\major project\dataset\face only\Celeb_fake_face_only\shortened\id22_id24_0006.mp4,FAKE
D:\major project\dataset\face only\Celeb_fake_face_only\shortened\id22_id25_0006.mp4,FAKE
D:\major project\dataset\face only\Celeb_fake_face_only\shortened\id22_id26_0003.mp4,FAKE
D:\major project\dataset\face only\Celeb_fake_face_only\shortened\id22_id26_0004.mp4,FAKE
D:\major project\dataset\face only\Celeb_fake_face_only\shortened\id22_id28_0004.mp4,FAKE
D:\major project\dataset\face only\Celeb_fake_face_only\shortened\id22_id28_0005.mp4,FAKE
D:\major project\dataset\face only\Celeb_real_face_only\shortened\id23_0000.mp4,REAL
D:\major project\dataset\face only\Celeb_real_face_only\shortened\id23_0001.mp4,REAL
D:\major project\dataset\face only\Celeb_real_face_only\shortened\id23_0002.mp4,REAL
D:\major project\dataset\face only\Celeb_real_face_only\shortened\id23_0003.mp4,REAL
D:\major project\dataset\face only\Celeb_real_face_only\shortened\id23_0004.mp4,REAL
D:\major project\dataset\face only\Celeb_real_face_only\shortened\id23_0005.mp4,REAL
D:\major project\dataset\face only\Celeb_real_face_only\shortened\id23_0006.mp4,REAL
D:\major project\dataset\face only\Celeb_real_face_only\shortened\id23_0007.mp4,REAL
D:\major project\dataset\face only\Celeb_real_face_only\shortened\id23_0008.mp4,REAL
D:\major project\dataset\face only\Celeb_real_face_only\shortened\id23_0009.mp4,REAL
D:\major project\dataset\face only\Celeb_fake_face_only\shortened\id23_id16_0001.mp4,FAKE
D:\major project\dataset\face only\Celeb_fake_face_only\shortened\id23_id17_0004.mp4,FAKE
D:\major project\dataset\face only\Celeb_fake_face_only\shortened\id23_id22_0000.mp4,FAKE
D:\major project\dataset\face only\Celeb_fake_face_only\shortened\id23_id24_0006.mp4,FAKE
D:\major project\dataset\face only\Celeb_fake_face_only\shortened\id23_id26_0001.mp4,FAKE
D:\major project\dataset\face only\Celeb_fake_face_only\shortened\id23_id26_0009.mp4,FAKE
D:\major project\dataset\face only\Celeb_fake_face_only\shortened\id23_id27_0002.mp4,FAKE
D:\major project\dataset\face only\Celeb_fake_face_only\shortened\id23_id27_0003.mp4,FAKE
D:\major project\dataset\face only\Celeb_fake_face_only\shortened\id23_id31_0006.mp4,FAKE
D:\major project\dataset\face only\Celeb_fake_face_only\shortened\id23_id6_0001.mp4,FAKE
D:\major project\dataset\face only\Celeb_real_face_only\shortened\id24_0000.mp4,REAL
D:\major project\dataset\face only\Celeb_real_face_only\shortened\id24_0001.mp4,REAL
D:\major project\dataset\face only\Celeb_real_face_only\shortened\id24_0002.mp4,REAL
D:\major project\dataset\face only\Celeb_real_face_only\shortened\id24_0003.mp4,REAL
D:\major project\dataset\face only\Celeb_real_face_only\shortened\id24_0004.mp4,REAL
D:\major project\dataset\face only\Celeb_real_face_only\shortened\id24_0005.mp4,REAL
D:\major project\dataset\face only\Celeb_real_face_only\shortened\id24_0006.mp4,REAL
D:\major project\dataset\face only\Celeb_real_face_only\shortened\id24_0007.mp4,REAL
D:\major project\dataset\face only\Celeb_real_face_only\shortened\id24_0008.mp4,REAL
D:\major project\dataset\face only\Celeb_real_face_only\shortened\id24_0009.mp4,REAL
D:\major project\dataset\face only\Celeb_fake_face_only\shortened\id24_id20_0005.mp4,FAKE
D:\major project\dataset\face only\Celeb_fake_face_only\shortened\id24_id23_0006.mp4,FAKE
D:\major project\dataset\face only\Celeb_fake_face_only\shortened\id24_id23_0007.mp4,FAKE
D:\major project\dataset\face only\Celeb_fake_face_only\shortened\id24_id25_0005.mp4,FAKE
D:\major project\dataset\face only\Celeb_fake_face_only\shortened\id24_id25_0007.mp4,FAKE
D:\major project\dataset\face only\Celeb_fake_face_only\shortened\id24_id26_0003.mp4,FAKE
D:\major project\dataset\face only\Celeb_fake_face_only\shortened\id24_id26_0006.mp4,FAKE
D:\major project\dataset\face only\Celeb_fake_face_only\shortened\id24_id26_0007.mp4,FAKE
D:\major project\dataset\face only\Celeb_fake_face_only\shortened\id24_id27_0000.mp4,FAKE
D:\major project\dataset\face only\Celeb_fake_face_only\shortened\id24_id27_0009.mp4,FAKE
D:\major project\dataset\face only\Celeb_real_face_only\shortened\id25_0000.mp4,REAL
D:\major project\dataset\face only\Celeb_real_face_only\shortened\id25_0001.mp4,REAL
D:\major project\dataset\face only\Celeb_real_face_only\shortened\id25_0002.mp4,REAL
D:\major project\dataset\face only\Celeb_real_face_only\shortened\id25_0003.mp4,REAL
D:\major project\dataset\face only\Celeb_real_face_only\shortened\id25_0004.mp4,REAL
D:\major project\dataset\face only\Celeb_real_face_only\shortened\id25_0005.mp4,REAL
D:\major project\dataset\face only\Celeb_real_face_only\shortened\id25_0006.mp4,REAL
D:\major project\dataset\face only\Celeb_real_face_only\shortened\id25_0007.mp4,REAL
D:\major project\dataset\face only\Celeb_real_face_only\shortened\id25_0008.mp4,REAL
D:\major project\dataset\face only\Celeb_real_face_only\shortened\id25_0009.mp4,REAL
D:\major project\dataset\face only\Celeb_real_face_only\shortened\id25_0010.mp4,REAL
D:\major project\dataset\face only\Celeb_fake_face_only\shortened\id25_id19_0003.mp4,FAKE
D:\major project\dataset\face only\Celeb_fake_face_only\shortened\id25_id19_0008.mp4,FAKE
D:\major project\dataset\face only\Celeb_fake_face_only\shortened\id25_id20_0002.mp4,FAKE
D:\major project\dataset\face only\Celeb_fake_face_only\shortened\id25_id21_0007.mp4,FAKE
D:\major project\dataset\face only\Celeb_fake_face_only\shortened\id25_id23_0008.mp4,FAKE
D:\major project\dataset\face only\Celeb_fake_face_only\shortened\id25_id26_0000.mp4,FAKE
D:\major project\dataset\face only\Celeb_fake_face_only\shortened\id25_id27_0005.mp4,FAKE
D:\major project\dataset\face only\Celeb_fake_face_only\shortened\id25_id27_0008.mp4,FAKE
D:\major project\dataset\face only\Celeb_fake_face_only\shortened\id25_id27_0010.mp4,FAKE
D:\major project\dataset\face only\Celeb_fake_face_only\shortened\id25_id28_0005.mp4,FAKE
D:\major project\dataset\face only\Celeb_real_face_only\shortened\id26_0000.mp4,REAL
D:\major project\dataset\face only\Celeb_real_face_only\shortened\id26_0001.mp4,REAL
D:\major project\dataset\face only\Celeb_real_face_only\shortened\id26_0002.mp4,REAL
D:\major project\dataset\face only\Celeb_real_face_only\shortened\id26_0003.mp4,REAL
D:\major project\dataset\face only\Celeb_real_face_only\shortened\id26_0004.mp4,REAL
D:\major project\dataset\face only\Celeb_real_face_only\shortened\id26_0005.mp4,REAL
D:\major project\dataset\face only\Celeb_real_face_only\shortened\id26_0006.mp4,REAL
D:\major project\dataset\face only\Celeb_real_face_only\shortened\id26_0007.mp4,REAL
D:\major project\dataset\face only\Celeb_real_face_only\shortened\id26_0008.mp4,REAL
D:\major project\dataset\face only\Celeb_real_face_only\shortened\id26_0009.mp4,REAL
D:\major project\dataset\face only\Celeb_fake_face_only\shortened\id26_id1_0006.mp4,FAKE
D:\major project\dataset\face only\Celeb_fake_face_only\shortened\id26_id22_0009.mp4,FAKE
D:\major project\dataset\face only\Celeb_fake_face_only\shortened\id26_id24_0001.mp4,FAKE
D:\major project\dataset\face only\Celeb_fake_face_only\shortened\id26_id27_0001.mp4,FAKE
D:\major project\dataset\face only\Celeb_fake_face_only\shortened\id26_id28_0005.mp4,FAKE
D:\major project\dataset\face only\Celeb_fake_face_only\shortened\id26_id29_0009.mp4,FAKE
D:\major project\dataset\face only\Celeb_fake_face_only\shortened\id26_id30_0006.mp4,FAKE
D:\major project\dataset\face only\Celeb_fake_face_only\shortened\id26_id37_0001.mp4,FAKE
D:\major project\dataset\face only\Celeb_fake_face_only\shortened\id26_id37_0009.mp4,FAKE
D:\major project\dataset\face only\Celeb_fake_face_only\shortened\id26_id6_0004.mp4,FAKE
D:\major project\dataset\face only\Celeb_real_face_only\shortened\id27_0000.mp4,REAL
D:\major project\dataset\face only\Celeb_real_face_only\shortened\id27_0001.mp4,REAL
D:\major project\dataset\face only\Celeb_real_face_only\shortened\id27_0002.mp4,REAL
D:\major project\dataset\face only\Celeb_real_face_only\shortened\id27_0003.mp4,REAL
D:\major project\dataset\face only\Celeb_real_face_only\shortened\id27_0004.mp4,REAL
D:\major project\dataset\face only\Celeb_real_face_only\shortened\id27_0006.mp4,REAL
D:\major project\dataset\face only\Celeb_real_face_only\shortened\id27_0007.mp4,REAL
D:\major project\dataset\face only\Celeb_real_face_only\shortened\id27_0008.mp4,REAL
D:\major project\dataset\face only\Celeb_real_face_only\shortened\id27_0009.mp4,REAL
D:\major project\dataset\face only\Celeb_fake_face_only\shortened\id27_id20_0000.mp4,FAKE
D:\major project\dataset\face only\Celeb_fake_face_only\shortened\id27_id20_0007.mp4,FAKE
D:\major project\dataset\face only\Celeb_fake_face_only\shortened\id27_id21_0004.mp4,FAKE
D:\major project\dataset\face only\Celeb_fake_face_only\shortened\id27_id21_0008.mp4,FAKE
D:\major project\dataset\face only\Celeb_fake_face_only\shortened\id27_id23_0004.mp4,FAKE
D:\major project\dataset\face only\Celeb_fake_face_only\shortened\id27_id25_0000.mp4,FAKE
D:\major project\dataset\face only\Celeb_fake_face_only\shortened\id27_id25_0001.mp4,FAKE
D:\major project\dataset\face only\Celeb_fake_face_only\shortened\id27_id26_0003.mp4,FAKE
D:\major project\dataset\face only\Celeb_fake_face_only\shortened\id27_id28_0006.mp4,FAKE
D:\major project\dataset\face only\Celeb_fake_face_only\shortened\id27_id28_0007.mp4,FAKE
D:\major project\dataset\face only\Celeb_real_face_only\shortened\id28_0000.mp4,REAL
D:\major project\dataset\face only\Celeb_real_face_only\shortened\id28_0001.mp4,REAL
D:\major project\dataset\face only\Celeb_real_face_only\shortened\id28_0002.mp4,REAL
D:\major project\dataset\face only\Celeb_real_face_only\shortened\id28_0003.mp4,REAL
D:\major project\dataset\face only\Celeb_real_face_only\shortened\id28_0004.mp4,REAL
D:\major project\dataset\face only\Celeb_real_face_only\shortened\id28_0005.mp4,REAL
D:\major project\dataset\face only\Celeb_real_face_only\shortened\id28_0006.mp4,REAL
D:\major project\dataset\face only\Celeb_real_face_only\shortened\id28_0007.mp4,REAL
D:\major project\dataset\face only\Celeb_real_face_only\shortened\id28_0008.mp4,REAL
D:\major project\dataset\face only\Celeb_real_face_only\shortened\id28_0009.mp4,REAL
D:\major project\dataset\face only\Celeb_fake_face_only\shortened\id28_id0_0004.mp4,FAKE
D:\major project\dataset\face only\Celeb_fake_face_only\shortened\id28_id24_0003.mp4,FAKE
D:\major project\dataset\face only\Celeb_fake_face_only\shortened\id28_id26_0003.mp4,FAKE
D:\major project\dataset\face only\Celeb_fake_face_only\shortened\id28_id26_0007.mp4,FAKE
D:\major project\dataset\face only\Celeb_fake_face_only\shortened\id28_id30_0009.mp4,FAKE
D:\major project\dataset\face only\Celeb_fake_face_only\shortened\id28_id35_0001.mp4,FAKE
D:\major project\dataset\face only\Celeb_fake_face_only\shortened\id28_id38_0003.mp4,FAKE
D:\major project\dataset\face only\Celeb_fake_face_only\shortened\id28_id38_0009.mp4,FAKE
D:\major project\dataset\face only\Celeb_fake_face_only\shortened\id28_id9_0000.mp4,FAKE
D:\major project\dataset\face only\Celeb_fake_face_only\shortened\id28_id9_0003.mp4,FAKE
D:\major project\dataset\face only\Celeb_real_face_only\shortened\id29_0000.mp4,REAL
D:\major project\dataset\face only\Celeb_real_face_only\shortened\id29_0001.mp4,REAL
D:\major project\dataset\face only\Celeb_real_face_only\shortened\id29_0002.mp4,REAL
D:\major project\dataset\face only\Celeb_real_face_only\shortened\id29_0003.mp4,REAL
D:\major project\dataset\face only\Celeb_real_face_only\shortened\id29_0004.mp4,REAL
D:\major project\dataset\face only\Celeb_real_face_only\shortened\id29_0005.mp4,REAL
D:\major project\dataset\face only\Celeb_real_face_only\shortened\id29_0006.mp4,REAL
D:\major project\dataset\face only\Celeb_real_face_only\shortened\id29_0007.mp4,REAL
D:\major project\dataset\face only\Celeb_real_face_only\shortened\id29_0008.mp4,REAL
D:\major project\dataset\face only\Celeb_real_face_only\shortened\id29_0009.mp4,REAL
D:\major project\dataset\face only\Celeb_fake_face_only\shortened\id29_id21_0009.mp4,FAKE
D:\major project\dataset\face only\Celeb_fake_face_only\shortened\id29_id26_0009.mp4,FAKE
D:\major project\dataset\face only\Celeb_fake_face_only\shortened\id29_id28_0007.mp4,FAKE
D:\major project\dataset\face only\Celeb_fake_face_only\shortened\id29_id30_0005.mp4,FAKE
D:\major project\dataset\face only\Celeb_fake_face_only\shortened\id29_id31_0003.mp4,FAKE
D:\major project\dataset\face only\Celeb_fake_face_only\shortened\id29_id34_0005.mp4,FAKE
D:\major project\dataset\face only\Celeb_fake_face_only\shortened\id29_id35_0006.mp4,FAKE
D:\major project\dataset\face only\Celeb_fake_face_only\shortened\id29_id37_0004.mp4,FAKE
D:\major project\dataset\face only\Celeb_fake_face_only\shortened\id29_id37_0005.mp4,FAKE
D:\major project\dataset\face only\Celeb_fake_face_only\shortened\id29_id38_0004.mp4,FAKE
D:\major project\dataset\face only\Celeb_real_face_only\shortened\id3_0000.mp4,REAL
D:\major project\dataset\face only\Celeb_real_face_only\shortened\id3_0001.mp4,REAL
D:\major project\dataset\face only\Celeb_real_face_only\shortened\id3_0002.mp4,REAL
D:\major project\dataset\face only\Celeb_real_face_only\shortened\id3_0003.mp4,REAL
D:\major project\dataset\face only\Celeb_real_face_only\shortened\id3_0004.mp4,REAL
D:\major project\dataset\face only\Celeb_real_face_only\shortened\id3_0005.mp4,REAL
D:\major project\dataset\face only\Celeb_real_face_only\shortened\id3_0006.mp4,REAL
D:\major project\dataset\face only\Celeb_real_face_only\shortened\id3_0007.mp4,REAL
D:\major project\dataset\face only\Celeb_real_face_only\shortened\id3_0008.mp4,REAL
D:\major project\dataset\face only\Celeb_real_face_only\shortened\id3_0009.mp4,REAL
D:\major project\dataset\face only\Celeb_fake_face_only\shortened\id3_id17_0000.mp4,FAKE
D:\major project\dataset\face only\Celeb_fake_face_only\shortened\id3_id2_0004.mp4,FAKE
D:\major project\dataset\face only\Celeb_fake_face_only\shortened\id3_id20_0003.mp4,FAKE
D:\major project\dataset\face only\Celeb_fake_face_only\shortened\id3_id23_0007.mp4,FAKE
D:\major project\dataset\face only\Celeb_fake_face_only\shortened\id3_id28_0001.mp4,FAKE
D:\major project\dataset\face only\Celeb_fake_face_only\shortened\id3_id31_0007.mp4,FAKE
D:\major project\dataset\face only\Celeb_fake_face_only\shortened\id3_id35_0009.mp4,FAKE
D:\major project\dataset\face only\Celeb_fake_face_only\shortened\id3_id37_0001.mp4,FAKE
D:\major project\dataset\face only\Celeb_fake_face_only\shortened\id3_id6_0006.mp4,FAKE
D:\major project\dataset\face only\Celeb_fake_face_only\shortened\id3_id9_0001.mp4,FAKE
D:\major project\dataset\face only\Celeb_real_face_only\shortened\id30_0000.mp4,REAL
D:\major project\dataset\face only\Celeb_real_face_only\shortened\id30_0001.mp4,REAL
D:\major project\dataset\face only\Celeb_real_face_only\shortened\id30_0002.mp4,REAL
D:\major project\dataset\face only\Celeb_real_face_only\shortened\id30_0003.mp4,REAL
D:\major project\dataset\face only\Celeb_real_face_only\shortened\id30_0004.mp4,REAL
D:\major project\dataset\face only\Celeb_real_face_only\shortened\id30_0005.mp4,REAL
D:\major project\dataset\face only\Celeb_real_face_only\shortened\id30_0006.mp4,REAL
D:\major project\dataset\face only\Celeb_real_face_only\shortened\id30_0007.mp4,REAL
D:\major project\dataset\face only\Celeb_real_face_only\shortened\id30_0008.mp4,REAL
D:\major project\dataset\face only\Celeb_real_face_only\shortened\id30_0009.mp4,REAL
D:\major project\dataset\face only\Celeb_fake_face_only\shortened\id30_id16_0008.mp4,FAKE
D:\major project\dataset\face only\Celeb_fake_face_only\shortened\id30_id17_0004.mp4,FAKE
D:\major project\dataset\face only\Celeb_fake_face_only\shortened\id30_id20_0005.mp4,FAKE
D:\major project\dataset\face only\Celeb_fake_face_only\shortened\id30_id21_0005.mp4,FAKE
D:\major project\dataset\face only\Celeb_fake_face_only\shortened\id30_id21_0008.mp4,FAKE
D:\major project\dataset\face only\Celeb_fake_face_only\shortened\id30_id28_0009.mp4,FAKE
D:\major project\dataset\face only\Celeb_fake_face_only\shortened\id30_id29_0008.mp4,FAKE
D:\major project\dataset\face only\Celeb_fake_face_only\shortened\id30_id31_0004.mp4,FAKE
D:\major project\dataset\face only\Celeb_fake_face_only\shortened\id30_id32_0004.mp4,FAKE
D:\major project\dataset\face only\Celeb_fake_face_only\shortened\id30_id35_0002.mp4,FAKE
D:\major project\dataset\face only\Celeb_real_face_only\shortened\id31_0000.mp4,REAL
D:\major project\dataset\face only\Celeb_real_face_only\shortened\id31_0001.mp4,REAL
D:\major project\dataset\face only\Celeb_real_face_only\shortened\id31_0002.mp4,REAL
D:\major project\dataset\face only\Celeb_real_face_only\shortened\id31_0003.mp4,REAL
D:\major project\dataset\face only\Celeb_real_face_only\shortened\id31_0004.mp4,REAL
D:\major project\dataset\face only\Celeb_real_face_only\shortened\id31_0005.mp4,REAL
D:\major project\dataset\face only\Celeb_real_face_only\shortened\id31_0006.mp4,REAL
D:\major project\dataset\face only\Celeb_real_face_only\shortened\id31_0007.mp4,REAL
D:\major project\dataset\face only\Celeb_real_face_only\shortened\id31_0008.mp4,REAL
D:\major project\dataset\face only\Celeb_real_face_only\shortened\id31_0009.mp4,REAL
D:\major project\dataset\face only\Celeb_fake_face_only\shortened\id31_id1_0002.mp4,FAKE
D:\major project\dataset\face only\Celeb_fake_face_only\shortened\id31_id1_0006.mp4,FAKE
D:\major project\dataset\face only\Celeb_fake_face_only\shortened\id31_id2_0001.mp4,FAKE
D:\major project\dataset\face only\Celeb_fake_face_only\shortened\id31_id21_0006.mp4,FAKE
D:\major project\dataset\face only\Celeb_fake_face_only\shortened\id31_id32_0006.mp4,FAKE
D:\major project\dataset\face only\Celeb_fake_face_only\shortened\id31_id34_0005.mp4,FAKE
D:\major project\dataset\face only\Celeb_fake_face_only\shortened\id31_id38_0001.mp4,FAKE
D:\major project\dataset\face only\Celeb_fake_face_only\shortened\id31_id38_0006.mp4,FAKE
D:\major project\dataset\face only\Celeb_fake_face_only\shortened\id31_id38_0009.mp4,FAKE
D:\major project\dataset\face only\Celeb_fake_face_only\shortened\id31_id9_0002.mp4,FAKE
D:\major project\dataset\face only\Celeb_real_face_only\shortened\id32_0000.mp4,REAL
D:\major project\dataset\face only\Celeb_real_face_only\shortened\id32_0001.mp4,REAL
D:\major project\dataset\face only\Celeb_real_face_only\shortened\id32_0002.mp4,REAL
D:\major project\dataset\face only\Celeb_real_face_only\shortened\id32_0003.mp4,REAL
D:\major project\dataset\face only\Celeb_real_face_only\shortened\id32_0004.mp4,REAL
D:\major project\dataset\face only\Celeb_real_face_only\shortened\id32_0005.mp4,REAL
D:\major project\dataset\face only\Celeb_real_face_only\shortened\id32_0006.mp4,REAL
D:\major project\dataset\face only\Celeb_real_face_only\shortened\id32_0007.mp4,REAL
D:\major project\dataset\face only\Celeb_real_face_only\shortened\id32_0008.mp4,REAL
D:\major project\dataset\face only\Celeb_real_face_only\shortened\id32_0009.mp4,REAL
D:\major project\dataset\face only\Celeb_fake_face_only\shortened\id32_id21_0008.mp4,FAKE
D:\major project\dataset\face only\Celeb_fake_face_only\shortened\id32_id23_0006.mp4,FAKE
D:\major project\dataset\face only\Celeb_fake_face_only\shortened\id32_id30_0006.mp4,FAKE
D:\major project\dataset\face only\Celeb_fake_face_only\shortened\id32_id31_0006.mp4,FAKE
D:\major project\dataset\face only\Celeb_fake_face_only\shortened\id32_id33_0004.mp4,FAKE
D:\major project\dataset\face only\Celeb_fake_face_only\shortened\id32_id33_0005.mp4,FAKE
D:\major project\dataset\face only\Celeb_fake_face_only\shortened\id32_id34_0006.mp4,FAKE
D:\major project\dataset\face only\Celeb_fake_face_only\shortened\id32_id35_0000.mp4,FAKE
D:\major project\dataset\face only\Celeb_fake_face_only\shortened\id32_id35_0006.mp4,FAKE
D:\major project\dataset\face only\Celeb_fake_face_only\shortened\id32_id37_0005.mp4,FAKE
D:\major project\dataset\face only\Celeb_real_face_only\shortened\id33_0000.mp4,REAL
D:\major project\dataset\face only\Celeb_real_face_only\shortened\id33_0001.mp4,REAL
D:\major project\dataset\face only\Celeb_real_face_only\shortened\id33_0002.mp4,REAL
D:\major project\dataset\face only\Celeb_real_face_only\shortened\id33_0003.mp4,REAL
D:\major project\dataset\face only\Celeb_real_face_only\shortened\id33_0004.mp4,REAL
D:\major project\dataset\face only\Celeb_real_face_only\shortened\id33_0005.mp4,REAL
D:\major project\dataset\face only\Celeb_real_face_only\shortened\id33_0006.mp4,REAL
D:\major project\dataset\face only\Celeb_real_face_only\shortened\id33_0007.mp4,REAL
D:\major project\dataset\face only\Celeb_real_face_only\shortened\id33_0008.mp4,REAL
D:\major project\dataset\face only\Celeb_real_face_only\shortened\id33_0009.mp4,REAL
D:\major project\dataset\face only\Celeb_fake_face_only\shortened\id33_id23_0004.mp4,FAKE
D:\major project\dataset\face only\Celeb_fake_face_only\shortened\id33_id23_0008.mp4,FAKE
D:\major project\dataset\face only\Celeb_fake_face_only\shortened\id33_id30_0008.mp4,FAKE
D:\major project\dataset\face only\Celeb_fake_face_only\shortened\id33_id30_0009.mp4,FAKE
D:\major project\dataset\face only\Celeb_fake_face_only\shortened\id33_id31_0008.mp4,FAKE
D:\major project\dataset\face only\Celeb_fake_face_only\shortened\id33_id32_0004.mp4,FAKE
D:\major project\dataset\face only\Celeb_fake_face_only\shortened\id33_id34_0001.mp4,FAKE
D:\major project\dataset\face only\Celeb_fake_face_only\shortened\id33_id34_0002.mp4,FAKE
D:\major project\dataset\face only\Celeb_fake_face_only\shortened\id33_id34_0007.mp4,FAKE
D:\major project\dataset\face only\Celeb_fake_face_only\shortened\id33_id37_0009.mp4,FAKE
D:\major project\dataset\face only\Celeb_real_face_only\shortened\id34_0000.mp4,REAL
D:\major project\dataset\face only\Celeb_real_face_only\shortened\id34_0001.mp4,REAL
D:\major project\dataset\face only\Celeb_real_face_only\shortened\id34_0002.mp4,REAL
D:\major project\dataset\face only\Celeb_real_face_only\shortened\id34_0003.mp4,REAL
D:\major project\dataset\face only\Celeb_real_face_only\shortened\id34_0004.mp4,REAL
D:\major project\dataset\face only\Celeb_real_face_only\shortened\id34_0005.mp4,REAL
D:\major project\dataset\face only\Celeb_real_face_only\shortened\id34_0006.mp4,REAL
D:\major project\dataset\face only\Celeb_real_face_only\shortened\id34_0007.mp4,REAL
D:\major project\dataset\face only\Celeb_real_face_only\shortened\id34_0008.mp4,REAL
D:\major project\dataset\face only\Celeb_real_face_only\shortened\id34_0009.mp4,REAL
D:\major project\dataset\face only\Celeb_fake_face_only\shortened\id34_id20_0003.mp4,FAKE
D:\major project\dataset\face only\Celeb_fake_face_only\shortened\id34_id28_0008.mp4,FAKE
D:\major project\dataset\face only\Celeb_fake_face_only\shortened\id34_id29_0002.mp4,FAKE
D:\major project\dataset\face only\Celeb_fake_face_only\shortened\id34_id29_0005.mp4,FAKE
D:\major project\dataset\face only\Celeb_fake_face_only\shortened\id34_id31_0005.mp4,FAKE
D:\major project\dataset\face only\Celeb_fake_face_only\shortened\id34_id32_0002.mp4,FAKE
D:\major project\dataset\face only\Celeb_fake_face_only\shortened\id34_id32_0007.mp4,FAKE
D:\major project\dataset\face only\Celeb_fake_face_only\shortened\id34_id33_0003.mp4,FAKE
D:\major project\dataset\face only\Celeb_fake_face_only\shortened\id34_id37_0002.mp4,FAKE
D:\major project\dataset\face only\Celeb_fake_face_only\shortened\id34_id38_0009.mp4,FAKE
D:\major project\dataset\face only\Celeb_real_face_only\shortened\id35_0000.mp4,REAL
D:\major project\dataset\face only\Celeb_real_face_only\shortened\id35_0001.mp4,REAL
D:\major project\dataset\face only\Celeb_real_face_only\shortened\id35_0002.mp4,REAL
D:\major project\dataset\face only\Celeb_real_face_only\shortened\id35_0003.mp4,REAL
D:\major project\dataset\face only\Celeb_real_face_only\shortened\id35_0004.mp4,REAL
D:\major project\dataset\face only\Celeb_real_face_only\shortened\id35_0005.mp4,REAL
D:\major project\dataset\face only\Celeb_real_face_only\shortened\id35_0006.mp4,REAL
D:\major project\dataset\face only\Celeb_real_face_only\shortened\id35_0007.mp4,REAL
D:\major project\dataset\face only\Celeb_real_face_only\shortened\id35_0008.mp4,REAL
D:\major project\dataset\face only\Celeb_real_face_only\shortened\id35_0009.mp4,REAL
D:\major project\dataset\face only\Celeb_fake_face_only\shortened\id35_id16_0001.mp4,FAKE
D:\major project\dataset\face only\Celeb_fake_face_only\shortened\id35_id20_0003.mp4,FAKE
D:\major project\dataset\face only\Celeb_fake_face_only\shortened\id35_id23_0000.mp4,FAKE
D:\major project\dataset\face only\Celeb_fake_face_only\shortened\id35_id23_0003.mp4,FAKE
D:\major project\dataset\face only\Celeb_fake_face_only\shortened\id35_id26_0007.mp4,FAKE
D:\major project\dataset\face only\Celeb_fake_face_only\shortened\id35_id3_0003.mp4,FAKE
D:\major project\dataset\face only\Celeb_fake_face_only\shortened\id35_id6_0000.mp4,FAKE
D:\major project\dataset\face only\Celeb_fake_face_only\shortened\id35_id6_0007.mp4,FAKE
D:\major project\dataset\face only\Celeb_fake_face_only\shortened\id35_id9_0000.mp4,FAKE
D:\major project\dataset\face only\Celeb_fake_face_only\shortened\id35_id9_0006.mp4,FAKE
D:\major project\dataset\face only\Celeb_real_face_only\shortened\id36_0000.mp4,REAL
D:\major project\dataset\face only\Celeb_real_face_only\shortened\id36_0001.mp4,REAL
D:\major project\dataset\face only\Celeb_real_face_only\shortened\id36_0002.mp4,REAL
D:\major project\dataset\face only\Celeb_real_face_only\shortened\id36_0003.mp4,REAL
D:\major project\dataset\face only\Celeb_real_face_only\shortened\id36_0004.mp4,REAL
D:\major project\dataset\face only\Celeb_real_face_only\shortened\id36_0005.mp4,REAL
D:\major project\dataset\face only\Celeb_real_face_only\shortened\id36_0006.mp4,REAL
D:\major project\dataset\face only\Celeb_real_face_only\shortened\id36_0007.mp4,REAL
D:\major project\dataset\face only\Celeb_real_face_only\shortened\id36_0008.mp4,REAL
D:\major project\dataset\face only\Celeb_real_face_only\shortened\id36_0009.mp4,REAL
D:\major project\dataset\face only\Celeb_real_face_only\shortened\id37_0000.mp4,REAL
D:\major project\dataset\face only\Celeb_real_face_only\shortened\id37_0001.mp4,REAL
D:\major project\dataset\face only\Celeb_real_face_only\shortened\id37_0002.mp4,REAL
D:\major project\dataset\face only\Celeb_real_face_only\shortened\id37_0003.mp4,REAL
D:\major project\dataset\face only\Celeb_real_face_only\shortened\id37_0004.mp4,REAL
D:\major project\dataset\face only\Celeb_real_face_only\shortened\id37_0005.mp4,REAL
D:\major project\dataset\face only\Celeb_real_face_only\shortened\id37_0006.mp4,REAL
D:\major project\dataset\face only\Celeb_real_face_only\shortened\id37_0007.mp4,REAL
D:\major project\dataset\face only\Celeb_real_face_only\shortened\id37_0008.mp4,REAL
D:\major project\dataset\face only\Celeb_real_face_only\shortened\id37_0009.mp4,REAL
D:\major project\dataset\face only\Celeb_fake_face_only\shortened\id37_id17_0001.mp4,FAKE
D:\major project\dataset\face only\Celeb_fake_face_only\shortened\id37_id17_0003.mp4,FAKE
D:\major project\dataset\face only\Celeb_fake_face_only\shortened\id37_id28_0008.mp4,FAKE
D:\major project\dataset\face only\Celeb_fake_face_only\shortened\id37_id29_0006.mp4,FAKE
D:\major project\dataset\face only\Celeb_fake_face_only\shortened\id37_id3_0004.mp4,FAKE
D:\major project\dataset\face only\Celeb_fake_face_only\shortened\id37_id34_0001.mp4,FAKE
D:\major project\dataset\face only\Celeb_fake_face_only\shortened\id37_id34_0006.mp4,FAKE
D:\major project\dataset\face only\Celeb_fake_face_only\shortened\id37_id35_0000.mp4,FAKE
D:\major project\dataset\face only\Celeb_fake_face_only\shortened\id37_id38_0001.mp4,FAKE
D:\major project\dataset\face only\Celeb_fake_face_only\shortened\id37_id9_0008.mp4,FAKE
D:\major project\dataset\face only\Celeb_real_face_only\shortened\id38_0000.mp4,REAL
D:\major project\dataset\face only\Celeb_real_face_only\shortened\id38_0001.mp4,REAL
D:\major project\dataset\face only\Celeb_real_face_only\shortened\id38_0002.mp4,REAL
D:\major project\dataset\face only\Celeb_real_face_only\shortened\id38_0003.mp4,REAL
D:\major project\dataset\face only\Celeb_real_face_only\shortened\id38_0004.mp4,REAL
D:\major project\dataset\face only\Celeb_real_face_only\shortened\id38_0005.mp4,REAL
D:\major project\dataset\face only\Celeb_real_face_only\shortened\id38_0006.mp4,REAL
D:\major project\dataset\face only\Celeb_real_face_only\shortened\id38_0007.mp4,REAL
D:\major project\dataset\face only\Celeb_real_face_only\shortened\id38_0008.mp4,REAL
D:\major project\dataset\face only\Celeb_real_face_only\shortened\id38_0009.mp4,REAL
D:\major project\dataset\face only\Celeb_fake_face_only\shortened\id38_id20_0002.mp4,FAKE
D:\major project\dataset\face only\Celeb_fake_face_only\shortened\id38_id26_0007.mp4,FAKE
D:\major project\dataset\face only\Celeb_fake_face_only\shortened\id38_id28_0002.mp4,FAKE
D:\major project\dataset\face only\Celeb_fake_face_only\shortened\id38_id29_0000.mp4,FAKE
D:\major project\dataset\face only\Celeb_fake_face_only\shortened\id38_id29_0001.mp4,FAKE
D:\major project\dataset\face only\Celeb_fake_face_only\shortened\id38_id29_0009.mp4,FAKE
D:\major project\dataset\face only\Celeb_fake_face_only\shortened\id38_id32_0005.mp4,FAKE
D:\major project\dataset\face only\Celeb_fake_face_only\shortened\id38_id34_0008.mp4,FAKE
D:\major project\dataset\face only\Celeb_fake_face_only\shortened\id38_id35_0005.mp4,FAKE
D:\major project\dataset\face only\Celeb_fake_face_only\shortened\id38_id37_0007.mp4,FAKE
D:\major project\dataset\face only\Celeb_real_face_only\shortened\id39_0000.mp4,REAL
D:\major project\dataset\face only\Celeb_real_face_only\shortened\id39_0001.mp4,REAL
D:\major project\dataset\face only\Celeb_real_face_only\shortened\id39_0002.mp4,REAL
D:\major project\dataset\face only\Celeb_real_face_only\shortened\id39_0003.mp4,REAL
D:\major project\dataset\face only\Celeb_real_face_only\shortened\id39_0004.mp4,REAL
D:\major project\dataset\face only\Celeb_real_face_only\shortened\id39_0005.mp4,REAL
D:\major project\dataset\face only\Celeb_real_face_only\shortened\id39_0006.mp4,REAL
D:\major project\dataset\face only\Celeb_real_face_only\shortened\id39_0007.mp4,REAL
D:\major project\dataset\face only\Celeb_real_face_only\shortened\id39_0008.mp4,REAL
D:\major project\dataset\face only\Celeb_real_face_only\shortened\id39_0009.mp4,REAL
D:\major project\dataset\face only\Celeb_fake_face_only\shortened\id39_id42_0002.mp4,FAKE
D:\major project\dataset\face only\Celeb_fake_face_only\shortened\id39_id42_0007.mp4,FAKE
D:\major project\dataset\face only\Celeb_fake_face_only\shortened\id39_id43_0003.mp4,FAKE
D:\major project\dataset\face only\Celeb_fake_face_only\shortened\id39_id43_0008.mp4,FAKE
D:\major project\dataset\face only\Celeb_fake_face_only\shortened\id39_id44_0003.mp4,FAKE
D:\major project\dataset\face only\Celeb_fake_face_only\shortened\id39_id45_0004.mp4,FAKE
D:\major project\dataset\face only\Celeb_fake_face_only\shortened\id39_id46_0004.mp4,FAKE
D:\major project\dataset\face only\Celeb_fake_face_only\shortened\id39_id46_0006.mp4,FAKE
D:\major project\dataset\face only\Celeb_fake_face_only\shortened\id39_id47_0000.mp4,FAKE
D:\major project\dataset\face only\Celeb_fake_face_only\shortened\id39_id47_0005.mp4,FAKE
D:\major project\dataset\face only\Celeb_real_face_only\shortened\id4_0000.mp4,REAL
D:\major project\dataset\face only\Celeb_real_face_only\shortened\id4_0001.mp4,REAL
D:\major project\dataset\face only\Celeb_real_face_only\shortened\id4_0002.mp4,REAL
D:\major project\dataset\face only\Celeb_real_face_only\shortened\id4_0003.mp4,REAL
D:\major project\dataset\face only\Celeb_real_face_only\shortened\id4_0004.mp4,REAL
D:\major project\dataset\face only\Celeb_real_face_only\shortened\id4_0005.mp4,REAL
D:\major project\dataset\face only\Celeb_real_face_only\shortened\id4_0006.mp4,REAL
D:\major project\dataset\face only\Celeb_real_face_only\shortened\id4_0007.mp4,REAL
D:\major project\dataset\face only\Celeb_real_face_only\shortened\id4_0008.mp4,REAL
D:\major project\dataset\face only\Celeb_real_face_only\shortened\id4_0009.mp4,REAL
D:\major project\dataset\face only\Celeb_fake_face_only\shortened\id4_id1_0005.mp4,FAKE
D:\major project\dataset\face only\Celeb_fake_face_only\shortened\id4_id20_0003.mp4,FAKE
D:\major project\dataset\face only\Celeb_fake_face_only\shortened\id4_id20_0007.mp4,FAKE
D:\major project\dataset\face only\Celeb_fake_face_only\shortened\id4_id23_0006.mp4,FAKE
D:\major project\dataset\face only\Celeb_fake_face_only\shortened\id4_id26_0008.mp4,FAKE
D:\major project\dataset\face only\Celeb_fake_face_only\shortened\id4_id28_0009.mp4,FAKE
D:\major project\dataset\face only\Celeb_fake_face_only\shortened\id4_id30_0007.mp4,FAKE
D:\major project\dataset\face only\Celeb_fake_face_only\shortened\id4_id30_0009.mp4,FAKE
D:\major project\dataset\face only\Celeb_fake_face_only\shortened\id4_id31_0005.mp4,FAKE
D:\major project\dataset\face only\Celeb_fake_face_only\shortened\id4_id9_0003.mp4,FAKE
D:\major project\dataset\face only\Celeb_real_face_only\shortened\id40_0000.mp4,REAL
D:\major project\dataset\face only\Celeb_real_face_only\shortened\id40_0001.mp4,REAL
D:\major project\dataset\face only\Celeb_real_face_only\shortened\id40_0002.mp4,REAL
D:\major project\dataset\face only\Celeb_real_face_only\shortened\id40_0003.mp4,REAL
D:\major project\dataset\face only\Celeb_real_face_only\shortened\id40_0004.mp4,REAL
D:\major project\dataset\face only\Celeb_real_face_only\shortened\id40_0005.mp4,REAL
D:\major project\dataset\face only\Celeb_real_face_only\shortened\id40_0006.mp4,REAL
D:\major project\dataset\face only\Celeb_real_face_only\shortened\id40_0007.mp4,REAL
D:\major project\dataset\face only\Celeb_real_face_only\shortened\id40_0008.mp4,REAL
D:\major project\dataset\face only\Celeb_real_face_only\shortened\id40_0009.mp4,REAL
D:\major project\dataset\face only\Celeb_fake_face_only\shortened\id40_id42_0002.mp4,FAKE
D:\major project\dataset\face only\Celeb_fake_face_only\shortened\id40_id43_0001.mp4,FAKE
D:\major project\dataset\face only\Celeb_fake_face_only\shortened\id40_id44_0000.mp4,FAKE
D:\major project\dataset\face only\Celeb_fake_face_only\shortened\id40_id45_0001.mp4,FAKE
D:\major project\dataset\face only\Celeb_fake_face_only\shortened\id40_id45_0003.mp4,FAKE
D:\major project\dataset\face only\Celeb_fake_face_only\shortened\id40_id45_0008.mp4,FAKE
D:\major project\dataset\face only\Celeb_fake_face_only\shortened\id40_id46_0001.mp4,FAKE
D:\major project\dataset\face only\Celeb_fake_face_only\shortened\id40_id47_0000.mp4,FAKE
D:\major project\dataset\face only\Celeb_fake_face_only\shortened\id40_id47_0002.mp4,FAKE
D:\major project\dataset\face only\Celeb_fake_face_only\shortened\id40_id47_0008.mp4,FAKE
D:\major project\dataset\face only\Celeb_real_face_only\shortened\id41_0000.mp4,REAL
D:\major project\dataset\face only\Celeb_real_face_only\shortened\id41_0001.mp4,REAL
D:\major project\dataset\face only\Celeb_real_face_only\shortened\id41_0002.mp4,REAL
D:\major project\dataset\face only\Celeb_real_face_only\shortened\id41_0003.mp4,REAL
D:\major project\dataset\face only\Celeb_real_face_only\shortened\id41_0004.mp4,REAL
D:\major project\dataset\face only\Celeb_real_face_only\shortened\id41_0005.mp4,REAL
D:\major project\dataset\face only\Celeb_real_face_only\shortened\id41_0006.mp4,REAL
D:\major project\dataset\face only\Celeb_real_face_only\shortened\id41_0007.mp4,REAL
D:\major project\dataset\face only\Celeb_real_face_only\shortened\id41_0008.mp4,REAL
D:\major project\dataset\face only\Celeb_real_face_only\shortened\id41_0009.mp4,REAL
D:\major project\dataset\face only\Celeb_fake_face_only\shortened\id41_id40_0008.mp4,FAKE
D:\major project\dataset\face only\Celeb_fake_face_only\shortened\id41_id42_0002.mp4,FAKE
D:\major project\dataset\face only\Celeb_fake_face_only\shortened\id41_id42_0007.mp4,FAKE
D:\major project\dataset\face only\Celeb_fake_face_only\shortened\id41_id44_0002.mp4,FAKE
D:\major project\dataset\face only\Celeb_fake_face_only\shortened\id41_id45_0000.mp4,FAKE
D:\major project\dataset\face only\Celeb_fake_face_only\shortened\id41_id45_0009.mp4,FAKE
D:\major project\dataset\face only\Celeb_fake_face_only\shortened\id41_id46_0002.mp4,FAKE
D:\major project\dataset\face only\Celeb_fake_face_only\shortened\id41_id46_0003.mp4,FAKE
D:\major project\dataset\face only\Celeb_fake_face_only\shortened\id41_id46_0004.mp4,FAKE
D:\major project\dataset\face only\Celeb_fake_face_only\shortened\id41_id47_0003.mp4,FAKE
D:\major project\dataset\face only\Celeb_real_face_only\shortened\id42_0000.mp4,REAL
D:\major project\dataset\face only\Celeb_real_face_only\shortened\id42_0001.mp4,REAL
D:\major project\dataset\face only\Celeb_real_face_only\shortened\id42_0002.mp4,REAL
D:\major project\dataset\face only\Celeb_real_face_only\shortened\id42_0003.mp4,REAL
D:\major project\dataset\face only\Celeb_real_face_only\shortened\id42_0004.mp4,REAL
D:\major project\dataset\face only\Celeb_fake_face_only\shortened\id42_id39_0003.mp4,FAKE
D:\major project\dataset\face only\Celeb_fake_face_only\shortened\id42_id40_0001.mp4,FAKE
D:\major project\dataset\face only\Celeb_fake_face_only\shortened\id42_id40_0003.mp4,FAKE
D:\major project\dataset\face only\Celeb_fake_face_only\shortened\id42_id41_0001.mp4,FAKE
D:\major project\dataset\face only\Celeb_fake_face_only\shortened\id42_id45_0001.mp4,FAKE
D:\major project\dataset\face only\Celeb_fake_face_only\shortened\id42_id46_0000.mp4,FAKE
D:\major project\dataset\face only\Celeb_fake_face_only\shortened\id42_id47_0002.mp4,FAKE
D:\major project\dataset\face only\Celeb_fake_face_only\shortened\id42_id47_0003.mp4,FAKE
D:\major project\dataset\face only\Celeb_fake_face_only\shortened\id42_id48_0000.mp4,FAKE
D:\major project\dataset\face only\Celeb_fake_face_only\shortened\id42_id48_0002.mp4,FAKE
D:\major project\dataset\face only\Celeb_real_face_only\shortened\id43_0000.mp4,REAL
D:\major project\dataset\face only\Celeb_real_face_only\shortened\id43_0001.mp4,REAL
D:\major project\dataset\face only\Celeb_real_face_only\shortened\id43_0002.mp4,REAL
D:\major project\dataset\face only\Celeb_real_face_only\shortened\id43_0003.mp4,REAL
D:\major project\dataset\face only\Celeb_real_face_only\shortened\id43_0004.mp4,REAL
D:\major project\dataset\face only\Celeb_real_face_only\shortened\id43_0005.mp4,REAL
D:\major project\dataset\face only\Celeb_real_face_only\shortened\id43_0006.mp4,REAL
D:\major project\dataset\face only\Celeb_real_face_only\shortened\id43_0007.mp4,REAL
D:\major project\dataset\face only\Celeb_real_face_only\shortened\id43_0008.mp4,REAL
D:\major project\dataset\face only\Celeb_real_face_only\shortened\id43_0009.mp4,REAL
D:\major project\dataset\face only\Celeb_fake_face_only\shortened\id43_id39_0005.mp4,FAKE
D:\major project\dataset\face only\Celeb_fake_face_only\shortened\id43_id40_0009.mp4,FAKE
D:\major project\dataset\face only\Celeb_fake_face_only\shortened\id43_id41_0005.mp4,FAKE
D:\major project\dataset\face only\Celeb_fake_face_only\shortened\id43_id41_0007.mp4,FAKE
D:\major project\dataset\face only\Celeb_fake_face_only\shortened\id43_id44_0001.mp4,FAKE
D:\major project\dataset\face only\Celeb_fake_face_only\shortened\id43_id44_0008.mp4,FAKE
D:\major project\dataset\face only\Celeb_fake_face_only\shortened\id43_id44_0009.mp4,FAKE
D:\major project\dataset\face only\Celeb_fake_face_only\shortened\id43_id45_0002.mp4,FAKE
D:\major project\dataset\face only\Celeb_fake_face_only\shortened\id43_id48_0000.mp4,FAKE
D:\major project\dataset\face only\Celeb_fake_face_only\shortened\id43_id48_0004.mp4,FAKE
D:\major project\dataset\face only\Celeb_real_face_only\shortened\id44_0000.mp4,REAL
D:\major project\dataset\face only\Celeb_real_face_only\shortened\id44_0001.mp4,REAL
D:\major project\dataset\face only\Celeb_real_face_only\shortened\id44_0002.mp4,REAL
D:\major project\dataset\face only\Celeb_real_face_only\shortened\id44_0003.mp4,REAL
D:\major project\dataset\face only\Celeb_real_face_only\shortened\id44_0004.mp4,REAL
D:\major project\dataset\face only\Celeb_real_face_only\shortened\id44_0005.mp4,REAL
D:\major project\dataset\face only\Celeb_fake_face_only\shortened\id44_id39_0001.mp4,FAKE
D:\major project\dataset\face only\Celeb_fake_face_only\shortened\id44_id41_0000.mp4,FAKE
D:\major project\dataset\face only\Celeb_fake_face_only\shortened\id44_id42_0004.mp4,FAKE
D:\major project\dataset\face only\Celeb_fake_face_only\shortened\id44_id42_0005.mp4,FAKE
D:\major project\dataset\face only\Celeb_fake_face_only\shortened\id44_id45_0001.mp4,FAKE
D:\major project\dataset\face only\Celeb_fake_face_only\shortened\id44_id47_0000.mp4,FAKE
D:\major project\dataset\face only\Celeb_fake_face_only\shortened\id44_id47_0001.mp4,FAKE
D:\major project\dataset\face only\Celeb_fake_face_only\shortened\id44_id47_0005.mp4,FAKE
D:\major project\dataset\face only\Celeb_fake_face_only\shortened\id44_id48_0001.mp4,FAKE
D:\major project\dataset\face only\Celeb_fake_face_only\shortened\id44_id48_0002.mp4,FAKE
D:\major project\dataset\face only\Celeb_real_face_only\shortened\id45_0000.mp4,REAL
D:\major project\dataset\face only\Celeb_real_face_only\shortened\id45_0001.mp4,REAL
D:\major project\dataset\face only\Celeb_real_face_only\shortened\id45_0002.mp4,REAL
D:\major project\dataset\face only\Celeb_real_face_only\shortened\id45_0003.mp4,REAL
D:\major project\dataset\face only\Celeb_real_face_only\shortened\id45_0004.mp4,REAL
D:\major project\dataset\face only\Celeb_real_face_only\shortened\id45_0005.mp4,REAL
D:\major project\dataset\face only\Celeb_real_face_only\shortened\id45_0006.mp4,REAL
D:\major project\dataset\face only\Celeb_real_face_only\shortened\id45_0007.mp4,REAL
D:\major project\dataset\face only\Celeb_real_face_only\shortened\id45_0008.mp4,REAL
D:\major project\dataset\face only\Celeb_real_face_only\shortened\id45_0009.mp4,REAL
D:\major project\dataset\face only\Celeb_fake_face_only\shortened\id45_id39_0001.mp4,FAKE
D:\major project\dataset\face only\Celeb_fake_face_only\shortened\id45_id41_0002.mp4,FAKE
D:\major project\dataset\face only\Celeb_fake_face_only\shortened\id45_id41_0005.mp4,FAKE
D:\major project\dataset\face only\Celeb_fake_face_only\shortened\id45_id42_0005.mp4,FAKE
D:\major project\dataset\face only\Celeb_fake_face_only\shortened\id45_id43_0001.mp4,FAKE
D:\major project\dataset\face only\Celeb_fake_face_only\shortened\id45_id44_0000.mp4,FAKE
D:\major project\dataset\face only\Celeb_fake_face_only\shortened\id45_id44_0008.mp4,FAKE
D:\major project\dataset\face only\Celeb_fake_face_only\shortened\id45_id46_0000.mp4,FAKE
D:\major project\dataset\face only\Celeb_fake_face_only\shortened\id45_id47_0008.mp4,FAKE
D:\major project\dataset\face only\Celeb_fake_face_only\shortened\id45_id48_0002.mp4,FAKE
D:\major project\dataset\face only\Celeb_real_face_only\shortened\id46_0000.mp4,REAL
D:\major project\dataset\face only\Celeb_real_face_only\shortened\id46_0001.mp4,REAL
D:\major project\dataset\face only\Celeb_real_face_only\shortened\id46_0002.mp4,REAL
D:\major project\dataset\face only\Celeb_real_face_only\shortened\id46_0003.mp4,REAL
D:\major project\dataset\face only\Celeb_real_face_only\shortened\id46_0004.mp4,REAL
D:\major project\dataset\face only\Celeb_real_face_only\shortened\id46_0005.mp4,REAL
D:\major project\dataset\face only\Celeb_real_face_only\shortened\id46_0006.mp4,REAL
D:\major project\dataset\face only\Celeb_real_face_only\shortened\id46_0007.mp4,REAL
D:\major project\dataset\face only\Celeb_real_face_only\shortened\id46_0008.mp4,REAL
D:\major project\dataset\face only\Celeb_real_face_only\shortened\id46_0009.mp4,REAL
D:\major project\dataset\face only\Celeb_fake_face_only\shortened\id46_id41_0000.mp4,FAKE
D:\major project\dataset\face only\Celeb_fake_face_only\shortened\id46_id41_0009.mp4,FAKE
D:\major project\dataset\face only\Celeb_fake_face_only\shortened\id46_id42_0007.mp4,FAKE
D:\major project\dataset\face only\Celeb_fake_face_only\shortened\id46_id42_0009.mp4,FAKE
D:\major project\dataset\face only\Celeb_fake_face_only\shortened\id46_id44_0000.mp4,FAKE
D:\major project\dataset\face only\Celeb_fake_face_only\shortened\id46_id45_0005.mp4,FAKE
D:\major project\dataset\face only\Celeb_fake_face_only\shortened\id46_id47_0003.mp4,FAKE
D:\major project\dataset\face only\Celeb_fake_face_only\shortened\id46_id47_0004.mp4,FAKE
D:\major project\dataset\face only\Celeb_fake_face_only\shortened\id46_id47_0009.mp4,FAKE
D:\major project\dataset\face only\Celeb_fake_face_only\shortened\id46_id48_0003.mp4,FAKE
D:\major project\dataset\face only\Celeb_real_face_only\shortened\id47_0000.mp4,REAL
D:\major project\dataset\face only\Celeb_real_face_only\shortened\id47_0001.mp4,REAL
D:\major project\dataset\face only\Celeb_real_face_only\shortened\id47_0002.mp4,REAL
D:\major project\dataset\face only\Celeb_real_face_only\shortened\id47_0003.mp4,REAL
D:\major project\dataset\face only\Celeb_real_face_only\shortened\id47_0004.mp4,REAL
D:\major project\dataset\face only\Celeb_real_face_only\shortened\id47_0005.mp4,REAL
D:\major project\dataset\face only\Celeb_real_face_only\shortened\id47_0006.mp4,REAL
D:\major project\dataset\face only\Celeb_real_face_only\shortened\id47_0007.mp4,REAL
D:\major project\dataset\face only\Celeb_real_face_only\shortened\id47_0008.mp4,REAL
D:\major project\dataset\face only\Celeb_real_face_only\shortened\id47_0009.mp4,REAL
D:\major project\dataset\face only\Celeb_fake_face_only\shortened\id47_id39_0004.mp4,FAKE
D:\major project\dataset\face only\Celeb_fake_face_only\shortened\id47_id40_0004.mp4,FAKE
D:\major project\dataset\face only\Celeb_fake_face_only\shortened\id47_id41_0001.mp4,FAKE
D:\major project\dataset\face only\Celeb_fake_face_only\shortened\id47_id42_0008.mp4,FAKE
D:\major project\dataset\face only\Celeb_fake_face_only\shortened\id47_id43_0002.mp4,FAKE
D:\major project\dataset\face only\Celeb_fake_face_only\shortened\id47_id44_0007.mp4,FAKE
D:\major project\dataset\face only\Celeb_fake_face_only\shortened\id47_id45_0001.mp4,FAKE
D:\major project\dataset\face only\Celeb_fake_face_only\shortened\id47_id45_0002.mp4,FAKE
D:\major project\dataset\face only\Celeb_fake_face_only\shortened\id47_id45_0004.mp4,FAKE
D:\major project\dataset\face only\Celeb_fake_face_only\shortened\id47_id45_0008.mp4,FAKE
D:\major project\dataset\face only\Celeb_real_face_only\shortened\id48_0000.mp4,REAL
D:\major project\dataset\face only\Celeb_real_face_only\shortened\id48_0001.mp4,REAL
D:\major project\dataset\face only\Celeb_real_face_only\shortened\id48_0002.mp4,REAL
D:\major project\dataset\face only\Celeb_real_face_only\shortened\id48_0003.mp4,REAL
D:\major project\dataset\face only\Celeb_real_face_only\shortened\id48_0004.mp4,REAL
D:\major project\dataset\face only\Celeb_real_face_only\shortened\id48_0005.mp4,REAL
D:\major project\dataset\face only\Celeb_real_face_only\shortened\id48_0006.mp4,REAL
D:\major project\dataset\face only\Celeb_real_face_only\shortened\id48_0007.mp4,REAL
D:\major project\dataset\face only\Celeb_real_face_only\shortened\id48_0008.mp4,REAL
D:\major project\dataset\face only\Celeb_real_face_only\shortened\id48_0009.mp4,REAL
D:\major project\dataset\face only\Celeb_fake_face_only\shortened\id48_id39_0001.mp4,FAKE
D:\major project\dataset\face only\Celeb_fake_face_only\shortened\id48_id39_0003.mp4,FAKE
D:\major project\dataset\face only\Celeb_fake_face_only\shortened\id48_id39_0007.mp4,FAKE
D:\major project\dataset\face only\Celeb_fake_face_only\shortened\id48_id41_0009.mp4,FAKE
D:\major project\dataset\face only\Celeb_fake_face_only\shortened\id48_id42_0000.mp4,FAKE
D:\major project\dataset\face only\Celeb_fake_face_only\shortened\id48_id43_0003.mp4,FAKE
D:\major project\dataset\face only\Celeb_fake_face_only\shortened\id48_id45_0005.mp4,FAKE
D:\major project\dataset\face only\Celeb_fake_face_only\shortened\id48_id45_0008.mp4,FAKE
D:\major project\dataset\face only\Celeb_fake_face_only\shortened\id48_id47_0002.mp4,FAKE
D:\major project\dataset\face only\Celeb_fake_face_only\shortened\id48_id47_0007.mp4,FAKE
D:\major project\dataset\face only\Celeb_real_face_only\shortened\id49_0000.mp4,REAL
D:\major project\dataset\face only\Celeb_real_face_only\shortened\id49_0001.mp4,REAL
D:\major project\dataset\face only\Celeb_real_face_only\shortened\id49_0002.mp4,REAL
D:\major project\dataset\face only\Celeb_real_face_only\shortened\id49_0003.mp4,REAL
D:\major project\dataset\face only\Celeb_real_face_only\shortened\id49_0004.mp4,REAL
D:\major project\dataset\face only\Celeb_real_face_only\shortened\id49_0005.mp4,REAL
D:\major project\dataset\face only\Celeb_real_face_only\shortened\id49_0006.mp4,REAL
D:\major project\dataset\face only\Celeb_real_face_only\shortened\id49_0007.mp4,REAL
D:\major project\dataset\face only\Celeb_real_face_only\shortened\id49_0008.mp4,REAL
D:\major project\dataset\face only\Celeb_real_face_only\shortened\id49_0009.mp4,REAL
D:\major project\dataset\face only\Celeb_fake_face_only\shortened\id49_id50_0007.mp4,FAKE
D:\major project\dataset\face only\Celeb_fake_face_only\shortened\id49_id51_0000.mp4,FAKE
D:\major project\dataset\face only\Celeb_fake_face_only\shortened\id49_id52_0002.mp4,FAKE
D:\major project\dataset\face only\Celeb_fake_face_only\shortened\id49_id52_0003.mp4,FAKE
D:\major project\dataset\face only\Celeb_fake_face_only\shortened\id49_id52_0008.mp4,FAKE
D:\major project\dataset\face only\Celeb_fake_face_only\shortened\id49_id53_0004.mp4,FAKE
D:\major project\dataset\face only\Celeb_fake_face_only\shortened\id49_id53_0006.mp4,FAKE
D:\major project\dataset\face only\Celeb_fake_face_only\shortened\id49_id54_0005.mp4,FAKE
D:\major project\dataset\face only\Celeb_fake_face_only\shortened\id49_id55_0002.mp4,FAKE
D:\major project\dataset\face only\Celeb_fake_face_only\shortened\id49_id55_0005.mp4,FAKE
D:\major project\dataset\face only\Celeb_real_face_only\shortened\id5_0000.mp4,REAL
D:\major project\dataset\face only\Celeb_real_face_only\shortened\id5_0001.mp4,REAL
D:\major project\dataset\face only\Celeb_real_face_only\shortened\id5_0002.mp4,REAL
D:\major project\dataset\face only\Celeb_real_face_only\shortened\id5_0003.mp4,REAL
D:\major project\dataset\face only\Celeb_real_face_only\shortened\id5_0004.mp4,REAL
D:\major project\dataset\face only\Celeb_real_face_only\shortened\id5_0005.mp4,REAL
D:\major project\dataset\face only\Celeb_real_face_only\shortened\id5_0006.mp4,REAL
D:\major project\dataset\face only\Celeb_real_face_only\shortened\id5_0007.mp4,REAL
D:\major project\dataset\face only\Celeb_real_face_only\shortened\id5_0008.mp4,REAL
D:\major project\dataset\face only\Celeb_real_face_only\shortened\id5_0009.mp4,REAL
D:\major project\dataset\face only\Celeb_fake_face_only\shortened\id5_id59_0004.mp4,FAKE
D:\major project\dataset\face only\Celeb_fake_face_only\shortened\id5_id59_0007.mp4,FAKE
D:\major project\dataset\face only\Celeb_fake_face_only\shortened\id5_id60_0001.mp4,FAKE
D:\major project\dataset\face only\Celeb_fake_face_only\shortened\id5_id60_0003.mp4,FAKE
D:\major project\dataset\face only\Celeb_fake_face_only\shortened\id5_id60_0004.mp4,FAKE
D:\major project\dataset\face only\Celeb_fake_face_only\shortened\id5_id61_0000.mp4,FAKE
D:\major project\dataset\face only\Celeb_fake_face_only\shortened\id5_id61_0003.mp4,FAKE
D:\major project\dataset\face only\Celeb_fake_face_only\shortened\id5_id61_0004.mp4,FAKE
D:\major project\dataset\face only\Celeb_fake_face_only\shortened\id5_id61_0007.mp4,FAKE
D:\major project\dataset\face only\Celeb_fake_face_only\shortened\id5_id61_0008.mp4,FAKE
D:\major project\dataset\face only\Celeb_real_face_only\shortened\id50_0000.mp4,REAL
D:\major project\dataset\face only\Celeb_real_face_only\shortened\id50_0001.mp4,REAL
D:\major project\dataset\face only\Celeb_real_face_only\shortened\id50_0002.mp4,REAL
D:\major project\dataset\face only\Celeb_real_face_only\shortened\id50_0003.mp4,REAL
D:\major project\dataset\face only\Celeb_real_face_only\shortened\id50_0004.mp4,REAL
D:\major project\dataset\face only\Celeb_real_face_only\shortened\id50_0005.mp4,REAL
D:\major project\dataset\face only\Celeb_real_face_only\shortened\id50_0006.mp4,REAL
D:\major project\dataset\face only\Celeb_real_face_only\shortened\id50_0007.mp4,REAL
D:\major project\dataset\face only\Celeb_real_face_only\shortened\id50_0008.mp4,REAL
D:\major project\dataset\face only\Celeb_real_face_only\shortened\id50_0009.mp4,REAL
D:\major project\dataset\face only\Celeb_fake_face_only\shortened\id50_id49_0005.mp4,FAKE
D:\major project\dataset\face only\Celeb_fake_face_only\shortened\id50_id51_0005.mp4,FAKE
D:\major project\dataset\face only\Celeb_fake_face_only\shortened\id50_id52_0009.mp4,FAKE
D:\major project\dataset\face only\Celeb_fake_face_only\shortened\id50_id53_0000.mp4,FAKE
D:\major project\dataset\face only\Celeb_fake_face_only\shortened\id50_id55_0000.mp4,FAKE
D:\major project\dataset\face only\Celeb_fake_face_only\shortened\id50_id55_0002.mp4,FAKE
D:\major project\dataset\face only\Celeb_fake_face_only\shortened\id50_id56_0000.mp4,FAKE
D:\major project\dataset\face only\Celeb_fake_face_only\shortened\id50_id57_0004.mp4,FAKE
D:\major project\dataset\face only\Celeb_fake_face_only\shortened\id50_id57_0006.mp4,FAKE
D:\major project\dataset\face only\Celeb_fake_face_only\shortened\id50_id57_0007.mp4,FAKE
D:\major project\dataset\face only\Celeb_real_face_only\shortened\id51_0000.mp4,REAL
D:\major project\dataset\face only\Celeb_real_face_only\shortened\id51_0001.mp4,REAL
D:\major project\dataset\face only\Celeb_real_face_only\shortened\id51_0002.mp4,REAL
D:\major project\dataset\face only\Celeb_real_face_only\shortened\id51_0003.mp4,REAL
D:\major project\dataset\face only\Celeb_real_face_only\shortened\id51_0004.mp4,REAL
D:\major project\dataset\face only\Celeb_real_face_only\shortened\id51_0005.mp4,REAL
D:\major project\dataset\face only\Celeb_real_face_only\shortened\id51_0006.mp4,REAL
D:\major project\dataset\face only\Celeb_real_face_only\shortened\id51_0007.mp4,REAL
D:\major project\dataset\face only\Celeb_real_face_only\shortened\id51_0008.mp4,REAL
D:\major project\dataset\face only\Celeb_real_face_only\shortened\id51_0009.mp4,REAL
D:\major project\dataset\face only\Celeb_fake_face_only\shortened\id51_id49_0002.mp4,FAKE
D:\major project\dataset\face only\Celeb_fake_face_only\shortened\id51_id49_0008.mp4,FAKE
D:\major project\dataset\face only\Celeb_fake_face_only\shortened\id51_id50_0002.mp4,FAKE
D:\major project\dataset\face only\Celeb_fake_face_only\shortened\id51_id53_0006.mp4,FAKE
D:\major project\dataset\face only\Celeb_fake_face_only\shortened\id51_id54_0004.mp4,FAKE
D:\major project\dataset\face only\Celeb_fake_face_only\shortened\id51_id54_0009.mp4,FAKE
D:\major project\dataset\face only\Celeb_fake_face_only\shortened\id51_id55_0001.mp4,FAKE
D:\major project\dataset\face only\Celeb_fake_face_only\shortened\id51_id55_0002.mp4,FAKE
D:\major project\dataset\face only\Celeb_fake_face_only\shortened\id51_id57_0002.mp4,FAKE
D:\major project\dataset\face only\Celeb_fake_face_only\shortened\id51_id58_0004.mp4,FAKE
D:\major project\dataset\face only\Celeb_real_face_only\shortened\id52_0000.mp4,REAL
D:\major project\dataset\face only\Celeb_real_face_only\shortened\id52_0001.mp4,REAL
D:\major project\dataset\face only\Celeb_real_face_only\shortened\id52_0002.mp4,REAL
D:\major project\dataset\face only\Celeb_real_face_only\shortened\id52_0003.mp4,REAL
D:\major project\dataset\face only\Celeb_real_face_only\shortened\id52_0004.mp4,REAL
D:\major project\dataset\face only\Celeb_real_face_only\shortened\id52_0005.mp4,REAL
D:\major project\dataset\face only\Celeb_real_face_only\shortened\id52_0006.mp4,REAL
D:\major project\dataset\face only\Celeb_real_face_only\shortened\id52_0007.mp4,REAL
D:\major project\dataset\face only\Celeb_real_face_only\shortened\id52_0008.mp4,REAL
D:\major project\dataset\face only\Celeb_real_face_only\shortened\id52_0009.mp4,REAL
D:\major project\dataset\face only\Celeb_fake_face_only\shortened\id52_id49_0001.mp4,FAKE
D:\major project\dataset\face only\Celeb_fake_face_only\shortened\id52_id49_0006.mp4,FAKE
D:\major project\dataset\face only\Celeb_fake_face_only\shortened\id52_id49_0008.mp4,FAKE
D:\major project\dataset\face only\Celeb_fake_face_only\shortened\id52_id53_0002.mp4,FAKE
D:\major project\dataset\face only\Celeb_fake_face_only\shortened\id52_id55_0002.mp4,FAKE
D:\major project\dataset\face only\Celeb_fake_face_only\shortened\id52_id57_0006.mp4,FAKE
D:\major project\dataset\face only\Celeb_fake_face_only\shortened\id52_id57_0009.mp4,FAKE
D:\major project\dataset\face only\Celeb_fake_face_only\shortened\id52_id58_0000.mp4,FAKE
D:\major project\dataset\face only\Celeb_fake_face_only\shortened\id52_id58_0001.mp4,FAKE
D:\major project\dataset\face only\Celeb_fake_face_only\shortened\id52_id58_0008.mp4,FAKE
D:\major project\dataset\face only\Celeb_real_face_only\shortened\id53_0000.mp4,REAL
D:\major project\dataset\face only\Celeb_real_face_only\shortened\id53_0001.mp4,REAL
D:\major project\dataset\face only\Celeb_real_face_only\shortened\id53_0002.mp4,REAL
D:\major project\dataset\face only\Celeb_real_face_only\shortened\id53_0003.mp4,REAL
D:\major project\dataset\face only\Celeb_real_face_only\shortened\id53_0004.mp4,REAL
D:\major project\dataset\face only\Celeb_real_face_only\shortened\id53_0005.mp4,REAL
D:\major project\dataset\face only\Celeb_real_face_only\shortened\id53_0006.mp4,REAL
D:\major project\dataset\face only\Celeb_real_face_only\shortened\id53_0007.mp4,REAL
D:\major project\dataset\face only\Celeb_real_face_only\shortened\id53_0008.mp4,REAL
D:\major project\dataset\face only\Celeb_real_face_only\shortened\id53_0009.mp4,REAL
D:\major project\dataset\face only\Celeb_fake_face_only\shortened\id53_id49_0008.mp4,FAKE
D:\major project\dataset\face only\Celeb_fake_face_only\shortened\id53_id50_0005.mp4,FAKE
D:\major project\dataset\face only\Celeb_fake_face_only\shortened\id53_id50_0007.mp4,FAKE
D:\major project\dataset\face only\Celeb_fake_face_only\shortened\id53_id51_0000.mp4,FAKE
D:\major project\dataset\face only\Celeb_fake_face_only\shortened\id53_id52_0007.mp4,FAKE
D:\major project\dataset\face only\Celeb_fake_face_only\shortened\id53_id54_0000.mp4,FAKE
D:\major project\dataset\face only\Celeb_fake_face_only\shortened\id53_id55_0002.mp4,FAKE
D:\major project\dataset\face only\Celeb_fake_face_only\shortened\id53_id55_0005.mp4,FAKE
D:\major project\dataset\face only\Celeb_fake_face_only\shortened\id53_id56_0003.mp4,FAKE
D:\major project\dataset\face only\Celeb_fake_face_only\shortened\id53_id56_0008.mp4,FAKE
D:\major project\dataset\face only\Celeb_real_face_only\shortened\id54_0000.mp4,REAL
D:\major project\dataset\face only\Celeb_real_face_only\shortened\id54_0001.mp4,REAL
D:\major project\dataset\face only\Celeb_real_face_only\shortened\id54_0002.mp4,REAL
D:\major project\dataset\face only\Celeb_real_face_only\shortened\id54_0003.mp4,REAL
D:\major project\dataset\face only\Celeb_real_face_only\shortened\id54_0004.mp4,REAL
D:\major project\dataset\face only\Celeb_real_face_only\shortened\id54_0005.mp4,REAL
D:\major project\dataset\face only\Celeb_real_face_only\shortened\id54_0006.mp4,REAL
D:\major project\dataset\face only\Celeb_real_face_only\shortened\id54_0007.mp4,REAL
D:\major project\dataset\face only\Celeb_real_face_only\shortened\id54_0008.mp4,REAL
D:\major project\dataset\face only\Celeb_real_face_only\shortened\id54_0009.mp4,REAL
D:\major project\dataset\face only\Celeb_fake_face_only\shortened\id54_id49_0000.mp4,FAKE
D:\major project\dataset\face only\Celeb_fake_face_only\shortened\id54_id49_0003.mp4,FAKE
D:\major project\dataset\face only\Celeb_fake_face_only\shortened\id54_id49_0004.mp4,FAKE
D:\major project\dataset\face only\Celeb_fake_face_only\shortened\id54_id49_0007.mp4,FAKE
D:\major project\dataset\face only\Celeb_fake_face_only\shortened\id54_id50_0004.mp4,FAKE
D:\major project\dataset\face only\Celeb_fake_face_only\shortened\id54_id51_0008.mp4,FAKE
D:\major project\dataset\face only\Celeb_fake_face_only\shortened\id54_id55_0005.mp4,FAKE
D:\major project\dataset\face only\Celeb_fake_face_only\shortened\id54_id57_0004.mp4,FAKE
D:\major project\dataset\face only\Celeb_fake_face_only\shortened\id54_id58_0001.mp4,FAKE
D:\major project\dataset\face only\Celeb_fake_face_only\shortened\id54_id58_0007.mp4,FAKE
D:\major project\dataset\face only\Celeb_real_face_only\shortened\id55_0000.mp4,REAL
D:\major project\dataset\face only\Celeb_real_face_only\shortened\id55_0001.mp4,REAL
D:\major project\dataset\face only\Celeb_real_face_only\shortened\id55_0002.mp4,REAL
D:\major project\dataset\face only\Celeb_real_face_only\shortened\id55_0003.mp4,REAL
D:\major project\dataset\face only\Celeb_real_face_only\shortened\id55_0004.mp4,REAL
D:\major project\dataset\face only\Celeb_real_face_only\shortened\id55_0005.mp4,REAL
D:\major project\dataset\face only\Celeb_real_face_only\shortened\id55_0006.mp4,REAL
D:\major project\dataset\face only\Celeb_real_face_only\shortened\id55_0007.mp4,REAL
D:\major project\dataset\face only\Celeb_real_face_only\shortened\id55_0008.mp4,REAL
D:\major project\dataset\face only\Celeb_real_face_only\shortened\id55_0009.mp4,REAL
D:\major project\dataset\face only\Celeb_fake_face_only\shortened\id55_id49_0009.mp4,FAKE
D:\major project\dataset\face only\Celeb_fake_face_only\shortened\id55_id50_0001.mp4,FAKE
D:\major project\dataset\face only\Celeb_fake_face_only\shortened\id55_id51_0000.mp4,FAKE
D:\major project\dataset\face only\Celeb_fake_face_only\shortened\id55_id51_0009.mp4,FAKE
D:\major project\dataset\face only\Celeb_fake_face_only\shortened\id55_id52_0005.mp4,FAKE
D:\major project\dataset\face only\Celeb_fake_face_only\shortened\id55_id52_0007.mp4,FAKE
D:\major project\dataset\face only\Celeb_fake_face_only\shortened\id55_id53_0007.mp4,FAKE
D:\major project\dataset\face only\Celeb_fake_face_only\shortened\id55_id56_0002.mp4,FAKE
D:\major project\dataset\face only\Celeb_fake_face_only\shortened\id55_id57_0001.mp4,FAKE
D:\major project\dataset\face only\Celeb_fake_face_only\shortened\id55_id58_0008.mp4,FAKE
D:\major project\dataset\face only\Celeb_real_face_only\shortened\id56_0000.mp4,REAL
D:\major project\dataset\face only\Celeb_real_face_only\shortened\id56_0001.mp4,REAL
D:\major project\dataset\face only\Celeb_real_face_only\shortened\id56_0002.mp4,REAL
D:\major project\dataset\face only\Celeb_real_face_only\shortened\id56_0003.mp4,REAL
D:\major project\dataset\face only\Celeb_real_face_only\shortened\id56_0004.mp4,REAL
D:\major project\dataset\face only\Celeb_real_face_only\shortened\id56_0005.mp4,REAL
D:\major project\dataset\face only\Celeb_real_face_only\shortened\id56_0006.mp4,REAL
D:\major project\dataset\face only\Celeb_real_face_only\shortened\id56_0007.mp4,REAL
D:\major project\dataset\face only\Celeb_real_face_only\shortened\id56_0008.mp4,REAL
D:\major project\dataset\face only\Celeb_real_face_only\shortened\id56_0009.mp4,REAL
D:\major project\dataset\face only\Celeb_fake_face_only\shortened\id56_id49_0006.mp4,FAKE
D:\major project\dataset\face only\Celeb_fake_face_only\shortened\id56_id50_0002.mp4,FAKE
D:\major project\dataset\face only\Celeb_fake_face_only\shortened\id56_id51_0001.mp4,FAKE
D:\major project\dataset\face only\Celeb_fake_face_only\shortened\id56_id52_0000.mp4,FAKE
D:\major project\dataset\face only\Celeb_fake_face_only\shortened\id56_id52_0001.mp4,FAKE
D:\major project\dataset\face only\Celeb_fake_face_only\shortened\id56_id52_0003.mp4,FAKE
D:\major project\dataset\face only\Celeb_fake_face_only\shortened\id56_id54_0008.mp4,FAKE
D:\major project\dataset\face only\Celeb_fake_face_only\shortened\id56_id55_0008.mp4,FAKE
D:\major project\dataset\face only\Celeb_fake_face_only\shortened\id56_id55_0009.mp4,FAKE
D:\major project\dataset\face only\Celeb_fake_face_only\shortened\id56_id58_0000.mp4,FAKE
D:\major project\dataset\face only\Celeb_real_face_only\shortened\id57_0000.mp4,REAL
D:\major project\dataset\face only\Celeb_real_face_only\shortened\id57_0001.mp4,REAL
D:\major project\dataset\face only\Celeb_real_face_only\shortened\id57_0002.mp4,REAL
D:\major project\dataset\face only\Celeb_real_face_only\shortened\id57_0003.mp4,REAL
D:\major project\dataset\face only\Celeb_real_face_only\shortened\id57_0004.mp4,REAL
D:\major project\dataset\face only\Celeb_real_face_only\shortened\id57_0005.mp4,REAL
D:\major project\dataset\face only\Celeb_real_face_only\shortened\id57_0006.mp4,REAL
D:\major project\dataset\face only\Celeb_real_face_only\shortened\id57_0007.mp4,REAL
D:\major project\dataset\face only\Celeb_real_face_only\shortened\id57_0008.mp4,REAL
D:\major project\dataset\face only\Celeb_real_face_only\shortened\id57_0009.mp4,REAL
D:\major project\dataset\face only\Celeb_fake_face_only\shortened\id57_id50_0000.mp4,FAKE
D:\major project\dataset\face only\Celeb_fake_face_only\shortened\id57_id52_0003.mp4,FAKE
D:\major project\dataset\face only\Celeb_fake_face_only\shortened\id57_id53_0003.mp4,FAKE
D:\major project\dataset\face only\Celeb_fake_face_only\shortened\id57_id54_0007.mp4,FAKE
D:\major project\dataset\face only\Celeb_fake_face_only\shortened\id57_id55_0000.mp4,FAKE
D:\major project\dataset\face only\Celeb_fake_face_only\shortened\id57_id55_0001.mp4,FAKE
D:\major project\dataset\face only\Celeb_fake_face_only\shortened\id57_id55_0007.mp4,FAKE
D:\major project\dataset\face only\Celeb_fake_face_only\shortened\id57_id56_0004.mp4,FAKE
D:\major project\dataset\face only\Celeb_fake_face_only\shortened\id57_id58_0000.mp4,FAKE
D:\major project\dataset\face only\Celeb_fake_face_only\shortened\id57_id58_0004.mp4,FAKE
D:\major project\dataset\face only\Celeb_real_face_only\shortened\id58_0000.mp4,REAL
D:\major project\dataset\face only\Celeb_real_face_only\shortened\id58_0001.mp4,REAL
D:\major project\dataset\face only\Celeb_real_face_only\shortened\id58_0002.mp4,REAL
D:\major project\dataset\face only\Celeb_real_face_only\shortened\id58_0003.mp4,REAL
D:\major project\dataset\face only\Celeb_real_face_only\shortened\id58_0004.mp4,REAL
D:\major project\dataset\face only\Celeb_real_face_only\shortened\id58_0005.mp4,REAL
D:\major project\dataset\face only\Celeb_real_face_only\shortened\id58_0006.mp4,REAL
D:\major project\dataset\face only\Celeb_real_face_only\shortened\id58_0007.mp4,REAL
D:\major project\dataset\face only\Celeb_real_face_only\shortened\id58_0008.mp4,REAL
D:\major project\dataset\face only\Celeb_real_face_only\shortened\id58_0009.mp4,REAL
D:\major project\dataset\face only\Celeb_fake_face_only\shortened\id58_id49_0002.mp4,FAKE
D:\major project\dataset\face only\Celeb_fake_face_only\shortened\id58_id51_0004.mp4,FAKE
D:\major project\dataset\face only\Celeb_fake_face_only\shortened\id58_id51_0007.mp4,FAKE
D:\major project\dataset\face only\Celeb_fake_face_only\shortened\id58_id52_0004.mp4,FAKE
D:\major project\dataset\face only\Celeb_fake_face_only\shortened\id58_id54_0002.mp4,FAKE
D:\major project\dataset\face only\Celeb_fake_face_only\shortened\id58_id55_0002.mp4,FAKE
D:\major project\dataset\face only\Celeb_fake_face_only\shortened\id58_id55_0005.mp4,FAKE
D:\major project\dataset\face only\Celeb_fake_face_only\shortened\id58_id55_0007.mp4,FAKE
D:\major project\dataset\face only\Celeb_fake_face_only\shortened\id58_id55_0008.mp4,FAKE
D:\major project\dataset\face only\Celeb_fake_face_only\shortened\id58_id57_0006.mp4,FAKE
D:\major project\dataset\face only\Celeb_real_face_only\shortened\id59_0000.mp4,REAL
D:\major project\dataset\face only\Celeb_real_face_only\shortened\id59_0001.mp4,REAL
D:\major project\dataset\face only\Celeb_real_face_only\shortened\id59_0002.mp4,REAL
D:\major project\dataset\face only\Celeb_real_face_only\shortened\id59_0003.mp4,REAL
D:\major project\dataset\face only\Celeb_real_face_only\shortened\id59_0004.mp4,REAL
D:\major project\dataset\face only\Celeb_real_face_only\shortened\id59_0005.mp4,REAL
D:\major project\dataset\face only\Celeb_real_face_only\shortened\id59_0006.mp4,REAL
D:\major project\dataset\face only\Celeb_real_face_only\shortened\id59_0007.mp4,REAL
D:\major project\dataset\face only\Celeb_real_face_only\shortened\id59_0008.mp4,REAL
D:\major project\dataset\face only\Celeb_real_face_only\shortened\id59_0009.mp4,REAL
D:\major project\dataset\face only\Celeb_fake_face_only\shortened\id59_id5_0000.mp4,FAKE
D:\major project\dataset\face only\Celeb_fake_face_only\shortened\id59_id5_0001.mp4,FAKE
D:\major project\dataset\face only\Celeb_fake_face_only\shortened\id59_id5_0005.mp4,FAKE
D:\major project\dataset\face only\Celeb_fake_face_only\shortened\id59_id5_0006.mp4,FAKE
D:\major project\dataset\face only\Celeb_fake_face_only\shortened\id59_id60_0000.mp4,FAKE
D:\major project\dataset\face only\Celeb_fake_face_only\shortened\id59_id60_0005.mp4,FAKE
D:\major project\dataset\face only\Celeb_fake_face_only\shortened\id59_id60_0006.mp4,FAKE
D:\major project\dataset\face only\Celeb_fake_face_only\shortened\id59_id61_0000.mp4,FAKE
D:\major project\dataset\face only\Celeb_fake_face_only\shortened\id59_id61_0005.mp4,FAKE
D:\major project\dataset\face only\Celeb_fake_face_only\shortened\id59_id61_0007.mp4,FAKE
D:\major project\dataset\face only\Celeb_real_face_only\shortened\id6_0000.mp4,REAL
D:\major project\dataset\face only\Celeb_real_face_only\shortened\id6_0001.mp4,REAL
D:\major project\dataset\face only\Celeb_real_face_only\shortened\id6_0002.mp4,REAL
D:\major project\dataset\face only\Celeb_real_face_only\shortened\id6_0003.mp4,REAL
D:\major project\dataset\face only\Celeb_real_face_only\shortened\id6_0004.mp4,REAL
D:\major project\dataset\face only\Celeb_real_face_only\shortened\id6_0005.mp4,REAL
D:\major project\dataset\face only\Celeb_real_face_only\shortened\id6_0006.mp4,REAL
D:\major project\dataset\face only\Celeb_real_face_only\shortened\id6_0007.mp4,REAL
D:\major project\dataset\face only\Celeb_real_face_only\shortened\id6_0008.mp4,REAL
D:\major project\dataset\face only\Celeb_real_face_only\shortened\id6_0009.mp4,REAL
D:\major project\dataset\face only\Celeb_fake_face_only\shortened\id6_id1_0001.mp4,FAKE
D:\major project\dataset\face only\Celeb_fake_face_only\shortened\id6_id2_0002.mp4,FAKE
D:\major project\dataset\face only\Celeb_fake_face_only\shortened\id6_id23_0000.mp4,FAKE
D:\major project\dataset\face only\Celeb_fake_face_only\shortened\id6_id26_0005.mp4,FAKE
D:\major project\dataset\face only\Celeb_fake_face_only\shortened\id6_id28_0004.mp4,FAKE
D:\major project\dataset\face only\Celeb_fake_face_only\shortened\id6_id3_0000.mp4,FAKE
D:\major project\dataset\face only\Celeb_fake_face_only\shortened\id6_id30_0001.mp4,FAKE
D:\major project\dataset\face only\Celeb_fake_face_only\shortened\id6_id37_0004.mp4,FAKE
D:\major project\dataset\face only\Celeb_fake_face_only\shortened\id6_id37_0009.mp4,FAKE
D:\major project\dataset\face only\Celeb_fake_face_only\shortened\id6_id9_0001.mp4,FAKE
D:\major project\dataset\face only\Celeb_real_face_only\shortened\id60_0000.mp4,REAL
D:\major project\dataset\face only\Celeb_real_face_only\shortened\id60_0001.mp4,REAL
D:\major project\dataset\face only\Celeb_real_face_only\shortened\id60_0002.mp4,REAL
D:\major project\dataset\face only\Celeb_real_face_only\shortened\id60_0003.mp4,REAL
D:\major project\dataset\face only\Celeb_real_face_only\shortened\id60_0004.mp4,REAL
D:\major project\dataset\face only\Celeb_real_face_only\shortened\id60_0005.mp4,REAL
D:\major project\dataset\face only\Celeb_real_face_only\shortened\id60_0006.mp4,REAL
D:\major project\dataset\face only\Celeb_real_face_only\shortened\id60_0007.mp4,REAL
D:\major project\dataset\face only\Celeb_real_face_only\shortened\id60_0008.mp4,REAL
D:\major project\dataset\face only\Celeb_real_face_only\shortened\id60_0009.mp4,REAL
D:\major project\dataset\face only\Celeb_fake_face_only\shortened\id60_id5_0000.mp4,FAKE
D:\major project\dataset\face only\Celeb_fake_face_only\shortened\id60_id5_0004.mp4,FAKE
D:\major project\dataset\face only\Celeb_fake_face_only\shortened\id60_id5_0006.mp4,FAKE
D:\major project\dataset\face only\Celeb_fake_face_only\shortened\id60_id5_0008.mp4,FAKE
D:\major project\dataset\face only\Celeb_fake_face_only\shortened\id60_id59_0004.mp4,FAKE
D:\major project\dataset\face only\Celeb_fake_face_only\shortened\id60_id61_0000.mp4,FAKE
D:\major project\dataset\face only\Celeb_fake_face_only\shortened\id60_id61_0003.mp4,FAKE
D:\major project\dataset\face only\Celeb_fake_face_only\shortened\id60_id61_0005.mp4,FAKE
D:\major project\dataset\face only\Celeb_fake_face_only\shortened\id60_id61_0006.mp4,FAKE
D:\major project\dataset\face only\Celeb_fake_face_only\shortened\id60_id61_0008.mp4,FAKE
D:\major project\dataset\face only\Celeb_real_face_only\shortened\id61_0000.mp4,REAL
D:\major project\dataset\face only\Celeb_real_face_only\shortened\id61_0001.mp4,REAL
D:\major project\dataset\face only\Celeb_real_face_only\shortened\id61_0002.mp4,REAL
D:\major project\dataset\face only\Celeb_real_face_only\shortened\id61_0003.mp4,REAL
D:\major project\dataset\face only\Celeb_real_face_only\shortened\id61_0004.mp4,REAL
D:\major project\dataset\face only\Celeb_real_face_only\shortened\id61_0005.mp4,REAL
D:\major project\dataset\face only\Celeb_real_face_only\shortened\id61_0006.mp4,REAL
D:\major project\dataset\face only\Celeb_real_face_only\shortened\id61_0007.mp4,REAL
D:\major project\dataset\face only\Celeb_real_face_only\shortened\id61_0008.mp4,REAL
D:\major project\dataset\face only\Celeb_real_face_only\shortened\id61_0009.mp4,REAL
D:\major project\dataset\face only\Celeb_fake_face_only\shortened\id61_id5_0000.mp4,FAKE
D:\major project\dataset\face only\Celeb_fake_face_only\shortened\id61_id5_0005.mp4,FAKE
D:\major project\dataset\face only\Celeb_fake_face_only\shortened\id61_id5_0006.mp4,FAKE
D:\major project\dataset\face only\Celeb_fake_face_only\shortened\id61_id5_0009.mp4,FAKE
D:\major project\dataset\face only\Celeb_fake_face_only\shortened\id61_id59_0006.mp4,FAKE
D:\major project\dataset\face only\Celeb_fake_face_only\shortened\id61_id60_0000.mp4,FAKE
D:\major project\dataset\face only\Celeb_fake_face_only\shortened\id61_id60_0002.mp4,FAKE
D:\major project\dataset\face only\Celeb_fake_face_only\shortened\id61_id60_0005.mp4,FAKE
D:\major project\dataset\face only\Celeb_fake_face_only\shortened\id61_id60_0006.mp4,FAKE
D:\major project\dataset\face only\Celeb_fake_face_only\shortened\id61_id60_0009.mp4,FAKE
D:\major project\dataset\face only\Celeb_real_face_only\shortened\id7_0000.mp4,REAL
D:\major project\dataset\face only\Celeb_real_face_only\shortened\id7_0001.mp4,REAL
D:\major project\dataset\face only\Celeb_real_face_only\shortened\id7_0002.mp4,REAL
D:\major project\dataset\face only\Celeb_real_face_only\shortened\id7_0003.mp4,REAL
D:\major project\dataset\face only\Celeb_real_face_only\shortened\id7_0004.mp4,REAL
D:\major project\dataset\face only\Celeb_real_face_only\shortened\id7_0005.mp4,REAL
D:\major project\dataset\face only\Celeb_real_face_only\shortened\id7_0006.mp4,REAL
D:\major project\dataset\face only\Celeb_real_face_only\shortened\id7_0007.mp4,REAL
D:\major project\dataset\face only\Celeb_real_face_only\shortened\id7_0008.mp4,REAL
D:\major project\dataset\face only\Celeb_real_face_only\shortened\id7_0009.mp4,REAL
D:\major project\dataset\face only\Celeb_fake_face_only\shortened\id7_id10_0001.mp4,FAKE
D:\major project\dataset\face only\Celeb_fake_face_only\shortened\id7_id10_0004.mp4,FAKE
D:\major project\dataset\face only\Celeb_fake_face_only\shortened\id7_id10_0009.mp4,FAKE
D:\major project\dataset\face only\Celeb_fake_face_only\shortened\id7_id11_0000.mp4,FAKE
D:\major project\dataset\face only\Celeb_fake_face_only\shortened\id7_id11_0002.mp4,FAKE
D:\major project\dataset\face only\Celeb_fake_face_only\shortened\id7_id11_0004.mp4,FAKE
D:\major project\dataset\face only\Celeb_fake_face_only\shortened\id7_id12_0002.mp4,FAKE
D:\major project\dataset\face only\Celeb_fake_face_only\shortened\id7_id13_0000.mp4,FAKE
D:\major project\dataset\face only\Celeb_fake_face_only\shortened\id7_id13_0006.mp4,FAKE
D:\major project\dataset\face only\Celeb_fake_face_only\shortened\id7_id13_0007.mp4,FAKE
D:\major project\dataset\face only\Celeb_real_face_only\shortened\id8_0000.mp4,REAL
D:\major project\dataset\face only\Celeb_real_face_only\shortened\id8_0001.mp4,REAL
D:\major project\dataset\face only\Celeb_real_face_only\shortened\id8_0002.mp4,REAL
D:\major project\dataset\face only\Celeb_real_face_only\shortened\id8_0003.mp4,REAL
D:\major project\dataset\face only\Celeb_real_face_only\shortened\id8_0004.mp4,REAL
D:\major project\dataset\face only\Celeb_real_face_only\shortened\id8_0005.mp4,REAL
D:\major project\dataset\face only\Celeb_real_face_only\shortened\id8_0006.mp4,REAL
D:\major project\dataset\face only\Celeb_real_face_only\shortened\id8_0007.mp4,REAL
D:\major project\dataset\face only\Celeb_real_face_only\shortened\id8_0008.mp4,REAL
D:\major project\dataset\face only\Celeb_real_face_only\shortened\id8_0009.mp4,REAL
D:\major project\dataset\face only\Celeb_fake_face_only\shortened\id8_id1_0002.mp4,FAKE
D:\major project\dataset\face only\Celeb_fake_face_only\shortened\id8_id2_0003.mp4,FAKE
D:\major project\dataset\face only\Celeb_fake_face_only\shortened\id8_id2_0008.mp4,FAKE
D:\major project\dataset\face only\Celeb_fake_face_only\shortened\id8_id3_0002.mp4,FAKE
D:\major project\dataset\face only\Celeb_fake_face_only\shortened\id8_id3_0007.mp4,FAKE
D:\major project\dataset\face only\Celeb_fake_face_only\shortened\id8_id4_0007.mp4,FAKE
D:\major project\dataset\face only\Celeb_fake_face_only\shortened\id8_id5_0008.mp4,FAKE
D:\major project\dataset\face only\Celeb_fake_face_only\shortened\id8_id6_0007.mp4,FAKE
D:\major project\dataset\face only\Celeb_fake_face_only\shortened\id8_id9_0003.mp4,FAKE
D:\major project\dataset\face only\Celeb_fake_face_only\shortened\id8_id9_0007.mp4,FAKE
D:\major project\dataset\face only\Celeb_real_face_only\shortened\id9_0000.mp4,REAL
D:\major project\dataset\face only\Celeb_real_face_only\shortened\id9_0001.mp4,REAL
D:\major project\dataset\face only\Celeb_real_face_only\shortened\id9_0002.mp4,REAL
D:\major project\dataset\face only\Celeb_real_face_only\shortened\id9_0003.mp4,REAL
D:\major project\dataset\face only\Celeb_real_face_only\shortened\id9_0004.mp4,REAL
D:\major project\dataset\face only\Celeb_real_face_only\shortened\id9_0005.mp4,REAL
D:\major project\dataset\face only\Celeb_real_face_only\shortened\id9_0006.mp4,REAL
D:\major project\dataset\face only\Celeb_real_face_only\shortened\id9_0007.mp4,REAL
D:\major project\dataset\face only\Celeb_real_face_only\shortened\id9_0008.mp4,REAL
D:\major project\dataset\face only\Celeb_real_face_only\shortened\id9_0009.mp4,REAL
D:\major project\dataset\face only\Celeb_fake_face_only\shortened\id9_id0_0007.mp4,FAKE
D:\major project\dataset\face only\Celeb_fake_face_only\shortened\id9_id16_0009.mp4,FAKE
D:\major project\dataset\face only\Celeb_fake_face_only\shortened\id9_id20_0004.mp4,FAKE
D:\major project\dataset\face only\Celeb_fake_face_only\shortened\id9_id21_0006.mp4,FAKE
D:\major project\dataset\face only\Celeb_fake_face_only\shortened\id9_id26_0000.mp4,FAKE
D:\major project\dataset\face only\Celeb_fake_face_only\shortened\id9_id31_0003.mp4,FAKE
D:\major project\dataset\face only\Celeb_fake_face_only\shortened\id9_id31_0006.mp4,FAKE
D:\major project\dataset\face only\Celeb_fake_face_only\shortened\id9_id35_0005.mp4,FAKE
D:\major project\dataset\face only\Celeb_fake_face_only\shortened\id9_id37_0006.mp4,FAKE
D:\major project\dataset\face only\Celeb_fake_face_only\shortened\id9_id4_0005.mp4,FAKE
D:\major project\dataset\face only\DFDC_FAKE_Face_only_data\shortened\aaqaifqrwn.mp4,FAKE
D:\major project\dataset\face only\DFDC_FAKE_Face_only_data\shortened\abhggqdift.mp4,FAKE
D:\major project\dataset\face only\DFDC_FAKE_Face_only_data\shortened\acagallncj.mp4,FAKE
D:\major project\dataset\face only\DFDC_FAKE_Face_only_data\shortened\acdkfksyev.mp4,FAKE
D:\major project\dataset\face only\DFDC_FAKE_Face_only_data\shortened\achdeirhym.mp4,FAKE
D:\major project\dataset\face only\DFDC_FAKE_Face_only_data\shortened\acryukkddn.mp4,FAKE
D:\major project\dataset\face only\DFDC_FAKE_Face_only_data\shortened\adftmlvzfs.mp4,FAKE
D:\major project\dataset\face only\DFDC_FAKE_Face_only_data\shortened\aegvtnwqoe.mp4,FAKE
D:\major project\dataset\face only\DFDC_FAKE_Face_only_data\shortened\aejvkfbtxs.mp4,FAKE
D:\major project\dataset\face only\DFDC_FAKE_Face_only_data\shortened\agplffthuy.mp4,FAKE
D:\major project\dataset\face only\DFDC_FAKE_Face_only_data\shortened\ahhdprhoww.mp4,FAKE
D:\major project\dataset\face only\DFDC_FAKE_Face_only_data\shortened\aimzesksew.mp4,FAKE
D:\major project\dataset\face only\DFDC_FAKE_Face_only_data\shortened\ajeegjgyzk.mp4,FAKE
D:\major project\dataset\face only\DFDC_FAKE_Face_only_data\shortened\akfjqoantp.mp4,FAKE
D:\major project\dataset\face only\DFDC_FAKE_Face_only_data\shortened\akpuczgfpk.mp4,FAKE
D:\major project\dataset\face only\DFDC_FAKE_Face_only_data\shortened\alidfjtwvg.mp4,FAKE
D:\major project\dataset\face only\DFDC_FAKE_Face_only_data\shortened\alnkzqihau.mp4,FAKE
D:\major project\dataset\face only\DFDC_FAKE_Face_only_data\shortened\ambabjrwbt.mp4,FAKE
D:\major project\dataset\face only\DFDC_FAKE_Face_only_data\shortened\amluexcfvi.mp4,FAKE
D:\major project\dataset\face only\DFDC_FAKE_Face_only_data\shortened\anorupqpeo.mp4,FAKE
D:\major project\dataset\face only\DFDC_REAL_Face_only_data\shortened\aokxvqadsx.mp4,REAL
D:\major project\dataset\face only\DFDC_FAKE_Face_only_data\shortened\aoydktojny.mp4,FAKE
D:\major project\dataset\face only\DFDC_FAKE_Face_only_data\shortened\apmzxocjio.mp4,FAKE
D:\major project\dataset\face only\DFDC_REAL_Face_only_data\shortened\apvzjkvnwn.mp4,REAL
D:\major project\dataset\face only\DFDC_FAKE_Face_only_data\shortened\apzckowxpy.mp4,FAKE
D:\major project\dataset\face only\DFDC_FAKE_Face_only_data\shortened\ardmfelhgw.mp4,FAKE
D:\major project\dataset\face only\DFDC_FAKE_Face_only_data\shortened\arvqhnzltg.mp4,FAKE
D:\major project\dataset\face only\DFDC_FAKE_Face_only_data\shortened\arwyjgnvlp.mp4,FAKE
D:\major project\dataset\face only\DFDC_FAKE_Face_only_data\shortened\asdzplbhnm.mp4,FAKE
D:\major project\dataset\face only\DFDC_FAKE_Face_only_data\shortened\asxhhsants.mp4,FAKE
D:\major project\dataset\face only\DFDC_FAKE_Face_only_data\shortened\atisizneup.mp4,FAKE
D:\major project\dataset\face only\DFDC_FAKE_Face_only_data\shortened\atpngxfnhr.mp4,FAKE
D:\major project\dataset\face only\DFDC_FAKE_Face_only_data\shortened\atrteuctxr.mp4,FAKE
D:\major project\dataset\face only\DFDC_FAKE_Face_only_data\shortened\atuvrbyqor.mp4,FAKE
D:\major project\dataset\face only\DFDC_FAKE_Face_only_data\shortened\atzwrsivnb.mp4,FAKE
D:\major project\dataset\face only\DFDC_FAKE_Face_only_data\shortened\augowetyej.mp4,FAKE
D:\major project\dataset\face only\DFDC_FAKE_Face_only_data\shortened\augwyjvlqa.mp4,FAKE
D:\major project\dataset\face only\DFDC_FAKE_Face_only_data\shortened\auquqlmsts.mp4,FAKE
D:\major project\dataset\face only\DFDC_FAKE_Face_only_data\shortened\avoqheikrk.mp4,FAKE
D:\major project\dataset\face only\DFDC_FAKE_Face_only_data\shortened\avznxuwvbx.mp4,FAKE
D:\major project\dataset\face only\DFDC_FAKE_Face_only_data\shortened\awfjdqqygu.mp4,FAKE
D:\major project\dataset\face only\DFDC_FAKE_Face_only_data\shortened\awigxxbbpb.mp4,FAKE
D:\major project\dataset\face only\DFDC_FAKE_Face_only_data\shortened\axbvoepbdc.mp4,FAKE
D:\major project\dataset\face only\DFDC_FAKE_Face_only_data\shortened\axfhbpkdlc.mp4,FAKE
D:\major project\dataset\face only\DFDC_FAKE_Face_only_data\shortened\axzjovaktp.mp4,FAKE
D:\major project\dataset\face only\DFDC_FAKE_Face_only_data\shortened\aylqthgnhe.mp4,FAKE
D:\major project\dataset\face only\DFDC_FAKE_Face_only_data\shortened\aymlynzeni.mp4,FAKE
D:\major project\dataset\face only\DFDC_FAKE_Face_only_data\shortened\bbnesewcot.mp4,FAKE
D:\major project\dataset\face only\DFDC_FAKE_Face_only_data\shortened\bbxqtnztyy.mp4,FAKE
D:\major project\dataset\face only\DFDC_FAKE_Face_only_data\shortened\bdnoxibdvz.mp4,FAKE
D:\major project\dataset\face only\DFDC_FAKE_Face_only_data\shortened\bemkbovwsz.mp4,FAKE
D:\major project\dataset\face only\DFDC_FAKE_Face_only_data\shortened\bfktkdugru.mp4,FAKE
D:\major project\dataset\face only\DFDC_FAKE_Face_only_data\shortened\bhbbqmdjkv.mp4,FAKE
D:\major project\dataset\face only\DFDC_FAKE_Face_only_data\shortened\bhvnfaylpk.mp4,FAKE
D:\major project\dataset\face only\DFDC_FAKE_Face_only_data\shortened\biatmogsbv.mp4,FAKE
D:\major project\dataset\face only\DFDC_FAKE_Face_only_data\shortened\bihlajjbnl.mp4,FAKE
D:\major project\dataset\face only\DFDC_FAKE_Face_only_data\shortened\birmbtezni.mp4,FAKE
D:\major project\dataset\face only\DFDC_FAKE_Face_only_data\shortened\bjuhnomrsu.mp4,FAKE
D:\major project\dataset\face only\DFDC_FAKE_Face_only_data\shortened\bjxasekfcx.mp4,FAKE
D:\major project\dataset\face only\DFDC_FAKE_Face_only_data\shortened\bkxxbtsvkz.mp4,FAKE
D:\major project\dataset\face only\DFDC_REAL_Face_only_data\shortened\blkbkvcffn.mp4,REAL
D:\major project\dataset\face only\DFDC_FAKE_Face_only_data\shortened\bmfkkzheii.mp4,FAKE
D:\major project\dataset\face only\DFDC_FAKE_Face_only_data\shortened\bnitzihcqs.mp4,FAKE
D:\major project\dataset\face only\DFDC_FAKE_Face_only_data\shortened\bobihhgccf.mp4,FAKE
D:\major project\dataset\face only\DFDC_FAKE_Face_only_data\shortened\bqamrsyvnf.mp4,FAKE
D:\major project\dataset\face only\DFDC_FAKE_Face_only_data\shortened\bqvhlqlrba.mp4,FAKE
D:\major project\dataset\face only\DFDC_FAKE_Face_only_data\shortened\brihlutndc.mp4,FAKE
D:\major project\dataset\face only\DFDC_FAKE_Face_only_data\shortened\brpkkgdggv.mp4,FAKE
D:\major project\dataset\face only\DFDC_FAKE_Face_only_data\shortened\brtujopkby.mp4,FAKE
D:\major project\dataset\face only\DFDC_FAKE_Face_only_data\shortened\btyxvpjgcc.mp4,FAKE
D:\major project\dataset\face only\DFDC_FAKE_Face_only_data\shortened\buzdtxdyid.mp4,FAKE
D:\major project\dataset\face only\DFDC_FAKE_Face_only_data\shortened\bwlxucgxro.mp4,FAKE
D:\major project\dataset\face only\DFDC_FAKE_Face_only_data\shortened\bwsytelwkm.mp4,FAKE
D:\major project\dataset\face only\DFDC_FAKE_Face_only_data\shortened\bxdhnnffvw.mp4,FAKE
D:\major project\dataset\face only\DFDC_FAKE_Face_only_data\shortened\bxgbpdjgjv.mp4,FAKE
D:\major project\dataset\face only\DFDC_FAKE_Face_only_data\shortened\bxooifrfzo.mp4,FAKE
D:\major project\dataset\face only\DFDC_FAKE_Face_only_data\shortened\bytfrsxnwi.mp4,FAKE
D:\major project\dataset\face only\DFDC_FAKE_Face_only_data\shortened\bzqzktvzdn.mp4,FAKE
D:\major project\dataset\face only\DFDC_FAKE_Face_only_data\shortened\bztdemptfg.mp4,FAKE
D:\major project\dataset\face only\DFDC_FAKE_Face_only_data\shortened\bzxauvpscl.mp4,FAKE
D:\major project\dataset\face only\DFDC_FAKE_Face_only_data\shortened\calhtslbzf.mp4,FAKE
D:\major project\dataset\face only\DFDC_FAKE_Face_only_data\shortened\cbybbxuusl.mp4,FAKE
D:\major project\dataset\face only\DFDC_FAKE_Face_only_data\shortened\ccrrlidqnp.mp4,FAKE
D:\major project\dataset\face only\DFDC_FAKE_Face_only_data\shortened\cctrhqvein.mp4,FAKE
D:\major project\dataset\face only\DFDC_FAKE_Face_only_data\shortened\cdcdoqbdmi.mp4,FAKE
D:\major project\dataset\face only\DFDC_FAKE_Face_only_data\shortened\cdyotmvujc.mp4,FAKE
D:\major project\dataset\face only\DFDC_FAKE_Face_only_data\shortened\cemftmsxis.mp4,FAKE
D:\major project\dataset\face only\DFDC_REAL_Face_only_data\shortened\chqqxfuuzi.mp4,REAL
D:\major project\dataset\face only\DFDC_FAKE_Face_only_data\shortened\cmxooumvba.mp4,FAKE
D:\major project\dataset\face only\DFDC_REAL_Face_only_data\shortened\comqkwjrft.mp4,REAL
D:\major project\dataset\face only\DFDC_REAL_Face_only_data\shortened\ddtbarpcgo.mp4,REAL
D:\major project\dataset\face only\DFDC_REAL_Face_only_data\shortened\dhjnjkzuhq.mp4,REAL
D:\major project\dataset\face only\DFDC_REAL_Face_only_data\shortened\didzujjhtg.mp4,REAL
D:\major project\dataset\face only\DFDC_REAL_Face_only_data\shortened\djjgzhluss.mp4,REAL
D:\major project\dataset\face only\DFDC_REAL_Face_only_data\shortened\doniqevxeg.mp4,REAL
D:\major project\dataset\face only\DFDC_REAL_Face_only_data\shortened\dpevefkefv.mp4,REAL
D:\major project\dataset\face only\DFDC_REAL_Face_only_data\shortened\dxfdovivlw.mp4,REAL
D:\major project\dataset\face only\DFDC_REAL_Face_only_data\shortened\eiwtggvtfp.mp4,REAL
D:\major project\dataset\face only\DFDC_REAL_Face_only_data\shortened\exseruhiuk.mp4,REAL
D:\major project\dataset\face only\DFDC_REAL_Face_only_data\shortened\exxqlfpnbz.mp4,REAL
D:\major project\dataset\face only\DFDC_REAL_Face_only_data\shortened\fdpisghkmd.mp4,REAL
D:\major project\dataset\face only\DFDC_REAL_Face_only_data\shortened\fmhiujydwo.mp4,REAL
D:\major project\dataset\face only\DFDC_REAL_Face_only_data\shortened\fneqiqpqvs.mp4,REAL
D:\major project\dataset\face only\DFDC_REAL_Face_only_data\shortened\fnslimfagb.mp4,REAL
D:\major project\dataset\face only\DFDC_REAL_Face_only_data\shortened\fopjiyxiqd.mp4,REAL
D:\major project\dataset\face only\DFDC_REAL_Face_only_data\shortened\fsaronfupy.mp4,REAL
D:\major project\dataset\face only\DFDC_REAL_Face_only_data\shortened\fufcmupzen.mp4,REAL
D:\major project\dataset\face only\DFDC_REAL_Face_only_data\shortened\gsshxchgqv.mp4,REAL
D:\major project\dataset\face only\DFDC_REAL_Face_only_data\shortened\gvasarkpfh.mp4,REAL
D:\major project\dataset\face only\DFDC_REAL_Face_only_data\shortened\hicjuubiau.mp4,REAL
D:\major project\dataset\face only\DFDC_REAL_Face_only_data\shortened\hivnldfvyl.mp4,REAL
D:\major project\dataset\face only\DFDC_REAL_Face_only_data\shortened\hntguogkqd.mp4,REAL
D:\major project\dataset\face only\DFDC_REAL_Face_only_data\shortened\hplxtssgnz.mp4,REAL
D:\major project\dataset\face only\DFDC_REAL_Face_only_data\shortened\hsbwhlolsn.mp4,REAL
D:\major project\dataset\face only\DFDC_REAL_Face_only_data\shortened\jawgcggquk.mp4,REAL
D:\major project\dataset\face only\DFDC_REAL_Face_only_data\shortened\jytrvwlewz.mp4,REAL
D:\major project\dataset\face only\DFDC_REAL_Face_only_data\shortened\jzupayeuln.mp4,REAL
D:\major project\dataset\face only\DFDC_REAL_Face_only_data\shortened\kqlvggiqee.mp4,REAL
D:\major project\dataset\face only\DFDC_REAL_Face_only_data\shortened\kvmpmhdxly.mp4,REAL
D:\major project\dataset\face only\DFDC_REAL_Face_only_data\shortened\kwfdyqofzw.mp4,REAL
D:\major project\dataset\face only\DFDC_REAL_Face_only_data\shortened\ldtgofdaqg.mp4,REAL
D:\major project\dataset\face only\DFDC_REAL_Face_only_data\shortened\ljuuovfkgi.mp4,REAL
D:\major project\dataset\face only\DFDC_REAL_Face_only_data\shortened\lnhkjhyhvw.mp4,REAL
D:\major project\dataset\face only\DFDC_REAL_Face_only_data\shortened\lnjkpdviqb.mp4,REAL
D:\major project\dataset\face only\DFDC_REAL_Face_only_data\shortened\lokzwdldxp.mp4,REAL
D:\major project\dataset\face only\DFDC_REAL_Face_only_data\shortened\lsmnqsnqld.mp4,REAL
D:\major project\dataset\face only\DFDC_REAL_Face_only_data\shortened\lujvyveojc.mp4,REAL
D:\major project\dataset\face only\DFDC_REAL_Face_only_data\shortened\lzbmwwejxb.mp4,REAL
D:\major project\dataset\face only\DFDC_REAL_Face_only_data\shortened\nfimdsszyf.mp4,REAL
D:\major project\dataset\face only\DFDC_REAL_Face_only_data\shortened\ngvcqxjhyb.mp4,REAL
D:\major project\dataset\face only\DFDC_REAL_Face_only_data\shortened\nhsijqpoda.mp4,REAL
D:\major project\dataset\face only\DFDC_REAL_Face_only_data\shortened\nrnklcxdzq.mp4,REAL
D:\major project\dataset\face only\DFDC_REAL_Face_only_data\shortened\nweufafotd.mp4,REAL
D:\major project\dataset\face only\DFDC_REAL_Face_only_data\shortened\objgwnmscm.mp4,REAL
D:\major project\dataset\face only\DFDC_REAL_Face_only_data\shortened\onbgbghesu.mp4,REAL
D:\major project\dataset\face only\DFDC_REAL_Face_only_data\shortened\ooafcxxfrs.mp4,REAL
D:\major project\dataset\face only\DFDC_REAL_Face_only_data\shortened\orblnqzpra.mp4,REAL
D:\major project\dataset\face only\DFDC_REAL_Face_only_data\shortened\pqdeutauqc.mp4,REAL
D:\major project\dataset\face only\DFDC_REAL_Face_only_data\shortened\prdrkaxeob.mp4,REAL
D:\major project\dataset\face only\DFDC_REAL_Face_only_data\shortened\psjfwjzrrh.mp4,REAL
D:\major project\dataset\face only\DFDC_REAL_Face_only_data\shortened\qarqtkvgby.mp4,REAL
D:\major project\dataset\face only\DFDC_REAL_Face_only_data\shortened\qyefejorlb.mp4,REAL
D:\major project\dataset\face only\DFDC_REAL_Face_only_data\shortened\rktrpsdlci.mp4,REAL
D:\major project\dataset\face only\DFDC_REAL_Face_only_data\shortened\rmufsuogzn.mp4,REAL
D:\major project\dataset\face only\DFDC_REAL_Face_only_data\shortened\rmuxlgsedw.mp4,REAL
D:\major project\dataset\face only\DFDC_REAL_Face_only_data\shortened\rnpefxwptv.mp4,REAL
D:\major project\dataset\face only\DFDC_REAL_Face_only_data\shortened\srfefmyjvt.mp4,REAL
D:\major project\dataset\face only\DFDC_REAL_Face_only_data\shortened\uonwfowmfa.mp4,REAL
D:\major project\dataset\face only\DFDC_REAL_Face_only_data\shortened\upmgtackuf.mp4,REAL
D:\major project\dataset\face only\DFDC_REAL_Face_only_data\shortened\uprwuohbwx.mp4,REAL
D:\major project\dataset\face only\DFDC_REAL_Face_only_data\shortened\uqtqhiqymz.mp4,REAL
D:\major project\dataset\face only\DFDC_REAL_Face_only_data\shortened\vmxfwxgdei.mp4,REAL
D:\major project\dataset\face only\DFDC_REAL_Face_only_data\shortened\vokrpfjpeb.mp4,REAL
D:\major project\dataset\face only\DFDC_REAL_Face_only_data\shortened\vpmyeepbep.mp4,REAL
D:\major project\dataset\face only\DFDC_REAL_Face_only_data\shortened\vtunvalyji.mp4,REAL
D:\major project\dataset\face only\DFDC_REAL_Face_only_data\shortened\wclvkepakb.mp4,REAL
D:\major project\dataset\face only\DFDC_REAL_Face_only_data\shortened\wcqvzujamg.mp4,REAL
D:\major project\dataset\face only\DFDC_REAL_Face_only_data\shortened\wfihvsniyz.mp4,REAL
D:\major project\dataset\face only\DFDC_REAL_Face_only_data\shortened\wfzjxzhdkj.mp4,REAL
D:\major project\dataset\face only\DFDC_REAL_Face_only_data\shortened\wynotylpnm.mp4,REAL
D:\major project\dataset\face only\DFDC_REAL_Face_only_data\shortened\xchzardbfa.mp4,REAL
D:\major project\dataset\face only\DFDC_REAL_Face_only_data\shortened\xcruhaccxc.mp4,REAL
D:\major project\dataset\face only\DFDC_REAL_Face_only_data\shortened\xjzkfqddyk.mp4,REAL
D:\major project\dataset\face only\DFDC_REAL_Face_only_data\shortened\xkfliqnmwt.mp4,REAL
D:\major project\dataset\face only\DFDC_REAL_Face_only_data\shortened\xmkwsnuzyq.mp4,REAL
D:\major project\dataset\face only\DFDC_REAL_Face_only_data\shortened\xugmhbetrw.mp4,REAL
D:\major project\dataset\face only\DFDC_REAL_Face_only_data\shortened\ybnucgidtu.mp4,REAL
D:\major project\dataset\face only\DFDC_REAL_Face_only_data\shortened\yexeazbqig.mp4,REAL
D:\major project\dataset\face only\DFDC_REAL_Face_only_data\shortened\yhylappzid.mp4,REAL
D:\major project\dataset\face only\DFDC_REAL_Face_only_data\shortened\yljecirelf.mp4,REAL
